{"type":"FeatureCollection","name":"pune_water_bodies","description":"Pune-district water bodies for the P1 pilot. Outlines from OpenStreetMap (ODbL, (c) OpenStreetMap contributors), fetched 2026-09-21 via Overpass and simplified to ~10 m.","features":[{"type":"Feature","properties":{"id":"wb_khadakwasla","name":"Khadakwasla Reservoir","district":"Pune","kind":"reservoir","tier":1,"drinking_water":true,"urban":false,"source":"osm","osm_id":"way/22824920","osm_name":"Khadakwasla Reservoir"},"geometry":{"type":"MultiPolygon","coordinates":[[[[73.693442,18.389475],[73.692443,18.391828],[73.691448,18.392679],[73.690155,18.393214],[73.689543,18.392449],[73.690069,18.390477],[73.690001,18.390073],[73.689814,18.389965],[73.688856,18.391066],[73.686171,18.392296],[73.684824,18.39152],[73.684976,18.39104],[73.684703,18.390568],[73.684102,18.390249],[73.684246,18.390857],[73.684158,18.392014],[73.683749,18.39241],[73.682979,18.392502],[73.68131,18.392311],[73.679911,18.391787],[73.679217,18.390766],[73.678848,18.390553],[73.677465,18.391927],[73.676194,18.392186],[73.673906,18.39175],[73.674801,18.393183],[73.675811,18.393107],[73.676639,18.393355],[73.676809,18.393807],[73.675357,18.394927],[73.672296,18.396367],[73.674235,18.400392],[73.674766,18.399095],[73.675006,18.398034],[73.67564,18.396891],[73.677292,18.396738],[73.677424,18.396536],[73.677935,18.396578],[73.678013,18.396909],[73.678896,18.396793],[73.67941,18.397333],[73.680056,18.397565],[73.682382,18.396824],[73.683682,18.396737],[73.683739,18.396555],[73.684253,18.396514],[73.684234,18.396016],[73.684655,18.395661],[73.685108,18.395867],[73.685591,18.395839],[73.685794,18.395982],[73.685829,18.396319],[73.686141,18.396513],[73.686668,18.39633],[73.687335,18.396426],[73.689359,18.396268],[73.691781,18.394792],[73.693049,18.394366],[73.694123,18.394518],[73.69499,18.396801],[73.694428,18.398993],[73.694925,18.400043],[73.6973,18.401702],[73.698808,18.402311],[73.70139,18.402631],[73.702064,18.402189],[73.703604,18.402022],[73.704663,18.402859],[73.705458,18.40316],[73.706876,18.401626],[73.707646,18.401185],[73.709251,18.401322],[73.709772,18.401109],[73.711031,18.401672],[73.711577,18.401193],[73.713293,18.401885],[73.714368,18.402707],[73.714913,18.403909],[73.714822,18.406983],[73.71606,18.409035],[73.718627,18.411425],[73.720728,18.410299],[73.724805,18.41128],[73.727513,18.411436],[73.728636,18.41255],[73.728691,18.413135],[73.730567,18.414208],[73.731542,18.414423],[73.732041,18.414294],[73.732246,18.41466],[73.733028,18.414649],[73.733391,18.414843],[73.73344,18.415203],[73.734866,18.414896],[73.735127,18.415445],[73.735649,18.415036],[73.736613,18.415262],[73.73743,18.414961],[73.738042,18.415951],[73.737872,18.416468],[73.738677,18.417124],[73.738711,18.417695],[73.73934,18.41902],[73.739789,18.422086],[73.740333,18.423108],[73.741524,18.423323],[73.742103,18.423657],[73.742523,18.424787],[73.742239,18.425648],[73.740458,18.426799],[73.742352,18.426433],[73.742942,18.426692],[73.742613,18.428478],[73.742829,18.42922],[73.742602,18.429791],[73.74309,18.43063],[73.743759,18.430931],[73.744451,18.430716],[73.745574,18.431297],[73.746073,18.432008],[73.749589,18.434396],[73.750367,18.435318],[73.750313,18.435777],[73.749904,18.436408],[73.749062,18.437268],[73.749335,18.437595],[73.749656,18.437755],[73.750246,18.437537],[73.750131,18.436988],[73.750497,18.436759],[73.750575,18.436925],[73.750879,18.436634],[73.751018,18.436681],[73.751191,18.437505],[73.751816,18.437691],[73.753533,18.437411],[73.755311,18.436118],[73.755777,18.435962],[73.757059,18.435886],[73.758222,18.436305],[73.759022,18.436725],[73.75968,18.437457],[73.760133,18.438301],[73.760271,18.438764],[73.760109,18.439218],[73.760587,18.440937],[73.76064,18.441633],[73.760465,18.442106],[73.762602,18.443108],[73.768405,18.441724],[73.771798,18.439763],[73.772666,18.43897],[73.771718,18.437523],[73.770746,18.433751],[73.769469,18.432453],[73.768522,18.431892],[73.768416,18.431351],[73.766971,18.428678],[73.766715,18.428632],[73.766562,18.42743],[73.766225,18.426591],[73.763433,18.426212],[73.76278,18.426325],[73.762725,18.426646],[73.761819,18.426958],[73.761201,18.42696],[73.759884,18.427817],[73.75953,18.427807],[73.759235,18.428125],[73.758428,18.428477],[73.758082,18.428314],[73.757878,18.428446],[73.756872,18.428377],[73.756256,18.429295],[73.755115,18.429987],[73.75489,18.429729],[73.754002,18.429779],[73.753358,18.429365],[73.753396,18.429123],[73.753254,18.428988],[73.752457,18.428779],[73.752037,18.428879],[73.7508,18.42808],[73.750208,18.427184],[73.749979,18.426311],[73.750231,18.426013],[73.750352,18.425436],[73.750651,18.425147],[73.748749,18.42424],[73.748713,18.423023],[73.749091,18.422743],[73.749743,18.421585],[73.751435,18.420624],[73.751873,18.420178],[73.752444,18.420117],[73.752988,18.420395],[73.753302,18.420298],[73.752036,18.41999],[73.750419,18.420825],[73.749619,18.420972],[73.748949,18.420893],[73.748712,18.421168],[73.748191,18.421025],[73.747296,18.418586],[73.747664,18.416901],[73.747071,18.416689],[73.746433,18.416091],[73.746717,18.414928],[73.746133,18.414284],[73.745812,18.414259],[73.745693,18.414058],[73.746087,18.413272],[73.746304,18.413162],[73.746189,18.412735],[73.745862,18.412531],[73.746229,18.411407],[73.74706,18.410964],[73.746337,18.41092],[73.745422,18.411223],[73.74505,18.410776],[73.745018,18.410438],[73.744782,18.410274],[73.744461,18.410316],[73.744356,18.410552],[73.743083,18.410037],[73.743058,18.409304],[73.742906,18.409182],[73.742992,18.408803],[73.74161,18.408719],[73.740717,18.407999],[73.739675,18.407493],[73.738944,18.406237],[73.738336,18.406279],[73.737735,18.405991],[73.737177,18.406298],[73.736927,18.406143],[73.736627,18.406285],[73.73647,18.406001],[73.736018,18.40605],[73.735696,18.405867],[73.73572,18.405497],[73.735473,18.405479],[73.735503,18.405293],[73.734299,18.405504],[73.734154,18.40595],[73.734049,18.405522],[73.733674,18.405428],[73.733792,18.405213],[73.733499,18.40472],[73.733094,18.404537],[73.733153,18.404698],[73.732982,18.404789],[73.732944,18.404542],[73.732247,18.404227],[73.731969,18.404248],[73.73152,18.405065],[73.731304,18.406249],[73.730816,18.406615],[73.729625,18.406831],[73.728446,18.406562],[73.727878,18.405948],[73.727391,18.40499],[73.726608,18.404355],[73.726653,18.403677],[73.726052,18.403763],[73.72481,18.403294],[73.724646,18.403816],[73.725303,18.404635],[73.725201,18.405141],[73.724748,18.405345],[73.721696,18.404678],[73.720732,18.403656],[73.719779,18.402278],[73.719031,18.401094],[73.71902,18.400448],[73.718475,18.400211],[73.717341,18.399264],[73.716581,18.398317],[73.716388,18.397714],[73.715322,18.397897],[73.714925,18.397564],[73.714936,18.39695],[73.714698,18.396466],[73.715072,18.395637],[73.713166,18.396197],[73.71168,18.396111],[73.711077,18.394384],[73.710807,18.394905],[73.711023,18.395249],[73.710852,18.395379],[73.710263,18.395066],[73.710195,18.3954],[73.709253,18.395551],[73.708312,18.396014],[73.707178,18.395853],[73.707064,18.396078],[73.705033,18.395712],[73.704307,18.395863],[73.704081,18.395712],[73.703139,18.396444],[73.702708,18.396487],[73.701239,18.395608],[73.700607,18.395043],[73.699869,18.395234],[73.699311,18.395758],[73.698817,18.395672],[73.698337,18.395865],[73.69776,18.395012],[73.697768,18.394579],[73.697383,18.394015],[73.696925,18.393764],[73.696082,18.392735],[73.69607,18.391695],[73.696543,18.39113],[73.695365,18.391078],[73.694827,18.390759],[73.694276,18.389886],[73.693442,18.389475]]]]}},{"type":"Feature","properties":{"id":"wb_panshet","name":"Panshet Reservoir","district":"Pune","kind":"reservoir","tier":1,"drinking_water":true,"urban":false,"source":"osm","osm_id":"way/207470488","osm_name":"Panshet"},"geometry":{"type":"MultiPolygon","coordinates":[[[[73.610231,18.380237],[73.608616,18.379409],[73.607559,18.379488],[73.606636,18.379839],[73.60568,18.381224],[73.604958,18.381383],[73.60469,18.38159],[73.604019,18.381574],[73.604287,18.380619],[73.6037,18.379775],[73.604136,18.378851],[73.6038,18.378429],[73.60323,18.378166],[73.60276,18.377306],[73.602458,18.377131],[73.602273,18.377386],[73.601938,18.378023],[73.60172,18.378978],[73.600881,18.376749],[73.600427,18.376208],[73.59932,18.376447],[73.59937,18.376112],[73.598968,18.375762],[73.597172,18.37616],[73.597994,18.375427],[73.598028,18.374774],[73.598699,18.374583],[73.598934,18.374344],[73.599052,18.37366],[73.598968,18.372354],[73.597826,18.371685],[73.59682,18.371733],[73.596283,18.372179],[73.59593,18.372258],[73.595377,18.37143],[73.594689,18.371526],[73.593279,18.37315],[73.593229,18.372147],[73.592608,18.372051],[73.592272,18.37221],[73.592641,18.371207],[73.592927,18.370889],[73.59296,18.370538],[73.59239,18.370156],[73.591399,18.370299],[73.590527,18.370952],[73.590258,18.371526],[73.590024,18.370905],[73.589319,18.370873],[73.589369,18.370554],[73.58905,18.369599],[73.588513,18.369232],[73.587775,18.369312],[73.586818,18.369121],[73.586097,18.369853],[73.585677,18.370538],[73.585207,18.370013],[73.584922,18.369296],[73.584603,18.369137],[73.583915,18.369439],[73.583496,18.370076],[73.583328,18.369439],[73.58264,18.369392],[73.582741,18.369073],[73.583748,18.368691],[73.583798,18.368372],[73.583764,18.367719],[73.582976,18.367035],[73.5816,18.367098],[73.580693,18.367688],[73.580039,18.367815],[73.579183,18.368245],[73.580492,18.366939],[73.580274,18.366684],[73.579049,18.366907],[73.579049,18.366589],[73.579938,18.365808],[73.580542,18.364948],[73.579955,18.364566],[73.579552,18.364614],[73.579653,18.363945],[73.580358,18.363021],[73.58061,18.36232],[73.580408,18.362034],[73.579653,18.36205],[73.579351,18.361859],[73.579871,18.361222],[73.578948,18.360839],[73.578243,18.360903],[73.57722,18.361747],[73.576985,18.361508],[73.576767,18.360569],[73.57576,18.360457],[73.575089,18.360601],[73.574401,18.36154],[73.574032,18.362575],[73.57336,18.362687],[73.572655,18.363642],[73.572051,18.364072],[73.571498,18.363149],[73.571531,18.362814],[73.572538,18.361174],[73.572538,18.360839],[73.571867,18.360059],[73.571682,18.359071],[73.570474,18.358434],[73.569753,18.358355],[73.567068,18.359135],[73.567806,18.357543],[73.56789,18.35689],[73.567705,18.356237],[73.566665,18.355201],[73.565994,18.355106],[73.565373,18.355488],[73.565037,18.355488],[73.564416,18.354644],[73.56403,18.354532],[73.562654,18.354708],[73.562033,18.355138],[73.561849,18.355424],[73.561882,18.355743],[73.561547,18.355743],[73.559701,18.35681],[73.559298,18.35689],[73.55955,18.355791],[73.560003,18.355169],[73.560187,18.354437],[73.56002,18.353816],[73.559701,18.353688],[73.558342,18.354023],[73.557066,18.354739],[73.556781,18.354596],[73.556764,18.354262],[73.556496,18.35407],[73.555371,18.355695],[73.554683,18.355488],[73.554063,18.355679],[73.55324,18.356985],[73.553039,18.357877],[73.552552,18.357399],[73.551797,18.357224],[73.550824,18.355679],[73.550102,18.354883],[73.548676,18.354899],[73.548038,18.355281],[73.547686,18.355122],[73.547401,18.354867],[73.547233,18.353816],[73.546645,18.35337],[73.546109,18.352096],[73.546662,18.350678],[73.546511,18.349643],[73.547115,18.349229],[73.54777,18.348225],[73.548861,18.347954],[73.548743,18.347317],[73.548475,18.347142],[73.54735,18.347031],[73.545588,18.347445],[73.544246,18.347429],[73.543692,18.347779],[73.542096,18.348047],[73.541106,18.349066],[73.540083,18.349114],[73.540217,18.348429],[73.540653,18.347935],[73.540804,18.34725],[73.540737,18.346597],[73.540452,18.346422],[73.539781,18.34639],[73.539714,18.345419],[73.538791,18.344909],[73.538539,18.344686],[73.538505,18.344367],[73.538203,18.344192],[73.537952,18.344399],[73.537297,18.344511],[73.53676,18.345307],[73.536575,18.344702],[73.536273,18.344527],[73.535971,18.34467],[73.53624,18.344017],[73.535317,18.343603],[73.535149,18.342631],[73.534579,18.343013],[73.534478,18.343396],[73.534662,18.343666],[73.533857,18.344383],[73.533253,18.34467],[73.533052,18.344399],[73.533689,18.343571],[73.533605,18.343236],[73.533287,18.343157],[73.533152,18.342838],[73.532917,18.341532],[73.532615,18.341421],[73.531944,18.341596],[73.53139,18.34209],[73.531071,18.342105],[73.531055,18.341787],[73.530702,18.341198],[73.53035,18.341277],[73.529779,18.341803],[73.529578,18.341548],[73.529242,18.341564],[73.528957,18.341373],[73.528252,18.341628],[73.527967,18.341484],[73.527816,18.340481],[73.527279,18.340911],[73.526927,18.341835],[73.526222,18.34252],[73.526071,18.343157],[73.525668,18.343698],[73.525316,18.343858],[73.526423,18.341516],[73.526591,18.340847],[73.526474,18.340529],[73.526155,18.340592],[73.525249,18.341198],[73.525383,18.34056],[73.525937,18.340114],[73.525853,18.33978],[73.525299,18.339382],[73.525987,18.339079],[73.526004,18.338745],[73.526356,18.33849],[73.526289,18.338139],[73.525685,18.337805],[73.525937,18.33755],[73.526658,18.337423],[73.527816,18.336116],[73.527934,18.335718],[73.526843,18.336037],[73.526574,18.33583],[73.527162,18.3354],[73.526943,18.335145],[73.526574,18.335081],[73.525987,18.335543],[73.525299,18.335623],[73.52446,18.336323],[73.524141,18.336196],[73.523722,18.335702],[73.523369,18.335702],[73.523101,18.335909],[73.522832,18.336881],[73.522161,18.336785],[73.521607,18.337184],[73.520953,18.337247],[73.520785,18.338538],[73.520349,18.339015],[73.519996,18.339063],[73.518939,18.338203],[73.518167,18.338856],[73.51815,18.338522],[73.517848,18.338378],[73.517496,18.337821],[73.516858,18.337869],[73.516539,18.337709],[73.516724,18.337056],[73.51659,18.336722],[73.515549,18.336371],[73.515298,18.336132],[73.515214,18.335718],[73.514308,18.335129],[73.513955,18.335113],[73.513737,18.335352],[73.513385,18.335415],[73.512378,18.33524],[73.512227,18.335973],[73.511791,18.336499],[73.511472,18.336626],[73.511237,18.336005],[73.510935,18.335893],[73.510482,18.3354],[73.509794,18.335304],[73.509374,18.334699],[73.508652,18.334587],[73.508116,18.333361],[73.507595,18.333791],[73.506924,18.333982],[73.506454,18.334476],[73.505481,18.334731],[73.505364,18.335686],[73.504826,18.336037],[73.504189,18.337215],[73.504138,18.338203],[73.503518,18.336881],[73.502477,18.336626],[73.501856,18.336228],[73.500799,18.335989],[73.500497,18.335607],[73.497946,18.334444],[73.496554,18.334444],[73.495899,18.334651],[73.495295,18.335193],[73.495228,18.335511],[73.493751,18.335177],[73.493533,18.334348],[73.492644,18.33395],[73.491234,18.334042],[73.488416,18.33479],[73.48793,18.334739],[73.484264,18.333462],[73.482911,18.332739],[73.482189,18.332612],[73.481418,18.332628],[73.479233,18.33352],[73.478451,18.333575],[73.478529,18.333368],[73.479524,18.333186],[73.479958,18.332865],[73.480165,18.33247],[73.480961,18.332254],[73.480411,18.331179],[73.48036,18.329426],[73.481099,18.328566],[73.480813,18.329124],[73.480948,18.329825],[73.48182,18.330414],[73.483431,18.331019],[73.483901,18.331593],[73.484992,18.332102],[73.485713,18.332883],[73.488683,18.332803],[73.489103,18.332739],[73.489674,18.332262],[73.490412,18.331975],[73.490748,18.332055],[73.491973,18.331752],[73.493483,18.331704],[73.494255,18.331354],[73.494708,18.330669],[73.495077,18.330509],[73.495698,18.330717],[73.496403,18.330701],[73.496671,18.330462],[73.496923,18.329825],[73.497275,18.329856],[73.49798,18.330621],[73.499138,18.331051],[73.499692,18.331879],[73.500648,18.332309],[73.501571,18.333265],[73.502662,18.33301],[73.50335,18.332596],[73.503837,18.331704],[73.504575,18.331481],[73.50533,18.330685],[73.505934,18.330334],[73.506337,18.329761],[73.506991,18.329554],[73.507495,18.328678],[73.507495,18.32804],[73.50726,18.327387],[73.507528,18.326798],[73.50731,18.326161],[73.50731,18.325826],[73.507545,18.325587],[73.507394,18.324584],[73.507109,18.324361],[73.506689,18.323421],[73.506135,18.323007],[73.506169,18.321669],[73.505431,18.320856],[73.505833,18.31955],[73.505531,18.318945],[73.505884,18.318355],[73.506303,18.319996],[73.507142,18.322146],[73.508199,18.322577],[73.508552,18.323484],[73.510347,18.325492],[73.51023,18.326129],[73.509911,18.326702],[73.510029,18.327435],[73.510616,18.328391],[73.511841,18.329235],[73.511539,18.329808],[73.512227,18.330764],[73.512915,18.330796],[73.513519,18.331163],[73.51424,18.331322],[73.515247,18.330924],[73.515751,18.330462],[73.516539,18.330446],[73.518268,18.331179],[73.51862,18.331067],[73.518822,18.330748],[73.519912,18.33035],[73.520466,18.329761],[73.522077,18.328566],[73.522329,18.328327],[73.522748,18.327324],[73.523101,18.327069],[73.522799,18.328072],[73.522882,18.328757],[73.52268,18.329904],[73.520718,18.33172],[73.5206,18.332373],[73.520902,18.332548],[73.521255,18.332517],[73.522329,18.332071],[73.523571,18.33121],[73.526104,18.331163],[73.526792,18.330812],[73.528991,18.330207],[73.529628,18.32984],[73.529964,18.329952],[73.529964,18.330589],[73.529662,18.331226],[73.53035,18.332851],[73.531021,18.333217],[73.531105,18.333536],[73.531407,18.333775],[73.53129,18.334747],[73.531944,18.334938],[73.531609,18.336164],[73.53092,18.336961],[73.531105,18.337263],[73.532145,18.337152],[73.532347,18.337423],[73.532213,18.338044],[73.532531,18.338171],[73.533672,18.337932],[73.53384,18.338219],[73.534193,18.338394],[73.535233,18.338346],[73.535451,18.338649],[73.53582,18.338777],[73.536492,18.33841],[73.536508,18.338092],[73.53676,18.337821],[73.536995,18.33806],[73.537717,18.33798],[73.537968,18.337024],[73.538841,18.336387],[73.539109,18.336594],[73.539109,18.338299],[73.539462,18.338936],[73.54015,18.33884],[73.540922,18.338155],[73.540989,18.338824],[73.541677,18.339987],[73.541056,18.340385],[73.541073,18.340736],[73.542482,18.340608],[73.542516,18.341229],[73.544211,18.342583],[73.545234,18.342536],[73.545268,18.341883],[73.545939,18.34209],[73.546443,18.341675],[73.546711,18.341898],[73.547047,18.341835],[73.547047,18.3415],[73.547248,18.341213],[73.547483,18.341468],[73.547802,18.341325],[73.548104,18.341102],[73.548473,18.340449],[73.548456,18.341102],[73.548708,18.341341],[73.55005,18.340895],[73.550319,18.341134],[73.551712,18.341277],[73.552098,18.341468],[73.552366,18.341707],[73.552635,18.342329],[73.553339,18.342695],[73.554195,18.343985],[73.554564,18.343905],[73.555068,18.343412],[73.555789,18.343332],[73.556242,18.342822],[73.556612,18.342727],[73.557132,18.342233],[73.55787,18.342105],[73.55881,18.340959],[73.55928,18.339939],[73.559741,18.337853],[73.559263,18.337231],[73.559448,18.336929],[73.560152,18.336738],[73.560421,18.336467],[73.560253,18.335814],[73.559582,18.335017],[73.559078,18.332947],[73.559414,18.333536],[73.560723,18.334826],[73.561746,18.336499],[73.561713,18.337821],[73.561948,18.338426],[73.562535,18.33876],[73.562015,18.3397],[73.562669,18.340449],[73.562049,18.340513],[73.561847,18.340767],[73.562099,18.341771],[73.562703,18.342137],[73.562334,18.343412],[73.561713,18.343682],[73.561797,18.34432],[73.561528,18.344973],[73.560454,18.346533],[73.559632,18.347202],[73.559532,18.347505],[73.559716,18.34776],[73.560404,18.347983],[73.56079,18.347824],[73.561528,18.346964],[73.563089,18.345912],[73.563012,18.346589],[73.563273,18.347812],[73.563979,18.347937],[73.565237,18.346788],[73.565522,18.347011],[73.56621,18.347155],[73.566512,18.346948],[73.566915,18.346294],[73.567519,18.346597],[73.568526,18.346231],[73.568962,18.345673],[73.56965,18.345275],[73.570203,18.344494],[73.570679,18.344411],[73.571821,18.343505],[73.572215,18.343657],[73.571972,18.343958],[73.572006,18.344302],[73.572465,18.344472],[73.572063,18.344653],[73.570808,18.346756],[73.569902,18.347887],[73.569986,18.34897],[73.570221,18.349225],[73.571278,18.348716],[73.57163,18.3487],[73.571983,18.349273],[73.572587,18.34983],[73.572604,18.350165],[73.572822,18.350432],[73.572711,18.350854],[73.572867,18.35214],[73.573556,18.352815],[73.575,18.352499],[73.576844,18.351676],[73.5776,18.351086],[73.577511,18.352414],[73.576666,18.354038],[73.576733,18.354903],[73.577933,18.355599],[73.578933,18.355451],[73.579866,18.355683],[73.581244,18.355325],[73.581799,18.355008],[73.582066,18.354608],[73.582888,18.357117],[73.583663,18.357126],[73.584866,18.358383],[73.58531,18.358214],[73.586332,18.355662],[73.586754,18.355472],[73.586821,18.354608],[73.58771,18.353638],[73.587799,18.353216],[73.587487,18.352836],[73.587665,18.351908],[73.588487,18.351507],[73.588887,18.351697],[73.588643,18.353406],[73.589065,18.35562],[73.589265,18.356021],[73.588798,18.356105],[73.588599,18.356485],[73.588354,18.357729],[73.588554,18.358151],[73.588976,18.358319],[73.588554,18.359078],[73.588465,18.359922],[73.588199,18.360365],[73.588065,18.36163],[73.588176,18.362474],[73.588421,18.362853],[73.58891,18.363001],[73.589376,18.362917],[73.589754,18.3626],[73.590643,18.360766],[73.590843,18.361145],[73.590932,18.362031],[73.591843,18.361862],[73.59302,18.360934],[73.593309,18.360555],[73.593398,18.360112],[73.594709,18.35969],[73.595376,18.359078],[73.595598,18.358193],[73.596486,18.358467],[73.598353,18.35794],[73.599308,18.356759],[73.597686,18.359479],[73.597042,18.360154],[73.596753,18.360955],[73.595931,18.361272],[73.596087,18.362136],[73.595887,18.362516],[73.595264,18.363064],[73.594776,18.364393],[73.594842,18.364794],[73.595398,18.36551],[73.597353,18.365384],[73.597775,18.365173],[73.598042,18.364751],[73.59902,18.365047],[73.600508,18.363781],[73.600931,18.362896],[73.601375,18.362685],[73.601753,18.36298],[73.601353,18.364667],[73.600886,18.365426],[73.600664,18.366712],[73.600819,18.367577],[73.600997,18.368041],[73.601397,18.368252],[73.603219,18.367999],[73.603197,18.368821],[73.602864,18.369095],[73.602864,18.369517],[73.603597,18.370656],[73.604019,18.370804],[73.604908,18.370508],[73.605441,18.36977],[73.606263,18.37152],[73.606663,18.371752],[73.607596,18.371563],[73.608108,18.370761],[73.608641,18.369011],[73.608085,18.367788],[73.608552,18.367725],[73.608885,18.367387],[73.610596,18.371499],[73.611063,18.371457],[73.611818,18.370782],[73.612374,18.369939],[73.612485,18.369074],[73.613596,18.370529],[73.614485,18.370318],[73.614551,18.369412],[73.614973,18.369602],[73.61544,18.369581],[73.61604,18.368821],[73.615818,18.367957],[73.616284,18.367809],[73.616284,18.367387],[73.61764,18.36705],[73.618729,18.36551],[73.61844,18.364667],[73.618373,18.361989],[73.618995,18.359732],[73.619462,18.359711],[73.620062,18.361398],[73.620817,18.362579],[73.620884,18.363486],[73.621306,18.364709],[73.622595,18.365236],[73.621084,18.366249],[73.621017,18.36667],[73.621595,18.367514],[73.622462,18.367788],[73.622884,18.368104],[73.620995,18.368315],[73.620239,18.368842],[73.620195,18.369264],[73.620417,18.369665],[73.620817,18.369855],[73.620995,18.370255],[73.621617,18.370867],[73.620239,18.370825],[73.619862,18.371014],[73.619795,18.371439],[73.620057,18.371792],[73.620703,18.372056],[73.620352,18.372581],[73.6197,18.372127],[73.619314,18.372064],[73.618062,18.372933],[73.617951,18.373777],[73.617662,18.374114],[73.616818,18.374452],[73.615369,18.375693],[73.614206,18.376115],[73.611216,18.379347],[73.611388,18.379477],[73.611026,18.379899],[73.610231,18.380237]]]]}},{"type":"Feature","properties":{"id":"wb_varasgaon","name":"Varasgaon Reservoir","district":"Pune","kind":"reservoir","tier":1,"drinking_water":true,"urban":false,"source":"osm","osm_id":"relation/7973774","osm_name":"Varasgaon"},"geometry":{"type":"MultiPolygon","coordinates":[[[[73.449066,18.387729],[73.4465,18.388017],[73.445301,18.38833],[73.444333,18.387918],[73.444045,18.388174],[73.443606,18.388261],[73.443523,18.388485],[73.442021,18.389747],[73.441648,18.389837],[73.439441,18.389574],[73.439245,18.389916],[73.439352,18.390165],[73.438802,18.389969],[73.438767,18.390252],[73.438885,18.390506],[73.439223,18.39061],[73.439645,18.390221],[73.439982,18.390168],[73.440084,18.39074],[73.440974,18.390636],[73.44116,18.390939],[73.441597,18.390575],[73.442185,18.390605],[73.442332,18.390842],[73.442944,18.39038],[73.443408,18.390287],[73.44338,18.39052],[73.443797,18.390394],[73.444184,18.389885],[73.444293,18.390012],[73.444798,18.389787],[73.444849,18.389613],[73.44549,18.389475],[73.445886,18.389592],[73.446099,18.38944],[73.446606,18.389543],[73.447094,18.389389],[73.447178,18.389641],[73.447713,18.389367],[73.447943,18.389712],[73.448288,18.389406],[73.449504,18.389477],[73.449665,18.389516],[73.44984,18.389923],[73.450357,18.390208],[73.450618,18.390147],[73.451101,18.38968],[73.451411,18.389783],[73.451497,18.390178],[73.452243,18.389763],[73.452924,18.390328],[73.453672,18.390532],[73.454204,18.391216],[73.454381,18.391048],[73.454692,18.391048],[73.45489,18.391359],[73.455935,18.391671],[73.456162,18.391898],[73.456966,18.391725],[73.457149,18.391598],[73.45717,18.39115],[73.457407,18.391055],[73.458307,18.391119],[73.46014,18.392173],[73.461395,18.393132],[73.461762,18.393691],[73.462629,18.394049],[73.462795,18.394503],[73.462462,18.395104],[73.462607,18.395536],[73.464451,18.39582],[73.465473,18.396263],[73.465917,18.397054],[73.466573,18.397054],[73.468984,18.396506],[73.46945,18.396527],[73.470083,18.396854],[73.470261,18.397497],[73.471672,18.398709],[73.472005,18.399331],[73.472094,18.40029],[73.471628,18.401165],[73.47205,18.402241],[73.472228,18.403801],[73.471939,18.404444],[73.471994,18.405097],[73.470739,18.406236],[73.470195,18.407311],[73.470172,18.407596],[73.470406,18.407986],[73.470495,18.409177],[73.470161,18.410031],[73.470095,18.410937],[73.470939,18.409567],[73.471428,18.407764],[73.473639,18.406468],[73.474294,18.406426],[73.474361,18.406236],[73.474205,18.406067],[73.473505,18.405877],[73.473117,18.405551],[73.473094,18.405076],[73.473216,18.404665],[73.473583,18.404433],[73.473372,18.404054],[73.473516,18.403674],[73.473972,18.403632],[73.474372,18.404402],[73.474594,18.404349],[73.475027,18.40379],[73.475005,18.403579],[73.474516,18.403168],[73.474816,18.402588],[73.474505,18.402262],[73.475516,18.401503],[73.47495,18.400723],[73.475138,18.3999],[73.476061,18.399458],[73.476294,18.398382],[73.47676,18.397908],[73.477183,18.398024],[73.477372,18.398435],[73.477727,18.398493],[73.47836,18.398037],[73.478773,18.398098],[73.4791,18.397391],[73.479382,18.397358],[73.479596,18.397042],[73.479934,18.397113],[73.4801,18.397406],[73.481651,18.397363],[73.481884,18.397452],[73.481905,18.397856],[73.482265,18.397818],[73.482909,18.397439],[73.484684,18.397444],[73.485175,18.398012],[73.485368,18.39789],[73.485537,18.398302],[73.486307,18.398108],[73.486848,18.398224],[73.487501,18.398745],[73.487517,18.399244],[73.487881,18.399661],[73.488166,18.400445],[73.486524,18.404868],[73.4872,18.405794],[73.486905,18.406721],[73.487163,18.407428],[73.487184,18.408289],[73.487409,18.407815],[73.487307,18.406863],[73.487415,18.406405],[73.487678,18.405718],[73.488005,18.405448],[73.487796,18.405117],[73.488016,18.404344],[73.488632,18.403825],[73.488895,18.403321],[73.489174,18.403255],[73.4894,18.402817],[73.490263,18.40272],[73.489856,18.401997],[73.489866,18.401636],[73.490333,18.401575],[73.490478,18.401407],[73.49029,18.400674],[73.490805,18.400185],[73.490853,18.399961],[73.490548,18.399415],[73.49067,18.399226],[73.490859,18.39912],[73.491248,18.399268],[73.491514,18.398698],[73.491814,18.399004],[73.49217,18.398424],[73.492859,18.398393],[73.493592,18.397918],[73.494236,18.397992],[73.494625,18.397486],[73.495003,18.397296],[73.49567,18.397286],[73.496247,18.397549],[73.496792,18.397159],[73.497703,18.397001],[73.498603,18.397191],[73.500069,18.397138],[73.500247,18.397275],[73.50138,18.398825],[73.501547,18.39989],[73.501855,18.399938],[73.502217,18.400816],[73.501759,18.401505],[73.501791,18.402019],[73.502053,18.402661],[73.502367,18.402962],[73.50228,18.403358],[73.503096,18.403662],[73.503258,18.404043],[73.503202,18.404686],[73.503623,18.405363],[73.50312,18.405682],[73.503227,18.405811],[73.503824,18.405551],[73.504135,18.405856],[73.50483,18.406042],[73.505252,18.405807],[73.505424,18.405192],[73.505191,18.404612],[73.505324,18.402956],[73.50493,18.402241],[73.504741,18.402193],[73.505082,18.401841],[73.505284,18.40027],[73.504949,18.399244],[73.504994,18.398721],[73.504602,18.398287],[73.504365,18.397386],[73.503958,18.396885],[73.503835,18.39562],[73.503502,18.395061],[73.503769,18.393818],[73.504069,18.393259],[73.50528,18.392299],[73.506324,18.392679],[73.506991,18.392067],[73.507368,18.392331],[73.508179,18.392025],[73.509057,18.392268],[73.50959,18.391835],[73.510457,18.391741],[73.51139,18.39056],[73.51159,18.389938],[73.512168,18.389305],[73.512812,18.389347],[73.513479,18.38842],[73.514145,18.388346],[73.51599,18.387112],[73.516923,18.387049],[73.517201,18.386743],[73.517634,18.386638],[73.5183,18.38571],[73.519056,18.385257],[73.520189,18.38513],[73.520578,18.385352],[73.520789,18.385278],[73.521233,18.384087],[73.5222,18.383549],[73.522489,18.383169],[73.523355,18.383285],[73.523489,18.383707],[73.523922,18.38376],[73.524655,18.383222],[73.525089,18.383159],[73.525511,18.384192],[73.525933,18.384076],[73.526322,18.384266],[73.5265,18.385615],[73.527422,18.385858],[73.527733,18.386195],[73.527822,18.386606],[73.528411,18.386933],[73.528499,18.388272],[73.528711,18.388198],[73.528966,18.387155],[73.529477,18.386459],[73.52961,18.385563],[73.530121,18.384856],[73.530166,18.383981],[73.530721,18.382706],[73.531188,18.382663],[73.531777,18.383591],[73.533043,18.384065],[73.533521,18.384034],[73.534099,18.383739],[73.536399,18.383686],[73.537098,18.384266],[73.537254,18.384888],[73.537521,18.385246],[73.537732,18.385162],[73.538032,18.38455],[73.538409,18.384245],[73.538643,18.383675],[73.538865,18.383644],[73.539132,18.383992],[73.539732,18.383686],[73.54062,18.383981],[73.540631,18.384656],[73.540565,18.384888],[73.54032,18.38493],[73.540176,18.386048],[73.540709,18.385584],[73.541165,18.385426],[73.541354,18.385573],[73.541309,18.386786],[73.54162,18.387123],[73.542598,18.389632],[73.542564,18.388704],[73.542365,18.388061],[73.542776,18.387534],[73.543076,18.386448],[73.543398,18.386153],[73.543009,18.385953],[73.54292,18.385742],[73.542998,18.385067],[73.543342,18.384814],[73.543064,18.384203],[73.543353,18.383623],[73.543153,18.38259],[73.543553,18.382062],[73.543775,18.382126],[73.544181,18.381741],[73.544392,18.381746],[73.544709,18.381841],[73.54532,18.383407],[73.545698,18.383517],[73.545858,18.384759],[73.546683,18.386213],[73.546817,18.38631],[73.546935,18.386198],[73.5471,18.385736],[73.547453,18.385944],[73.547642,18.386854],[73.548136,18.386414],[73.548631,18.386392],[73.548922,18.386571],[73.548631,18.38707],[73.548906,18.387242],[73.550085,18.386899],[73.550203,18.387003],[73.550281,18.387473],[73.549637,18.388263],[73.549668,18.38871],[73.549928,18.388524],[73.55025,18.388539],[73.550493,18.388158],[73.551208,18.388554],[73.55131,18.389299],[73.551467,18.389351],[73.55175,18.388688],[73.552049,18.388755],[73.55241,18.390052],[73.552913,18.389396],[73.553172,18.389627],[73.553691,18.389605],[73.553824,18.389709],[73.553816,18.390447],[73.553596,18.390999],[73.553966,18.391297],[73.554296,18.390745],[73.555128,18.390715],[73.554916,18.390306],[73.555097,18.389858],[73.555419,18.389881],[73.555615,18.390335],[73.555773,18.39038],[73.556118,18.389485],[73.556896,18.389351],[73.557304,18.388882],[73.558003,18.389225],[73.558491,18.389217],[73.558679,18.389008],[73.558993,18.388964],[73.559339,18.3895],[73.559865,18.389836],[73.55985,18.39044],[73.559936,18.390581],[73.560023,18.390455],[73.56014,18.390552],[73.560423,18.390976],[73.560659,18.39164],[73.560557,18.392393],[73.56117,18.392445],[73.56135,18.393354],[73.561853,18.393787],[73.561523,18.393079],[73.561484,18.392281],[73.561224,18.391908],[73.561484,18.391498],[73.561358,18.389187],[73.561578,18.387458],[73.562191,18.387107],[73.562536,18.387107],[73.563542,18.388009],[73.564155,18.387271],[73.5645,18.387219],[73.565372,18.387249],[73.566684,18.387637],[73.566394,18.389635],[73.565844,18.390238],[73.566834,18.390089],[73.567396,18.390416],[73.567251,18.391048],[73.568129,18.390816],[73.569251,18.391111],[73.569784,18.392324],[73.56974,18.392535],[73.569329,18.392682],[73.569096,18.393273],[73.568518,18.393557],[73.568329,18.394169],[73.567929,18.39438],[73.567751,18.394959],[73.567407,18.395139],[73.567355,18.395785],[73.566618,18.396309],[73.566174,18.396889],[73.566074,18.397353],[73.566951,18.39653],[73.567885,18.39634],[73.568207,18.39574],[73.56984,18.394748],[73.571184,18.394907],[73.571307,18.395086],[73.571151,18.396362],[73.571784,18.396435],[73.571929,18.396604],[73.571929,18.397458],[73.571784,18.39788],[73.571118,18.398206],[73.571184,18.398417],[73.571818,18.398755],[73.57164,18.399556],[73.572006,18.400483],[73.571929,18.40138],[73.572295,18.401685],[73.572662,18.402708],[73.572873,18.402012],[73.572773,18.400505],[73.57344,18.400273],[73.57374,18.399904],[73.57404,18.397279],[73.574251,18.397205],[73.574627,18.397362],[73.575106,18.397205],[73.574917,18.396794],[73.574495,18.396625],[73.574317,18.396235],[73.574051,18.394738],[73.57414,18.394517],[73.574612,18.395211],[73.574897,18.395221],[73.575143,18.394903],[73.575684,18.394727],[73.576406,18.394717],[73.577525,18.395805],[73.577695,18.395139],[73.577928,18.394973],[73.578483,18.394959],[73.57958,18.39546],[73.579606,18.394727],[73.579739,18.394506],[73.579961,18.394538],[73.582305,18.395602],[73.582561,18.396688],[73.583261,18.396657],[73.584305,18.397215],[73.586765,18.396676],[73.587087,18.397095],[73.587263,18.397683],[73.585649,18.400115],[73.585827,18.400758],[73.586138,18.401063],[73.586016,18.401696],[73.586183,18.401854],[73.586416,18.401453],[73.588205,18.400821],[73.588638,18.400873],[73.588749,18.401063],[73.589205,18.401021],[73.590204,18.398776],[73.591082,18.39827],[73.592215,18.39711],[73.592471,18.3977],[73.59306,18.398354],[73.593704,18.39809],[73.594893,18.396857],[73.595115,18.396846],[73.595293,18.396984],[73.594971,18.397574],[73.59496,18.398206],[73.594348,18.398839],[73.594015,18.399619],[73.593404,18.400188],[73.593504,18.400779],[73.593271,18.401148],[73.593215,18.402223],[73.59296,18.403056],[73.593037,18.403256],[73.593505,18.403247],[73.5929,18.403647],[73.592493,18.404995],[73.59256,18.40586],[73.592371,18.406935],[73.59346,18.405185],[73.594149,18.405101],[73.594626,18.404584],[73.595315,18.404458],[73.595048,18.403351],[73.595282,18.402866],[73.595248,18.402434],[73.595904,18.401506],[73.596182,18.400821],[73.596804,18.400441],[73.597459,18.399471],[73.597648,18.399851],[73.59817,18.399482],[73.598537,18.399746],[73.598981,18.399271],[73.600137,18.400431],[73.600126,18.401485],[73.600237,18.401917],[73.600437,18.402033],[73.600448,18.403541],[73.60117,18.402666],[73.601348,18.402813],[73.601357,18.40374],[73.601833,18.40387],[73.602383,18.403589],[73.602659,18.402318],[73.603514,18.402023],[73.603048,18.401506],[73.603103,18.400884],[73.602681,18.400694],[73.602436,18.400325],[73.602481,18.399883],[73.603803,18.398944],[73.603803,18.398733],[73.603125,18.398755],[73.602992,18.397932],[73.603536,18.397205],[73.604681,18.396783],[73.604103,18.396393],[73.604003,18.396193],[73.60417,18.395782],[73.604803,18.395581],[73.605369,18.39517],[73.606081,18.395065],[73.606192,18.394854],[73.606925,18.394748],[73.607369,18.394506],[73.606992,18.395297],[73.607069,18.395508],[73.60748,18.395761],[73.607614,18.396161],[73.608414,18.396583],[73.608647,18.396562],[73.60858,18.396973],[73.607891,18.397553],[73.608525,18.398122],[73.608491,18.399471],[73.60868,18.399851],[73.61018,18.397785],[73.610602,18.397574],[73.611724,18.39788],[73.613035,18.399587],[73.613102,18.399798],[73.612958,18.399956],[73.613146,18.400093],[73.613002,18.400494],[73.613457,18.400663],[73.613258,18.401011],[73.613569,18.401337],[73.613502,18.401759],[73.61418,18.403024],[73.61448,18.401148],[73.615302,18.40023],[73.61508,18.39983],[73.616296,18.398173],[73.616851,18.39774],[73.615874,18.395231],[73.615374,18.394852],[73.614935,18.394854],[73.614246,18.394],[73.613646,18.393589],[73.613213,18.392746],[73.613146,18.392313],[73.613291,18.391902],[73.613669,18.391586],[73.614492,18.391449],[73.611584,18.384951],[73.611658,18.385394],[73.611526,18.385553],[73.610371,18.385337],[73.609099,18.386201],[73.607355,18.385516],[73.606899,18.385083],[73.606805,18.384755],[73.606585,18.385322],[73.606805,18.386813],[73.606459,18.387946],[73.606176,18.388065],[73.605595,18.387782],[73.604998,18.387856],[73.604181,18.387424],[73.603049,18.387976],[73.602138,18.38808],[73.600583,18.387692],[73.600347,18.387483],[73.600316,18.386872],[73.600033,18.386768],[73.599923,18.386485],[73.600253,18.38559],[73.599656,18.385754],[73.599467,18.385516],[73.599342,18.384323],[73.598289,18.384934],[73.59799,18.384889],[73.597205,18.384248],[73.597205,18.385799],[73.596215,18.386977],[73.595901,18.387111],[73.595335,18.386917],[73.594942,18.38641],[73.594424,18.386067],[73.594204,18.385486],[73.593921,18.385381],[73.593622,18.386559],[73.594219,18.387648],[73.594062,18.388527],[73.593465,18.388587],[73.593025,18.388154],[73.59246,18.387946],[73.592146,18.387424],[73.59202,18.388647],[73.591297,18.389616],[73.590684,18.389809],[73.590386,18.389705],[73.590056,18.388512],[73.589207,18.389765],[73.587778,18.390093],[73.587573,18.389854],[73.587401,18.38896],[73.587133,18.388766],[73.586945,18.387886],[73.586521,18.387409],[73.586615,18.386783],[73.586961,18.386261],[73.586882,18.385948],[73.585971,18.386231],[73.585421,18.385948],[73.584478,18.384189],[73.584682,18.38635],[73.584997,18.387185],[73.584604,18.388035],[73.583818,18.388527],[73.58319,18.388542],[73.582341,18.388065],[73.582153,18.387483],[73.581839,18.387424],[73.580613,18.387782],[73.580283,18.387692],[73.579922,18.386529],[73.579718,18.386753],[73.579655,18.387663],[73.578885,18.388229],[73.578571,18.387051],[73.578225,18.387185],[73.578099,18.387469],[73.577471,18.387469],[73.577015,18.387036],[73.576351,18.385382],[73.576327,18.383727],[73.575714,18.385337],[73.575714,18.385978],[73.575361,18.387141],[73.57496,18.387439],[73.573507,18.387715],[73.572808,18.386649],[73.573091,18.385695],[73.573028,18.385389],[73.572226,18.385643],[73.571912,18.385598],[73.571975,18.38448],[73.571284,18.384994],[73.570977,18.385002],[73.570647,18.384666],[73.570427,18.3841],[73.570522,18.383138],[73.570404,18.383041],[73.570168,18.383429],[73.569492,18.383384],[73.568872,18.382862],[73.569084,18.381915],[73.568982,18.381788],[73.568542,18.382221],[73.567906,18.382281],[73.567568,18.381953],[73.567317,18.381341],[73.567159,18.381602],[73.567324,18.382191],[73.567151,18.382452],[73.566515,18.382609],[73.565517,18.382094],[73.56492,18.38231],[73.564182,18.38199],[73.563946,18.38158],[73.56415,18.380186],[73.563498,18.380596],[73.56276,18.380283],[73.563019,18.380491],[73.563066,18.380939],[73.562564,18.38158],[73.562485,18.381915],[73.56221,18.382072],[73.561472,18.380096],[73.560945,18.379649],[73.560553,18.378963],[73.560042,18.378859],[73.559885,18.378948],[73.560042,18.379239],[73.560482,18.379455],[73.560741,18.380521],[73.560545,18.381311],[73.560136,18.382012],[73.559531,18.382594],[73.559248,18.382467],[73.559099,18.38202],[73.558286,18.381971],[73.558526,18.383026],[73.558267,18.383198],[73.558274,18.383496],[73.557638,18.384197],[73.55701,18.384271],[73.556405,18.383794],[73.556216,18.384353],[73.55598,18.384554],[73.555674,18.384614],[73.555556,18.384167],[73.555313,18.384375],[73.555053,18.384241],[73.554661,18.384711],[73.554378,18.384808],[73.553765,18.384368],[73.55415,18.383846],[73.553867,18.383265],[73.553773,18.382556],[73.553341,18.382624],[73.552932,18.383056],[73.552626,18.383019],[73.55221,18.382594],[73.552296,18.381252],[73.551393,18.381595],[73.550466,18.381088],[73.550583,18.380007],[73.549986,18.379865],[73.549931,18.379724],[73.549955,18.378933],[73.550356,18.37818],[73.549586,18.378247],[73.549036,18.377934],[73.548635,18.378188],[73.548337,18.377464],[73.54759,18.377353],[73.54716,18.376432],[73.547586,18.37582],[73.548517,18.375464],[73.548301,18.37481],[73.549338,18.374229],[73.548572,18.374231],[73.547661,18.374005],[73.547062,18.374067],[73.546838,18.373202],[73.546255,18.37339],[73.545842,18.373043],[73.545846,18.372633],[73.54486,18.373146],[73.544621,18.372816],[73.544536,18.372132],[73.543861,18.3718],[73.543216,18.372438],[73.54333,18.373019],[73.542763,18.3737],[73.54283,18.374253],[73.54249,18.375327],[73.542172,18.375705],[73.541637,18.375849],[73.541577,18.376119],[73.540178,18.375986],[73.539888,18.376965],[73.539214,18.376926],[73.538719,18.377272],[73.538253,18.377099],[73.537875,18.377179],[73.537574,18.376521],[73.537211,18.376283],[73.536757,18.377175],[73.536301,18.377427],[73.535738,18.37742],[73.535201,18.376961],[73.534277,18.375627],[73.534035,18.375875],[73.533617,18.375735],[73.533045,18.37489],[73.532929,18.374359],[73.532497,18.374102],[73.532799,18.373563],[73.532538,18.373176],[73.532968,18.372708],[73.533131,18.372271],[73.532883,18.372084],[73.532967,18.3716],[73.532492,18.37203],[73.531913,18.372023],[73.531623,18.372561],[73.531161,18.37237],[73.530343,18.372516],[73.529832,18.372226],[73.529647,18.371902],[73.529058,18.371672],[73.528969,18.371025],[73.529398,18.369531],[73.528858,18.369599],[73.528193,18.369371],[73.527879,18.369514],[73.526842,18.368835],[73.52656,18.368392],[73.526588,18.367984],[73.526013,18.367455],[73.525982,18.366622],[73.525842,18.366365],[73.525538,18.366318],[73.525434,18.365813],[73.524853,18.365908],[73.524467,18.365641],[73.523613,18.365407],[73.523364,18.365474],[73.522269,18.364811],[73.521622,18.364668],[73.52133,18.364497],[73.52115,18.363672],[73.520925,18.364212],[73.520225,18.364054],[73.520158,18.363432],[73.520305,18.362997],[73.520222,18.363197],[73.519267,18.363775],[73.518747,18.363735],[73.518081,18.363316],[73.517592,18.363651],[73.517095,18.36363],[73.516731,18.363395],[73.5167,18.362198],[73.516159,18.363237],[73.515856,18.363218],[73.515309,18.362992],[73.514437,18.362921],[73.513853,18.362557],[73.513112,18.362491],[73.512748,18.362009],[73.512404,18.362109],[73.511473,18.361824],[73.51079,18.361257],[73.510454,18.361647],[73.509801,18.361753],[73.509782,18.361115],[73.508521,18.360796],[73.50806,18.36048],[73.506351,18.36136],[73.504141,18.361081],[73.503493,18.361162],[73.506071,18.361608],[73.506996,18.361386],[73.508187,18.361779],[73.508285,18.362016],[73.509562,18.362625],[73.510363,18.363415],[73.511004,18.36333],[73.511235,18.363537],[73.511229,18.363896],[73.51167,18.364036],[73.511901,18.363916],[73.512008,18.364177],[73.511909,18.364826],[73.512746,18.364657],[73.51285,18.364787],[73.513335,18.364661],[73.513943,18.36482],[73.514002,18.364956],[73.513703,18.365342],[73.514247,18.365321],[73.51432,18.365528],[73.514996,18.365934],[73.515193,18.366435],[73.516093,18.366246],[73.516369,18.366384],[73.516507,18.36653],[73.516364,18.366837],[73.515833,18.367089],[73.516375,18.366949],[73.516979,18.367019],[73.51766,18.367508],[73.517807,18.367894],[73.518197,18.368053],[73.518387,18.368374],[73.518338,18.368946],[73.51897,18.368963],[73.518965,18.369667],[73.519132,18.369412],[73.519489,18.369406],[73.52008,18.369049],[73.520471,18.369056],[73.520854,18.369542],[73.521545,18.36969],[73.52172,18.370029],[73.52152,18.370417],[73.522152,18.370385],[73.522645,18.37069],[73.522674,18.370961],[73.522352,18.37154],[73.522425,18.3721],[73.522195,18.372385],[73.522718,18.372581],[73.522959,18.372912],[73.523287,18.372966],[73.523405,18.373298],[73.523682,18.373149],[73.523712,18.37349],[73.524216,18.373471],[73.524473,18.373747],[73.524693,18.374506],[73.525809,18.375097],[73.526274,18.375576],[73.526186,18.375984],[73.525557,18.375974],[73.525094,18.376434],[73.524686,18.376277],[73.524245,18.376424],[73.523959,18.376894],[73.523584,18.377114],[73.522437,18.377156],[73.521765,18.377365],[73.520508,18.37724],[73.519836,18.377449],[73.518932,18.377376],[73.518248,18.378014],[73.517355,18.377941],[73.517355,18.37815],[73.516837,18.378631],[73.516595,18.379353],[73.515812,18.380326],[73.515305,18.38133],[73.514654,18.381341],[73.514291,18.381602],[73.513651,18.381424],[73.513321,18.381937],[73.512439,18.382136],[73.511744,18.382125],[73.511094,18.381874],[73.510895,18.383098],[73.510531,18.384029],[73.510113,18.38427],[73.509385,18.385504],[73.508834,18.385965],[73.508602,18.386038],[73.508117,18.385609],[73.507687,18.385881],[73.507246,18.385734],[73.507048,18.385829],[73.506452,18.385494],[73.506309,18.385933],[73.505725,18.386237],[73.505075,18.387147],[73.504435,18.38699],[73.504093,18.387251],[73.502925,18.387199],[73.502032,18.386686],[73.501966,18.386885],[73.502153,18.387053],[73.502241,18.38768],[73.502098,18.388465],[73.501018,18.389856],[73.500378,18.390348],[73.499849,18.390369],[73.498251,18.390934],[73.497854,18.390704],[73.497633,18.390275],[73.49588,18.389741],[73.495682,18.389835],[73.496002,18.391425],[73.495528,18.392723],[73.494238,18.392974],[73.493588,18.393716],[73.493124,18.393622],[73.492717,18.393277],[73.490402,18.393382],[73.489883,18.39381],[73.489255,18.393946],[73.487998,18.394647],[73.487756,18.394647],[73.486444,18.393894],[73.486223,18.393434],[73.48554,18.392953],[73.484823,18.39267],[73.483611,18.392775],[73.482398,18.391927],[73.481792,18.391247],[73.481296,18.390013],[73.481075,18.389898],[73.480667,18.390044],[73.480524,18.390944],[73.479973,18.392199],[73.479532,18.39243],[73.478606,18.392534],[73.477503,18.393015],[73.476809,18.393068],[73.476026,18.393695],[73.473832,18.393455],[73.472465,18.392618],[73.471385,18.391687],[73.470018,18.390944],[73.469379,18.390714],[73.468397,18.390934],[73.466325,18.390065],[73.465895,18.389741],[73.465421,18.389134],[73.465267,18.388653],[73.465068,18.386749],[73.464704,18.385849],[73.464947,18.384427],[73.464539,18.382805],[73.463095,18.383757],[73.462015,18.385086],[73.461849,18.384699],[73.461441,18.384877],[73.461232,18.384699],[73.459799,18.387021],[73.458586,18.387262],[73.457881,18.387576],[73.457438,18.388096],[73.457302,18.38806],[73.45731,18.387762],[73.456768,18.387549],[73.456111,18.386955],[73.454979,18.387202],[73.454904,18.386889],[73.453783,18.386996],[73.453496,18.386879],[73.453233,18.386563],[73.453098,18.385841],[73.453233,18.385204],[73.452954,18.384639],[73.452101,18.383967],[73.452004,18.383321],[73.451623,18.382863],[73.45077,18.382389],[73.450347,18.382506],[73.45067,18.383661],[73.450592,18.384013],[73.450749,18.384212],[73.450686,18.384741],[73.45042,18.385048],[73.45031,18.385548],[73.450416,18.385769],[73.450293,18.38664],[73.449988,18.386882],[73.449299,18.386983],[73.449762,18.387453],[73.449066,18.387729]]]]}},{"type":"Feature","properties":{"id":"wb_temghar","name":"Temghar Reservoir","district":"Pune","kind":"reservoir","tier":1,"drinking_water":true,"urban":false,"source":"osm","osm_id":"way/207470490","osm_name":"Temghar"},"geometry":{"type":"MultiPolygon","coordinates":[[[[73.538558,18.457329],[73.540686,18.452735],[73.542765,18.448733],[73.542131,18.448963],[73.541442,18.448373],[73.540087,18.448162],[73.539642,18.448247],[73.538954,18.448879],[73.538487,18.448879],[73.53742,18.449722],[73.536154,18.449216],[73.535976,18.448795],[73.535265,18.448226],[73.534821,18.447446],[73.53451,18.44576],[73.534843,18.445464],[73.534621,18.445106],[73.534798,18.444727],[73.534332,18.444832],[73.533976,18.445127],[73.533532,18.445169],[73.53311,18.44498],[73.532332,18.444516],[73.531688,18.443884],[73.53191,18.44264],[73.531465,18.442809],[73.531177,18.443188],[73.53071,18.443293],[73.529599,18.442556],[73.52891,18.441944],[73.52871,18.441523],[73.527755,18.441481],[73.527355,18.44127],[73.526866,18.440532],[73.526422,18.440553],[73.52433,18.440066],[73.523841,18.439307],[73.522275,18.43955],[73.521653,18.439297],[73.521419,18.43936],[73.522886,18.44034],[73.523297,18.440214],[73.523475,18.440814],[73.523675,18.440909],[73.523819,18.441299],[73.524452,18.44151],[73.525374,18.441542],[73.525763,18.442321],[73.526197,18.442395],[73.526274,18.442806],[73.52683,18.443154],[73.527063,18.443955],[73.527663,18.44405],[73.528185,18.444366],[73.528407,18.445377],[73.528818,18.44543],[73.52914,18.446157],[73.529585,18.446168],[73.529896,18.446694],[73.530285,18.446758],[73.530396,18.447401],[73.530085,18.447696],[73.53054,18.448138],[73.530396,18.44857],[73.530763,18.448792],[73.530407,18.44935],[73.530563,18.449519],[73.530985,18.449435],[73.531051,18.449856],[73.531351,18.450183],[73.531563,18.451037],[73.531407,18.451743],[73.530307,18.452111],[73.530629,18.452428],[73.530196,18.452955],[73.530096,18.453397],[73.529674,18.453619],[73.529463,18.454008],[73.528518,18.454219],[73.528307,18.454103],[73.528307,18.453692],[73.528085,18.453597],[73.527707,18.453871],[73.527474,18.453808],[73.527518,18.454377],[73.526874,18.454704],[73.526274,18.454388],[73.526263,18.453977],[73.525641,18.45424],[73.525796,18.454651],[73.525085,18.455199],[73.523985,18.455452],[73.523297,18.455326],[73.522952,18.455031],[73.522286,18.455199],[73.521997,18.454883],[73.521297,18.454883],[73.52113,18.455052],[73.521219,18.455262],[73.521597,18.455473],[73.521119,18.455937],[73.521452,18.456211],[73.521575,18.456822],[73.52113,18.456896],[73.520475,18.456633],[73.52023,18.456706],[73.51993,18.457054],[73.519942,18.457265],[73.52043,18.457718],[73.520286,18.457897],[73.519364,18.457887],[73.518897,18.458034],[73.518908,18.458245],[73.519319,18.458361],[73.519475,18.458772],[73.519108,18.459604],[73.518475,18.459889],[73.518188,18.460458],[73.517709,18.460443],[73.517289,18.46152],[73.516362,18.461923],[73.516032,18.461833],[73.515576,18.462295],[73.514225,18.462414],[73.513958,18.462206],[73.512984,18.462325],[73.512575,18.462072],[73.511978,18.462235],[73.510878,18.461162],[73.509951,18.460969],[73.509935,18.460671],[73.509417,18.459911],[73.507532,18.460164],[73.507359,18.459568],[73.506447,18.459389],[73.505819,18.458659],[73.505756,18.458361],[73.505356,18.458055],[73.505049,18.45804],[73.504903,18.457584],[73.504458,18.457337],[73.503636,18.455819],[73.502369,18.455208],[73.502147,18.454829],[73.501702,18.454829],[73.500902,18.455313],[73.500458,18.455124],[73.50008,18.454323],[73.499214,18.453986],[73.49888,18.45369],[73.497503,18.453522],[73.497347,18.4531],[73.497014,18.452784],[73.496947,18.452384],[73.496214,18.451899],[73.495281,18.451962],[73.493881,18.451625],[73.492344,18.451668],[73.492924,18.452166],[73.493713,18.452423],[73.493864,18.453032],[73.494665,18.453554],[73.495278,18.453614],[73.495985,18.45424],[73.496629,18.454284],[73.497462,18.454791],[73.49842,18.454836],[73.499489,18.455924],[73.500101,18.457683],[73.500353,18.457846],[73.50095,18.457787],[73.501437,18.457414],[73.502317,18.457683],[73.50249,18.457936],[73.502537,18.458547],[73.503156,18.459148],[73.503501,18.459273],[73.504117,18.460478],[73.504416,18.460374],[73.504714,18.460925],[73.505358,18.461029],[73.505421,18.461626],[73.50572,18.46167],[73.505767,18.462579],[73.505531,18.463175],[73.506804,18.463339],[73.507637,18.464681],[73.508454,18.464233],[73.509035,18.464412],[73.509663,18.464368],[73.509899,18.464576],[73.509941,18.465563],[73.51023,18.465911],[73.510774,18.465616],[73.510774,18.465026],[73.511441,18.464931],[73.512463,18.465764],[73.512685,18.465395],[73.514441,18.465405],[73.514774,18.465669],[73.514752,18.466101],[73.514907,18.46627],[73.515763,18.466143],[73.51604,18.465869],[73.516663,18.466491],[73.51684,18.465848],[73.517796,18.465374],[73.517551,18.465005],[73.517896,18.464699],[73.518407,18.464689],[73.518351,18.4651],[73.518518,18.465258],[73.51874,18.465184],[73.51874,18.464331],[73.519096,18.464151],[73.519796,18.464647],[73.519818,18.465079],[73.520529,18.46668],[73.521018,18.466238],[73.521084,18.465848],[73.520951,18.465669],[73.521051,18.465047],[73.520784,18.464699],[73.521162,18.464173],[73.52074,18.463983],[73.520662,18.463793],[73.520696,18.463582],[73.521329,18.463677],[73.521107,18.463298],[73.52124,18.463098],[73.52124,18.462455],[73.52154,18.46216],[73.522184,18.462023],[73.522006,18.461875],[73.52204,18.461664],[73.523156,18.461104],[73.523611,18.461135],[73.524211,18.460903],[73.524678,18.461346],[73.524889,18.461262],[73.524667,18.46064],[73.5247,18.460419],[73.525055,18.460145],[73.525267,18.460155],[73.525289,18.460366],[73.525022,18.460714],[73.525222,18.461325],[73.525655,18.461251],[73.525878,18.46064],[73.526522,18.460471],[73.526567,18.461546],[73.526855,18.462147],[73.527089,18.462157],[73.5271,18.461314],[73.527389,18.460998],[73.527622,18.46103],[73.528066,18.461757],[73.5284,18.460387],[73.529022,18.460176],[73.529222,18.46025],[73.529222,18.460461],[73.528955,18.461304],[73.529488,18.460935],[73.529822,18.461219],[73.53039,18.460766],[73.530633,18.461303],[73.530563,18.461742],[73.530877,18.46178],[73.531074,18.461392],[73.531655,18.461347],[73.53226,18.462592],[73.53178,18.463434],[73.531835,18.463739],[73.532425,18.463017],[73.532566,18.462964],[73.53259,18.463262],[73.532896,18.463307],[73.533124,18.462614],[73.533391,18.462562],[73.532967,18.462301],[73.532597,18.461288],[73.533815,18.460982],[73.5338,18.460394],[73.533226,18.460103],[73.532896,18.460401],[73.532794,18.460841],[73.532929,18.461009],[73.532579,18.46107],[73.532679,18.460835],[73.532551,18.459905],[73.533265,18.459663],[73.533151,18.459241],[73.532957,18.459162],[73.533165,18.45878],[73.533101,18.458314],[73.533312,18.458472],[73.533715,18.458427],[73.533909,18.458678],[73.534176,18.458593],[73.534548,18.458153],[73.534624,18.457309],[73.535814,18.456882],[73.537754,18.45699],[73.538558,18.457329]]]]}},{"type":"Feature","properties":{"id":"wb_mulshi","name":"Mulshi Reservoir","district":"Pune","kind":"reservoir","tier":1,"drinking_water":false,"urban":false,"source":"osm","osm_id":"relation/1898752","osm_name":"Mulshi Lake"},"geometry":{"type":"MultiPolygon","coordinates":[[[[73.404121,18.574684],[73.403242,18.57507],[73.403284,18.575559],[73.40307,18.575681],[73.40307,18.576128],[73.402812,18.576331],[73.402383,18.577389],[73.401997,18.577715],[73.401997,18.578162],[73.400602,18.57924],[73.400302,18.579321],[73.398585,18.581111],[73.398328,18.581193],[73.398113,18.58103],[73.397598,18.581803],[73.397148,18.581782],[73.397233,18.582637],[73.397083,18.58286],[73.396826,18.58282],[73.396268,18.583064],[73.395882,18.582698],[73.395281,18.583145],[73.395045,18.583938],[73.394487,18.584467],[73.394358,18.584915],[73.393843,18.584996],[73.394229,18.585891],[73.394079,18.586074],[73.3938,18.586054],[73.394058,18.586989],[73.394015,18.587965],[73.393457,18.58882],[73.392749,18.588454],[73.391569,18.587274],[73.391054,18.586969],[73.390366,18.586909],[73.389851,18.587112],[73.38908,18.587843],[73.388581,18.589267],[73.387926,18.589877],[73.387449,18.589954],[73.387004,18.589277],[73.38659,18.589069],[73.386569,18.588596],[73.386129,18.588886],[73.385893,18.588504],[73.384708,18.588387],[73.384359,18.587854],[73.38415,18.588499],[73.383763,18.58851],[73.383581,18.588855],[73.382669,18.58915],[73.381762,18.589781],[73.38151,18.589852],[73.38136,18.589709],[73.381038,18.590304],[73.380448,18.590675],[73.379692,18.590782],[73.378764,18.590559],[73.375658,18.591936],[73.376146,18.591982],[73.377471,18.591459],[73.377868,18.591509],[73.377804,18.593726],[73.377659,18.594067],[73.376849,18.594433],[73.375218,18.594794],[73.377685,18.594509],[73.37804,18.593848],[73.37834,18.592328],[73.378442,18.592191],[73.378828,18.592221],[73.378699,18.591916],[73.378962,18.591703],[73.379488,18.591845],[73.379585,18.591281],[73.380277,18.591342],[73.382868,18.589745],[73.38356,18.589755],[73.383881,18.589374],[73.384649,18.589486],[73.385072,18.59003],[73.385024,18.591296],[73.385544,18.589821],[73.385888,18.589791],[73.386456,18.590198],[73.386896,18.590935],[73.387057,18.590762],[73.388028,18.590803],[73.389026,18.590096],[73.389208,18.589359],[73.390666,18.58815],[73.390539,18.589226],[73.391503,18.589064],[73.391846,18.589165],[73.392791,18.590609],[73.393757,18.590528],[73.393993,18.590894],[73.395001,18.591464],[73.395559,18.592379],[73.395687,18.592928],[73.395022,18.59427],[73.395259,18.595287],[73.394615,18.595531],[73.394507,18.595734],[73.395301,18.596365],[73.394829,18.597443],[73.395087,18.598541],[73.395816,18.598805],[73.395838,18.5996],[73.396009,18.600047],[73.395988,18.601125],[73.395237,18.602142],[73.396053,18.602283],[73.396224,18.602691],[73.397276,18.602812],[73.398134,18.603464],[73.398735,18.603464],[73.399142,18.603179],[73.400119,18.603077],[73.400334,18.60331],[73.400331,18.60378],[73.40094,18.603834],[73.40116,18.60272],[73.401321,18.602293],[73.401584,18.60212],[73.401568,18.601576],[73.401203,18.601337],[73.401273,18.600971],[73.401107,18.600661],[73.400205,18.600143],[73.399379,18.60057],[73.399111,18.600326],[73.399052,18.599894],[73.398741,18.599985],[73.398355,18.599695],[73.397722,18.599761],[73.397523,18.59881],[73.397115,18.598856],[73.397078,18.597733],[73.39755,18.5973],[73.397057,18.597117],[73.396777,18.596573],[73.396869,18.596228],[73.396654,18.596029],[73.396633,18.595729],[73.396981,18.595485],[73.396815,18.595323],[73.396869,18.595104],[73.397357,18.595028],[73.397137,18.594097],[73.397201,18.593787],[73.397861,18.592608],[73.39763,18.591316],[73.396643,18.590854],[73.396375,18.590528],[73.396118,18.589709],[73.396558,18.589425],[73.396021,18.588454],[73.395302,18.588204],[73.395077,18.58733],[73.395335,18.586552],[73.396102,18.585876],[73.396059,18.584859],[73.396493,18.58462],[73.397072,18.584625],[73.397555,18.584035],[73.397893,18.584066],[73.398162,18.583608],[73.398499,18.583776],[73.399009,18.583359],[73.399406,18.58376],[73.399824,18.583074],[73.399937,18.582403],[73.400527,18.582255],[73.401471,18.581091],[73.40255,18.58103],[73.402711,18.580425],[73.403478,18.579255],[73.405001,18.579159],[73.405275,18.577104],[73.405715,18.576647],[73.406138,18.57656],[73.406203,18.575635],[73.406568,18.574725],[73.40719,18.57503],[73.407254,18.575457],[73.407361,18.575152],[73.408241,18.574277],[73.408391,18.574298],[73.408456,18.574643],[73.408971,18.574196],[73.40925,18.574216],[73.409314,18.574521],[73.409507,18.574379],[73.409593,18.573809],[73.410065,18.573565],[73.410194,18.573077],[73.410816,18.572569],[73.411202,18.572447],[73.41161,18.572955],[73.411267,18.573159],[73.411138,18.573891],[73.411503,18.57387],[73.41176,18.574277],[73.412425,18.573809],[73.412511,18.573403],[73.41279,18.573138],[73.413477,18.572975],[73.414121,18.572406],[73.414807,18.572406],[73.415,18.572508],[73.414979,18.572691],[73.415473,18.57263],[73.415301,18.572914],[73.415301,18.573362],[73.41543,18.573403],[73.415344,18.573972],[73.415473,18.574053],[73.415301,18.574542],[73.41543,18.574786],[73.416395,18.57505],[73.416503,18.574338],[73.417125,18.573423],[73.417447,18.573484],[73.417597,18.573748],[73.418155,18.57383],[73.41867,18.572935],[73.418841,18.57322],[73.419185,18.57326],[73.41912,18.573403],[73.419313,18.573464],[73.419635,18.572955],[73.419592,18.572548],[73.419914,18.572284],[73.420236,18.572508],[73.420279,18.572914],[73.419936,18.573403],[73.420064,18.573606],[73.41985,18.573728],[73.419764,18.575315],[73.420429,18.574928],[73.420515,18.574603],[73.420708,18.574704],[73.420579,18.575274],[73.420322,18.575599],[73.420515,18.576352],[73.421073,18.576148],[73.421223,18.575803],[73.421609,18.575518],[73.421481,18.575803],[73.421609,18.575884],[73.421695,18.576738],[73.421363,18.577374],[73.421534,18.577857],[73.421223,18.579204],[73.421341,18.579591],[73.421845,18.579484],[73.42184,18.579972],[73.421711,18.580542],[73.421379,18.580801],[73.421025,18.580694],[73.42096,18.580872],[73.42155,18.581452],[73.421422,18.582103],[73.421164,18.582459],[73.420832,18.582449],[73.421212,18.583476],[73.420783,18.584813],[73.42095,18.585413],[73.421153,18.585464],[73.420976,18.585077],[73.42117,18.584233],[73.42176,18.583994],[73.422328,18.582606],[73.422452,18.582632],[73.42235,18.583405],[73.422747,18.583074],[73.422929,18.582576],[73.423267,18.58283],[73.42339,18.582749],[73.423932,18.581462],[73.424125,18.580405],[73.42442,18.580206],[73.424828,18.580349],[73.42449,18.581437],[73.42464,18.581538],[73.424984,18.581157],[73.425445,18.581386],[73.425745,18.581086],[73.426008,18.581076],[73.426282,18.580089],[73.426148,18.579835],[73.42574,18.579982],[73.425606,18.579881],[73.425649,18.579377],[73.42581,18.579189],[73.426362,18.579291],[73.427162,18.579926],[73.426974,18.579449],[73.426319,18.578686],[73.426346,18.578294],[73.425397,18.578233],[73.425032,18.577796],[73.425477,18.57741],[73.425622,18.576947],[73.425348,18.57713],[73.425145,18.576754],[73.425359,18.57535],[73.425155,18.575315],[73.424785,18.575762],[73.424528,18.575462],[73.424635,18.574923],[73.424892,18.574781],[73.424619,18.574313],[73.424662,18.573519],[73.424455,18.572823],[73.424549,18.571862],[73.423959,18.571666],[73.423857,18.571122],[73.423146,18.571656],[73.423251,18.570667],[73.423927,18.570072],[73.424206,18.570097],[73.423948,18.569518],[73.424211,18.569095],[73.424377,18.56907],[73.424351,18.56999],[73.42463,18.56998],[73.425032,18.569324],[73.425284,18.569218],[73.425338,18.568765],[73.42567,18.568221],[73.426115,18.567951],[73.427328,18.566426],[73.427537,18.566502],[73.428159,18.565404],[73.428578,18.565337],[73.428771,18.565739],[73.428905,18.565734],[73.429259,18.565017],[73.429747,18.564646],[73.430085,18.564692],[73.430552,18.564305],[73.430761,18.565276],[73.431255,18.564743],[73.431635,18.564722],[73.431796,18.56488],[73.431796,18.565551],[73.432145,18.565337],[73.432424,18.565526],[73.431909,18.568094],[73.432193,18.568663],[73.43229,18.569665],[73.432607,18.56938],[73.43281,18.569579],[73.432821,18.570484],[73.433078,18.570692],[73.432928,18.570987],[73.43302,18.571348],[73.432853,18.571582],[73.433111,18.571552],[73.433411,18.571048],[73.433862,18.570723],[73.434194,18.571694],[73.434511,18.571877],[73.43508,18.571872],[73.435852,18.571145],[73.436244,18.571053],[73.436464,18.571104],[73.436791,18.571892],[73.437204,18.572055],[73.437547,18.57174],[73.437826,18.57175],[73.438223,18.572752],[73.43818,18.573143],[73.438556,18.573021],[73.43877,18.573342],[73.439301,18.573408],[73.43973,18.574435],[73.4401,18.574709],[73.440106,18.574953],[73.439924,18.575081],[73.44024,18.575137],[73.440675,18.574638],[73.440986,18.574735],[73.440894,18.575757],[73.44127,18.575757],[73.441533,18.576316],[73.441383,18.576565],[73.441898,18.576779],[73.442638,18.576581],[73.442895,18.57713],[73.443201,18.576967],[73.44348,18.577043],[73.443502,18.577532],[73.443829,18.577516],[73.444269,18.576926],[73.444532,18.576993],[73.444703,18.577781],[73.444966,18.577933],[73.444993,18.578228],[73.445663,18.578121],[73.445857,18.578223],[73.445819,18.578493],[73.446291,18.578589],[73.446431,18.579316],[73.44679,18.579708],[73.446699,18.579891],[73.447375,18.579871],[73.447702,18.580043],[73.448174,18.58071],[73.448517,18.580821],[73.448442,18.581157],[73.448667,18.581345],[73.44892,18.58132],[73.44944,18.582037],[73.449837,18.582082],[73.449982,18.58225],[73.450679,18.584665],[73.451291,18.584762],[73.451629,18.585387],[73.452203,18.585418],[73.453361,18.586445],[73.454059,18.58671],[73.453565,18.586465],[73.452675,18.58405],[73.452203,18.583552],[73.450931,18.581381],[73.450518,18.58101],[73.450389,18.579698],[73.450566,18.579113],[73.450282,18.578045],[73.450529,18.577847],[73.450899,18.578238],[73.451377,18.578193],[73.451521,18.578437],[73.45143,18.578605],[73.451559,18.57864],[73.452208,18.57774],[73.452508,18.577735],[73.4526,18.578101],[73.452246,18.578477],[73.452589,18.578782],[73.452294,18.578915],[73.452364,18.579301],[73.451902,18.580557],[73.452836,18.579799],[73.453136,18.579916],[73.453098,18.580145],[73.452659,18.580837],[73.452433,18.580516],[73.451843,18.580771],[73.452112,18.580908],[73.452058,18.581238],[73.452358,18.58133],[73.452584,18.582138],[73.453029,18.582316],[73.452964,18.582647],[73.452541,18.582794],[73.453045,18.583349],[73.453361,18.583272],[73.453254,18.583023],[73.453624,18.58282],[73.454155,18.582891],[73.454493,18.58315],[73.455094,18.582972],[73.45364,18.581943],[73.453909,18.581696],[73.45386,18.5815],[73.454198,18.581422],[73.454362,18.581025],[73.454528,18.581104],[73.454829,18.582484],[73.45522,18.582146],[73.455553,18.581386],[73.455861,18.581185],[73.45617,18.581424],[73.456398,18.581386],[73.456465,18.581104],[73.457025,18.580633],[73.457186,18.580272],[73.457454,18.580399],[73.45754,18.58106],[73.458364,18.580298],[73.458508,18.580318],[73.458423,18.580847],[73.458978,18.580239],[73.459147,18.5794],[73.45948,18.579057],[73.45974,18.579093],[73.459866,18.579853],[73.460037,18.579954],[73.461698,18.579469],[73.461928,18.57895],[73.461762,18.578589],[73.4624,18.578737],[73.46328,18.579311],[73.462974,18.578701],[73.462722,18.578681],[73.461901,18.578076],[73.461647,18.577682],[73.461647,18.577374],[73.460952,18.577437],[73.460563,18.577084],[73.460091,18.577026],[73.459952,18.576721],[73.460013,18.576187],[73.459522,18.576395],[73.459415,18.57582],[73.458876,18.576215],[73.458766,18.576502],[73.458447,18.576619],[73.458146,18.575828],[73.458592,18.574816],[73.458138,18.574903],[73.45765,18.574633],[73.4575,18.574875],[73.457154,18.57488],[73.456797,18.574498],[73.456615,18.573886],[73.456653,18.573275],[73.456355,18.573237],[73.456124,18.571961],[73.455853,18.57191],[73.455944,18.57038],[73.455746,18.569566],[73.455993,18.569495],[73.456475,18.569708],[73.457167,18.567837],[73.458031,18.566861],[73.458541,18.566751],[73.458742,18.566978],[73.459656,18.566891],[73.459938,18.567656],[73.460681,18.566942],[73.460987,18.566932],[73.461269,18.566647],[73.461987,18.566873],[73.462519,18.566418],[73.462698,18.565724],[73.462961,18.565666],[73.463369,18.565241],[73.463304,18.56476],[73.463516,18.564445],[73.463221,18.564125],[73.463202,18.563883],[73.463712,18.562853],[73.463717,18.56177],[73.464045,18.561338],[73.464015,18.560608],[73.464243,18.559815],[73.46515,18.559118],[73.465485,18.558335],[73.46618,18.558101],[73.466435,18.557854],[73.466518,18.557468],[73.466727,18.55746],[73.466864,18.556832],[73.466807,18.55519],[73.46711,18.553758],[73.466947,18.5524],[73.467226,18.551543],[73.468028,18.551899],[73.468532,18.552886],[73.46895,18.552604],[73.469248,18.552832],[73.469887,18.552492],[73.46968,18.554233],[73.470313,18.553595],[73.470544,18.553448],[73.470788,18.553623],[73.47101,18.5533],[73.471649,18.552899],[73.471134,18.552044],[73.471391,18.5518],[73.471305,18.551556],[73.471563,18.550824],[73.47152,18.550498],[73.472314,18.550396],[73.472528,18.5506],[73.472722,18.550376],[73.472764,18.549684],[73.472507,18.549522],[73.472764,18.5494],[73.472421,18.549237],[73.4724,18.548769],[73.472142,18.548891],[73.471777,18.548789],[73.47182,18.547284],[73.471649,18.547162],[73.471649,18.546836],[73.472014,18.54645],[73.472464,18.546429],[73.472936,18.545656],[73.473322,18.545331],[73.473365,18.545046],[73.473666,18.544883],[73.474481,18.542808],[73.474653,18.540489],[73.475189,18.539899],[73.475447,18.539899],[73.475704,18.540265],[73.476391,18.540265],[73.476434,18.540103],[73.476992,18.540184],[73.476992,18.540347],[73.476799,18.540286],[73.476863,18.540632],[73.477271,18.540449],[73.477335,18.540143],[73.477421,18.540265],[73.477635,18.540143],[73.478236,18.540876],[73.478837,18.540916],[73.479438,18.540632],[73.479996,18.540835],[73.480382,18.540754],[73.480725,18.541486],[73.48094,18.541405],[73.481412,18.541893],[73.481755,18.541852],[73.48227,18.542056],[73.482335,18.542361],[73.482013,18.542585],[73.481927,18.542422],[73.481777,18.542605],[73.481948,18.542727],[73.481948,18.543337],[73.48227,18.543317],[73.48242,18.543459],[73.482335,18.544965],[73.482506,18.544965],[73.482485,18.545188],[73.482957,18.545148],[73.483386,18.545311],[73.483601,18.544904],[73.483987,18.545107],[73.484201,18.544944],[73.48433,18.545067],[73.484824,18.544599],[73.485103,18.543927],[73.485446,18.543887],[73.485661,18.544049],[73.485789,18.543765],[73.486648,18.543439],[73.486927,18.543826],[73.486862,18.544253],[73.487334,18.544212],[73.487678,18.544578],[73.488107,18.54466],[73.488278,18.545067],[73.489094,18.545148],[73.489845,18.544436],[73.489587,18.543785],[73.49051,18.543317],[73.491025,18.542625],[73.491583,18.54234],[73.49184,18.542381],[73.491883,18.542544],[73.492098,18.5423],[73.492355,18.5423],[73.492355,18.542544],[73.491948,18.542727],[73.492141,18.543032],[73.49257,18.542991],[73.493214,18.542625],[73.494201,18.542625],[73.494437,18.542157],[73.494887,18.542015],[73.495081,18.54171],[73.495035,18.540806],[73.495531,18.540347],[73.495831,18.540306],[73.495831,18.540143],[73.49669,18.539859],[73.497153,18.540017],[73.49802,18.539696],[73.498235,18.539899],[73.498535,18.539614],[73.498793,18.539696],[73.498921,18.53937],[73.499651,18.538841],[73.499951,18.538801],[73.500316,18.539268],[73.500295,18.540225],[73.500638,18.539818],[73.500917,18.539757],[73.500659,18.539675],[73.500853,18.539452],[73.501453,18.53937],[73.502312,18.539736],[73.502698,18.540184],[73.503127,18.540021],[73.503513,18.540306],[73.503728,18.540184],[73.504071,18.540794],[73.504629,18.540265],[73.505123,18.540489],[73.505402,18.541161],[73.506174,18.540835],[73.506367,18.541506],[73.506925,18.541913],[73.506839,18.542402],[73.50729,18.542462],[73.50774,18.543053],[73.508182,18.54436],[73.508624,18.544545],[73.508942,18.544355],[73.509156,18.545239],[73.509307,18.544994],[73.509361,18.543873],[73.509221,18.543927],[73.509285,18.543663],[73.508856,18.543053],[73.509274,18.542695],[73.509388,18.542032],[73.509859,18.541701],[73.509744,18.541239],[73.510164,18.541067],[73.510193,18.540937],[73.509867,18.540796],[73.510015,18.537966],[73.510552,18.537295],[73.511989,18.537112],[73.512314,18.537332],[73.512611,18.53697],[73.513234,18.536787],[73.513169,18.536603],[73.512483,18.536278],[73.512118,18.535566],[73.512119,18.535137],[73.511624,18.534935],[73.511367,18.535017],[73.510938,18.534406],[73.510723,18.534528],[73.510573,18.534386],[73.510616,18.534182],[73.51023,18.53402],[73.510187,18.533613],[73.509908,18.533592],[73.5095,18.533206],[73.509715,18.533165],[73.509586,18.532758],[73.509886,18.532555],[73.509586,18.532433],[73.509629,18.532311],[73.510165,18.532331],[73.510294,18.532209],[73.510659,18.533328],[73.511667,18.534365],[73.511839,18.534325],[73.510916,18.533043],[73.510788,18.532433],[73.510959,18.531904],[73.511322,18.531573],[73.510535,18.53089],[73.51038,18.531151],[73.510079,18.530988],[73.510015,18.531253],[73.509736,18.531395],[73.5095,18.53109],[73.509672,18.530642],[73.509929,18.53052],[73.509908,18.530337],[73.510358,18.530317],[73.5104,18.52839],[73.51069,18.527201],[73.511222,18.526053],[73.514264,18.522179],[73.514328,18.52167],[73.514178,18.521405],[73.514502,18.520843],[73.513806,18.520717],[73.513447,18.520161],[73.513673,18.519568],[73.51317,18.518989],[73.512876,18.518137],[73.512946,18.51664],[73.512524,18.516425],[73.512295,18.515933],[73.512376,18.514817],[73.51254,18.514409],[73.5129,18.514187],[73.512751,18.513705],[73.512985,18.513423],[73.51297,18.512979],[73.513244,18.512184],[73.512884,18.511037],[73.513017,18.510547],[73.512829,18.510236],[73.512933,18.509685],[73.512375,18.508994],[73.512609,18.508723],[73.512118,18.508302],[73.512053,18.507346],[73.511903,18.507162],[73.512247,18.506756],[73.512289,18.506226],[73.512118,18.505941],[73.512289,18.505819],[73.512332,18.505372],[73.512204,18.505005],[73.512461,18.505046],[73.512289,18.504843],[73.512332,18.504639],[73.511946,18.504395],[73.51186,18.504069],[73.512032,18.503907],[73.511796,18.504009],[73.511667,18.503805],[73.511281,18.503724],[73.511002,18.503337],[73.511002,18.503134],[73.511474,18.502604],[73.511689,18.502604],[73.511388,18.50236],[73.511302,18.501994],[73.511088,18.501953],[73.511217,18.501709],[73.511045,18.501465],[73.511345,18.501099],[73.510809,18.500916],[73.510254,18.501092],[73.51038,18.5012],[73.509822,18.501282],[73.5095,18.501058],[73.509479,18.500834],[73.509285,18.500895],[73.509028,18.500447],[73.509071,18.5],[73.508878,18.499939],[73.508685,18.499511],[73.50877,18.499226],[73.509479,18.498881],[73.510165,18.49884],[73.510187,18.498575],[73.509758,18.498453],[73.509715,18.498046],[73.509886,18.49768],[73.509543,18.497477],[73.5095,18.49711],[73.509114,18.497395],[73.509135,18.497538],[73.508878,18.497375],[73.508749,18.497619],[73.508534,18.497619],[73.50817,18.497436],[73.507869,18.496011],[73.508019,18.495787],[73.508964,18.495706],[73.509049,18.495503],[73.508878,18.495665],[73.50877,18.495564],[73.508685,18.495157],[73.509414,18.494994],[73.509135,18.494811],[73.509006,18.494892],[73.508813,18.494668],[73.509114,18.494098],[73.508749,18.494282],[73.50862,18.494119],[73.50832,18.4942],[73.50832,18.494404],[73.508148,18.4942],[73.507869,18.494383],[73.507955,18.494587],[73.507633,18.49477],[73.507698,18.493976],[73.507311,18.493651],[73.50744,18.493244],[73.506818,18.49302],[73.506689,18.493346],[73.506196,18.492959],[73.506067,18.492104],[73.505552,18.492023],[73.505831,18.491514],[73.506968,18.491168],[73.506796,18.491005],[73.506839,18.490761],[73.506517,18.4907],[73.506303,18.490944],[73.505702,18.490904],[73.505402,18.49127],[73.504887,18.491514],[73.504951,18.491046],[73.504479,18.490843],[73.504479,18.490232],[73.504865,18.490029],[73.504586,18.489967],[73.504221,18.490191],[73.503878,18.491087],[73.503685,18.491188],[73.503578,18.491046],[73.503578,18.490639],[73.503792,18.490395],[73.503792,18.489866],[73.504007,18.489418],[73.504157,18.489276],[73.504629,18.489276],[73.505187,18.48956],[73.505466,18.489133],[73.505316,18.48895],[73.50508,18.48897],[73.504887,18.488584],[73.504372,18.488747],[73.50405,18.488482],[73.504672,18.488014],[73.505444,18.487892],[73.50553,18.488095],[73.505702,18.488095],[73.505895,18.487872],[73.505638,18.487179],[73.505337,18.486976],[73.505294,18.48661],[73.50435,18.486081],[73.504415,18.485898],[73.504994,18.485633],[73.504114,18.485491],[73.504071,18.485287],[73.503878,18.485389],[73.504007,18.484738],[73.503707,18.484493],[73.503707,18.483761],[73.50347,18.483537],[73.502269,18.483333],[73.501754,18.483415],[73.501196,18.482764],[73.500552,18.482764],[73.500423,18.482519],[73.499351,18.483415],[73.498921,18.483211],[73.498406,18.483415],[73.498085,18.48315],[73.498042,18.482906],[73.497655,18.482662],[73.49745,18.482841],[73.497419,18.483293],[73.497291,18.483374],[73.497162,18.483089],[73.49669,18.483089],[73.496518,18.483293],[73.496046,18.483374],[73.495145,18.48317],[73.49478,18.482865],[73.494673,18.482519],[73.494287,18.482479],[73.493471,18.482804],[73.492956,18.482194],[73.490725,18.482316],[73.490381,18.482031],[73.489909,18.48199],[73.489051,18.481054],[73.488115,18.48074],[73.487506,18.480281],[73.487276,18.47981],[73.487514,18.479118],[73.487365,18.479041],[73.487076,18.479192],[73.48663,18.479906],[73.48609,18.480321],[73.485746,18.480362],[73.485553,18.480667],[73.485292,18.480471],[73.485103,18.480932],[73.484459,18.481054],[73.483086,18.481746],[73.482485,18.481827],[73.481498,18.481461],[73.480296,18.481583],[73.47991,18.481909],[73.479309,18.481949],[73.478859,18.481685],[73.478816,18.481196],[73.478193,18.480688],[73.47755,18.480443],[73.477163,18.480647],[73.476391,18.480606],[73.47579,18.480118],[73.475361,18.479996],[73.475168,18.479813],[73.475425,18.479609],[73.474889,18.478856],[73.474588,18.478815],[73.474288,18.478408],[73.473859,18.47853],[73.473516,18.478245],[73.473172,18.478286],[73.472507,18.477737],[73.472443,18.477131],[73.471354,18.476704],[73.47093,18.475742],[73.470222,18.475885],[73.469814,18.475681],[73.469503,18.475101],[73.468859,18.475116],[73.468478,18.474908],[73.468307,18.474328],[73.467736,18.474011],[73.467331,18.473137],[73.466928,18.471066],[73.466697,18.470939],[73.466638,18.470642],[73.466805,18.470545],[73.466778,18.470336],[73.466493,18.470018],[73.466585,18.469774],[73.466395,18.469638],[73.466295,18.469232],[73.466408,18.468365],[73.466145,18.468197],[73.465716,18.4687],[73.466048,18.467367],[73.465453,18.467062],[73.465007,18.467479],[73.465072,18.467978],[73.464001,18.468124],[73.463916,18.468383],[73.464369,18.46894],[73.464348,18.469881],[73.464063,18.4704],[73.463666,18.470471],[73.463853,18.470686],[73.463661,18.47134],[73.463288,18.471865],[73.462895,18.472074],[73.462994,18.472211],[73.462791,18.47281],[73.462293,18.47313],[73.462224,18.4733],[73.462498,18.473875],[73.462294,18.474785],[73.460995,18.475722],[73.459606,18.476027],[73.459203,18.476505],[73.459195,18.47707],[73.458838,18.477248],[73.457366,18.477416],[73.456693,18.477337],[73.455781,18.476778],[73.455287,18.475569],[73.455003,18.475366],[73.454928,18.474704],[73.454724,18.474526],[73.454988,18.473616],[73.454424,18.473022],[73.454538,18.472279],[73.454357,18.471987],[73.4538,18.471715],[73.453584,18.471872],[73.452665,18.471562],[73.452401,18.470944],[73.452594,18.470654],[73.452519,18.470558],[73.451892,18.470252],[73.449923,18.468558],[73.449871,18.468244],[73.45017,18.467423],[73.449901,18.467077],[73.44981,18.466538],[73.449295,18.466467],[73.449005,18.4667],[73.448405,18.466614],[73.448657,18.466034],[73.448566,18.465878],[73.447788,18.466002],[73.447271,18.465624],[73.446822,18.465756],[73.44628,18.465622],[73.445803,18.465724],[73.444703,18.465487],[73.444199,18.465017],[73.443518,18.464793],[73.443448,18.464264],[73.443182,18.46414],[73.44281,18.46319],[73.441705,18.462009],[73.441721,18.461353],[73.441093,18.460809],[73.441273,18.460008],[73.441034,18.460005],[73.440866,18.460245],[73.438939,18.459091],[73.438116,18.459277],[73.438092,18.459458],[73.437767,18.459521],[73.43767,18.459213],[73.436686,18.458638],[73.43589,18.458883],[73.43575,18.460101],[73.440149,18.466329],[73.440377,18.466434],[73.4406,18.467228],[73.442124,18.467648],[73.442498,18.4681],[73.442455,18.468258],[73.443309,18.469004],[73.443207,18.46927],[73.443721,18.470292],[73.44486,18.470551],[73.44561,18.470953],[73.446064,18.471505],[73.446313,18.472235],[73.446637,18.4724],[73.446933,18.473283],[73.447075,18.474077],[73.447013,18.474827],[73.44741,18.475163],[73.447155,18.475466],[73.446723,18.475555],[73.446461,18.476089],[73.445473,18.475969],[73.444808,18.476101],[73.444194,18.475872],[73.444443,18.476294],[73.444371,18.476605],[73.443646,18.476851],[73.442853,18.476602],[73.442064,18.477416],[73.440964,18.477798],[73.440369,18.47819],[73.439891,18.479863],[73.438185,18.482133],[73.437949,18.484056],[73.438142,18.484676],[73.437263,18.485134],[73.43648,18.485979],[73.435954,18.486243],[73.435836,18.486762],[73.436093,18.487261],[73.43664,18.487465],[73.437134,18.487312],[73.439065,18.487536],[73.439752,18.487119],[73.439572,18.486829],[73.440202,18.486681],[73.440717,18.486783],[73.441608,18.486549],[73.443464,18.486813],[73.444054,18.486691],[73.444473,18.485735],[73.445876,18.485747],[73.447927,18.486101],[73.448485,18.485989],[73.448592,18.485735],[73.448893,18.485613],[73.449569,18.48602],[73.451414,18.485236],[73.451757,18.484911],[73.452905,18.484941],[73.453356,18.484503],[73.453463,18.483913],[73.453946,18.483608],[73.456124,18.483679],[73.45812,18.48316],[73.45813,18.48372],[73.458474,18.483801],[73.458656,18.48432],[73.458796,18.484341],[73.459686,18.483577],[73.460163,18.48344],[73.46056,18.483013],[73.46158,18.482555],[73.462164,18.482489],[73.462781,18.482545],[73.462856,18.482804],[73.463741,18.483227],[73.465088,18.483466],[73.465254,18.484056],[73.465807,18.483588],[73.466499,18.483318],[73.468124,18.483059],[73.468639,18.483328],[73.468881,18.483211],[73.469396,18.483374],[73.469353,18.483537],[73.469632,18.483313],[73.469954,18.483293],[73.470419,18.483744],[73.471198,18.483659],[73.471813,18.484459],[73.471876,18.484862],[73.472872,18.484229],[73.47446,18.484188],[73.474546,18.484392],[73.474932,18.484392],[73.475699,18.484753],[73.475892,18.485059],[73.476434,18.485002],[73.476713,18.485226],[73.476719,18.485635],[73.476949,18.486062],[73.477614,18.486203],[73.478236,18.48663],[73.478494,18.486508],[73.478622,18.486671],[73.47888,18.48663],[73.478644,18.486813],[73.478708,18.486996],[73.479052,18.486752],[73.479223,18.487119],[73.479159,18.487505],[73.479095,18.487363],[73.478987,18.487546],[73.479309,18.48777],[73.479567,18.487648],[73.480031,18.488024],[73.480586,18.487823],[73.480838,18.487889],[73.481345,18.48837],[73.481305,18.488668],[73.481532,18.488722],[73.481989,18.488736],[73.482144,18.488455],[73.482471,18.488493],[73.483129,18.487892],[73.483343,18.488055],[73.48433,18.488014],[73.484759,18.488136],[73.484974,18.48838],[73.48609,18.488258],[73.486733,18.488421],[73.487206,18.488095],[73.487806,18.488095],[73.488193,18.488339],[73.488579,18.488177],[73.488965,18.488462],[73.489351,18.488462],[73.48991,18.488955],[73.490081,18.488747],[73.490725,18.488787],[73.490918,18.489011],[73.490703,18.489215],[73.490832,18.489459],[73.490982,18.48956],[73.491282,18.489438],[73.491531,18.489661],[73.491733,18.48897],[73.492039,18.489471],[73.492527,18.489316],[73.492656,18.488869],[73.492956,18.488828],[73.493042,18.489203],[73.49386,18.488812],[73.494473,18.489269],[73.494598,18.489512],[73.494385,18.490283],[73.494973,18.490288],[73.495004,18.491042],[73.49541,18.491727],[73.496136,18.490923],[73.496549,18.490893],[73.496911,18.491469],[73.497324,18.491487],[73.497454,18.491994],[73.497956,18.492308],[73.497999,18.493447],[73.498707,18.493305],[73.499157,18.493895],[73.499243,18.49418],[73.499093,18.494404],[73.498406,18.494607],[73.498192,18.494363],[73.49817,18.494709],[73.498879,18.495136],[73.499351,18.495096],[73.499501,18.495238],[73.499436,18.49538],[73.4992,18.495442],[73.498964,18.49591],[73.498492,18.496072],[73.498149,18.49591],[73.498042,18.496133],[73.498793,18.496317],[73.499136,18.496602],[73.499694,18.496235],[73.500423,18.496154],[73.501067,18.495299],[73.501282,18.49534],[73.501689,18.496215],[73.501604,18.4965],[73.501067,18.496846],[73.500123,18.496886],[73.499973,18.497314],[73.500509,18.497253],[73.501239,18.497619],[73.501925,18.497619],[73.502827,18.497171],[73.503277,18.497395],[73.502987,18.497695],[73.50111,18.498311],[73.50111,18.498555],[73.501539,18.498596],[73.501925,18.498881],[73.502441,18.498718],[73.502655,18.498799],[73.502483,18.499979],[73.502827,18.500224],[73.502977,18.499634],[73.503256,18.49945],[73.503728,18.499695],[73.504286,18.499532],[73.504479,18.499715],[73.504608,18.500163],[73.504307,18.500814],[73.504694,18.501017],[73.504736,18.501587],[73.503878,18.502564],[73.504114,18.502747],[73.504586,18.502462],[73.505101,18.502503],[73.505724,18.503134],[73.505852,18.50411],[73.505724,18.504761],[73.50538,18.505128],[73.505724,18.505779],[73.505766,18.506633],[73.506324,18.507244],[73.506324,18.507488],[73.506196,18.507814],[73.505809,18.508098],[73.506024,18.508994],[73.505814,18.509208],[73.504694,18.509156],[73.504608,18.50936],[73.504844,18.509421],[73.504994,18.509685],[73.504865,18.510011],[73.504951,18.510296],[73.504651,18.510825],[73.504254,18.511046],[73.504299,18.511347],[73.504085,18.511704],[73.504595,18.512607],[73.50489,18.512617],[73.505162,18.514201],[73.504852,18.51508],[73.505234,18.516489],[73.504795,18.517554],[73.504842,18.518403],[73.504639,18.519036],[73.504822,18.519493],[73.504779,18.519981],[73.505123,18.520673],[73.50538,18.521853],[73.505337,18.522504],[73.503899,18.524176],[73.502916,18.52444],[73.501982,18.524325],[73.501588,18.523737],[73.50118,18.523481],[73.500724,18.522565],[73.500381,18.522606],[73.500145,18.522423],[73.500102,18.522057],[73.50028,18.521791],[73.499889,18.521499],[73.499303,18.520137],[73.498697,18.519832],[73.498619,18.519322],[73.498192,18.519147],[73.497437,18.51935],[73.497398,18.519615],[73.496947,18.519554],[73.496668,18.519371],[73.496733,18.518455],[73.495102,18.518618],[73.494759,18.518333],[73.494415,18.518577],[73.493814,18.518577],[73.493085,18.518048],[73.493278,18.518638],[73.493235,18.519778],[73.493493,18.520307],[73.493922,18.520551],[73.494179,18.52108],[73.494394,18.52226],[73.494995,18.52283],[73.494823,18.523684],[73.494909,18.523928],[73.495145,18.52403],[73.495317,18.523705],[73.49581,18.523481],[73.495939,18.52405],[73.495767,18.524457],[73.496282,18.524946],[73.495896,18.525312],[73.496711,18.525719],[73.496583,18.526451],[73.496067,18.527143],[73.496368,18.527631],[73.496239,18.528323],[73.496325,18.528893],[73.49611,18.529462],[73.495531,18.530052],[73.494844,18.530337],[73.494565,18.530154],[73.494565,18.53048],[73.494394,18.530642],[73.494523,18.531334],[73.494136,18.531741],[73.494093,18.532311],[73.4936,18.532535],[73.492999,18.532453],[73.492913,18.532616],[73.49287,18.532494],[73.492591,18.533206],[73.492184,18.533552],[73.49154,18.533714],[73.491411,18.534121],[73.491025,18.533796],[73.490553,18.534081],[73.48948,18.533755],[73.48918,18.533877],[73.487892,18.532819],[73.487506,18.532901],[73.487334,18.532535],[73.487141,18.532555],[73.487163,18.532372],[73.486819,18.532372],[73.486648,18.532006],[73.486219,18.531924],[73.486219,18.531721],[73.485961,18.531721],[73.485918,18.531436],[73.485703,18.531477],[73.485339,18.531009],[73.485274,18.530541],[73.484631,18.53111],[73.483987,18.530866],[73.483772,18.531029],[73.483579,18.530642],[73.483129,18.530296],[73.482828,18.530378],[73.482184,18.530947],[73.481712,18.530907],[73.481455,18.530378],[73.481283,18.530703],[73.480554,18.530825],[73.479674,18.530154],[73.479545,18.529747],[73.479245,18.529544],[73.479137,18.529076],[73.478665,18.529239],[73.476906,18.528913],[73.476541,18.529177],[73.476541,18.529422],[73.476155,18.529829],[73.476176,18.530581],[73.475876,18.530581],[73.47549,18.530215],[73.475146,18.530663],[73.474503,18.530703],[73.473773,18.53107],[73.473558,18.530825],[73.473172,18.53107],[73.472786,18.531029],[73.472335,18.530683],[73.472078,18.530154],[73.472121,18.529381],[73.472464,18.529137],[73.472593,18.528567],[73.472378,18.528527],[73.472593,18.528404],[73.472271,18.528384],[73.471541,18.527774],[73.470812,18.527733],[73.470511,18.527489],[73.469524,18.527489],[73.469117,18.527062],[73.469074,18.526533],[73.469288,18.525719],[73.46916,18.52462],[73.468516,18.524132],[73.468301,18.522992],[73.467915,18.522667],[73.468044,18.521772],[73.467701,18.521365],[73.467701,18.520429],[73.467293,18.520124],[73.466864,18.520693],[73.466542,18.520551],[73.466241,18.519696],[73.466413,18.519249],[73.466349,18.518984],[73.465104,18.520368],[73.464396,18.520592],[73.464525,18.520876],[73.464396,18.521487],[73.465126,18.522463],[73.464868,18.523196],[73.464954,18.523603],[73.46431,18.524172],[73.464739,18.524417],[73.464696,18.5258],[73.46431,18.526533],[73.464181,18.527387],[73.463709,18.527998],[73.463323,18.528974],[73.462529,18.529279],[73.4621,18.528994],[73.461585,18.529035],[73.460963,18.528282],[73.461306,18.527021],[73.46122,18.526777],[73.461478,18.52637],[73.461349,18.526085],[73.461692,18.525678],[73.461735,18.52523],[73.461585,18.525007],[73.460684,18.525698],[73.459525,18.525292],[73.459182,18.525373],[73.458903,18.525149],[73.458624,18.524518],[73.458066,18.524559],[73.456864,18.524193],[73.456242,18.523399],[73.456371,18.522911],[73.456221,18.522769],[73.455555,18.524172],[73.455191,18.524437],[73.454955,18.523684],[73.454354,18.523155],[73.454397,18.522504],[73.453646,18.521751],[73.452659,18.522443],[73.452101,18.522443],[73.451951,18.522301],[73.451779,18.521772],[73.451994,18.520388],[73.451028,18.520286],[73.450298,18.52049],[73.450105,18.519615],[73.45017,18.519188],[73.449354,18.51931],[73.448539,18.518455],[73.447895,18.518577],[73.447208,18.518496],[73.446436,18.518862],[73.446393,18.519228],[73.446221,18.518862],[73.445706,18.518943],[73.44532,18.518699],[73.445363,18.519188],[73.445149,18.51931],[73.444569,18.519249],[73.444977,18.519757],[73.445449,18.519717],[73.445578,18.519839],[73.445921,18.519595],[73.446479,18.519717],[73.447208,18.51931],[73.448088,18.519412],[73.44826,18.519778],[73.44826,18.521487],[73.448431,18.521812],[73.448389,18.522179],[73.448217,18.522301],[73.448389,18.523074],[73.448303,18.523521],[73.448582,18.523542],[73.448839,18.523298],[73.449204,18.523562],[73.449118,18.525108],[73.449268,18.525251],[73.44974,18.525251],[73.449826,18.525088],[73.449998,18.52521],[73.450642,18.524681],[73.451049,18.52519],[73.450964,18.526207],[73.451071,18.52639],[73.451929,18.526675],[73.452208,18.527021],[73.45238,18.528201],[73.452702,18.528465],[73.453195,18.528486],[73.453453,18.529422],[73.453367,18.52991],[73.45371,18.530235],[73.453667,18.531171],[73.454268,18.531904],[73.454354,18.532392],[73.454526,18.532514],[73.454483,18.532799],[73.454225,18.533043],[73.454354,18.534874],[73.453903,18.535546],[73.453581,18.535484],[73.453474,18.535912],[73.452444,18.536237],[73.452101,18.53579],[73.451457,18.536522],[73.451157,18.536563],[73.450684,18.537051],[73.450255,18.537132],[73.449826,18.536481],[73.44914,18.536563],[73.448753,18.536929],[73.448496,18.536929],[73.447959,18.536339],[73.447874,18.535932],[73.44738,18.53579],[73.447316,18.536542],[73.446972,18.537397],[73.445964,18.538678],[73.445621,18.538434],[73.444526,18.538251],[73.444483,18.536949],[73.444011,18.536624],[73.443818,18.535952],[73.442659,18.536074],[73.442166,18.535769],[73.442059,18.535464],[73.441586,18.535301],[73.439999,18.534233],[73.438636,18.532906],[73.438057,18.533124],[73.437987,18.533328],[73.438464,18.534569],[73.43818,18.534869],[73.438126,18.535342],[73.43781,18.5355],[73.437976,18.536191],[73.437638,18.536283],[73.437644,18.536502],[73.437957,18.53668],[73.43854,18.536278],[73.438845,18.536395],[73.439001,18.53668],[73.439494,18.536207],[73.44009,18.53611],[73.440235,18.536298],[73.440025,18.537173],[73.440197,18.537748],[73.439703,18.538231],[73.439875,18.538729],[73.440138,18.538806],[73.440286,18.539302],[73.440583,18.539218],[73.44075,18.53934],[73.440605,18.540108],[73.441189,18.539996],[73.441495,18.540265],[73.44197,18.540108],[73.442032,18.540774],[73.442777,18.540769],[73.442844,18.541252],[73.443268,18.541412],[73.443582,18.541984],[73.443545,18.542285],[73.443231,18.542635],[73.44308,18.54337],[73.442506,18.543719],[73.442383,18.544408],[73.442804,18.544766],[73.442729,18.54526],[73.442989,18.545331],[73.443585,18.544886],[73.443893,18.544906],[73.444059,18.544182],[73.444888,18.543172],[73.445135,18.543177],[73.4451,18.54365],[73.445382,18.543607],[73.445779,18.542803],[73.445548,18.54274],[73.445602,18.542432],[73.445916,18.542366],[73.446473,18.541677],[73.447294,18.541135],[73.44804,18.541573],[73.448238,18.541901],[73.448906,18.541377],[73.449765,18.541379],[73.450379,18.541768],[73.450502,18.542132],[73.450977,18.542226],[73.451527,18.542714],[73.452066,18.542686],[73.452195,18.542956],[73.452849,18.541893],[73.452924,18.541155],[73.454732,18.53949],[73.455228,18.539401],[73.456172,18.53981],[73.456773,18.540454],[73.45728,18.540159],[73.457752,18.540286],[73.4582,18.540075],[73.458396,18.539772],[73.458661,18.539787],[73.458973,18.540125],[73.459571,18.540141],[73.459587,18.541283],[73.460697,18.539731],[73.461341,18.539373],[73.461682,18.53948],[73.461692,18.540207],[73.461148,18.541697],[73.460453,18.542399],[73.460324,18.542788],[73.45989,18.542999],[73.458774,18.544362],[73.45658,18.547704],[73.456301,18.549379],[73.455727,18.550552],[73.455845,18.550666],[73.455558,18.552553],[73.455711,18.553033],[73.455475,18.55372],[73.455732,18.554134],[73.455625,18.555197],[73.456011,18.555223],[73.455802,18.556077],[73.456014,18.556715],[73.455614,18.557809],[73.454952,18.558416],[73.454622,18.558414],[73.45423,18.558699],[73.454029,18.559197],[73.454284,18.559594],[73.454206,18.560006],[73.453442,18.560463],[73.452938,18.561297],[73.452487,18.561302],[73.451964,18.561847],[73.451629,18.561859],[73.451513,18.561562],[73.451114,18.561925],[73.450899,18.561874],[73.450918,18.562286],[73.450658,18.562719],[73.449416,18.562175],[73.44911,18.562589],[73.448507,18.562912],[73.448056,18.563756],[73.447525,18.563858],[73.447833,18.564651],[73.447072,18.564743],[73.446752,18.565719],[73.44646,18.566042],[73.446248,18.56521],[73.445612,18.565053],[73.445438,18.564437],[73.444985,18.563977],[73.44492,18.563692],[73.444609,18.564005],[73.443958,18.563748],[73.443869,18.563573],[73.443539,18.563733],[73.443247,18.563682],[73.442971,18.563039],[73.442987,18.562429],[73.442735,18.562192],[73.442777,18.562012],[73.442399,18.561961],[73.442225,18.560946],[73.441831,18.561073],[73.441629,18.560628],[73.44134,18.56042],[73.441214,18.559708],[73.440801,18.559502],[73.440632,18.558627],[73.440739,18.558345],[73.440076,18.558068],[73.439811,18.556903],[73.439135,18.556039],[73.439046,18.55534],[73.438413,18.554844],[73.438285,18.554378],[73.438566,18.553593],[73.438438,18.553206],[73.438827,18.551775],[73.439543,18.551317],[73.439658,18.550829],[73.440084,18.550213],[73.441042,18.54942],[73.441619,18.548637],[73.442112,18.548372],[73.442592,18.547103],[73.443652,18.545829],[73.442289,18.546333],[73.442372,18.545667],[73.441916,18.545562],[73.441227,18.545728],[73.440723,18.546305],[73.440431,18.546305],[73.440173,18.545997],[73.439199,18.546195],[73.438617,18.545341],[73.438081,18.545067],[73.437839,18.544604],[73.437649,18.545107],[73.438038,18.545344],[73.437855,18.545903],[73.437622,18.546109],[73.437772,18.546394],[73.437713,18.546966],[73.43685,18.547208],[73.436289,18.547169],[73.435852,18.546722],[73.435879,18.546234],[73.435592,18.545237],[73.435683,18.544685],[73.435431,18.544863],[73.434149,18.544815],[73.433926,18.544428],[73.434004,18.543734],[73.433795,18.543619],[73.433186,18.543734],[73.432829,18.543619],[73.431982,18.543897],[73.431644,18.543803],[73.43126,18.543439],[73.430874,18.543851],[73.430066,18.54367],[73.428411,18.542145],[73.428098,18.541522],[73.427532,18.541285],[73.427556,18.540881],[73.42728,18.541158],[73.427913,18.541847],[73.4281,18.542277],[73.428004,18.542699],[73.427577,18.54306],[73.427848,18.544606],[73.428621,18.545201],[73.428929,18.545738],[73.429248,18.545819],[73.429291,18.546185],[73.428905,18.546592],[73.429291,18.547365],[73.428948,18.547691],[73.42942,18.548098],[73.429506,18.548708],[73.42912,18.550905],[73.428819,18.551271],[73.428647,18.551841],[73.427939,18.552309],[73.427381,18.552065],[73.426995,18.552227],[73.426738,18.551739],[73.42618,18.551861],[73.425322,18.551129],[73.424635,18.55182],[73.424335,18.55182],[73.424077,18.551576],[73.423348,18.55178],[73.423111,18.551312],[73.422832,18.55121],[73.422554,18.550824],[73.422682,18.550173],[73.422425,18.550091],[73.422425,18.549929],[73.422661,18.549868],[73.423026,18.5494],[73.422704,18.549501],[73.422339,18.5494],[73.422382,18.548952],[73.42221,18.548667],[73.422511,18.548423],[73.422554,18.548098],[73.422275,18.547752],[73.421781,18.548057],[73.421717,18.548362],[73.421373,18.547874],[73.421266,18.547935],[73.421309,18.548342],[73.42088,18.548545],[73.421009,18.549196],[73.42073,18.549908],[73.420579,18.549684],[73.42088,18.549196],[73.420601,18.548932],[73.420172,18.549298],[73.419786,18.549339],[73.419464,18.549115],[73.419399,18.548688],[73.419163,18.548789],[73.419034,18.549562],[73.418691,18.549806],[73.418584,18.550152],[73.418155,18.550152],[73.417983,18.549745],[73.417125,18.549949],[73.416846,18.549684],[73.416846,18.5494],[73.41661,18.549339],[73.416138,18.549989],[73.415708,18.550356],[73.415451,18.550356],[73.415215,18.550213],[73.415129,18.549766],[73.414936,18.549583],[73.414249,18.54942],[73.413799,18.549766],[73.413799,18.550498],[73.413434,18.551413],[73.413026,18.55119],[73.412662,18.550641],[73.41264,18.550905],[73.412168,18.551271],[73.412576,18.551292],[73.412683,18.551597],[73.412447,18.551902],[73.411481,18.552329],[73.411953,18.552573],[73.411717,18.553],[73.411074,18.552715],[73.410301,18.552675],[73.410001,18.553163],[73.409615,18.553204],[73.409314,18.553122],[73.409143,18.552878],[73.408992,18.553021],[73.409207,18.553346],[73.408713,18.553814],[73.408284,18.553977],[73.407597,18.554831],[73.407211,18.554221],[73.406868,18.554465],[73.406568,18.554099],[73.40631,18.554343],[73.405924,18.553855],[73.405623,18.553977],[73.405366,18.553489],[73.40498,18.553733],[73.404336,18.553651],[73.404229,18.553509],[73.4044,18.553183],[73.404121,18.552837],[73.403971,18.553305],[73.403735,18.553489],[73.402877,18.553366],[73.402791,18.55296],[73.402276,18.553122],[73.402126,18.552777],[73.402512,18.55237],[73.402276,18.552553],[73.401804,18.552553],[73.401697,18.55241],[73.401954,18.551963],[73.401761,18.551983],[73.401632,18.551739],[73.401117,18.552146],[73.400796,18.551759],[73.400796,18.551068],[73.400559,18.551007],[73.400002,18.551536],[73.399744,18.551169],[73.399358,18.551536],[73.399186,18.551169],[73.398972,18.551251],[73.398864,18.551597],[73.398242,18.552187],[73.398006,18.552085],[73.398006,18.551597],[73.397856,18.551454],[73.397877,18.551719],[73.397577,18.552044],[73.397266,18.551942],[73.396719,18.552364],[73.396493,18.553199],[73.395721,18.553611],[73.396059,18.554048],[73.395967,18.55449],[73.395383,18.554765],[73.394895,18.55477],[73.393591,18.554022],[73.393478,18.553539],[73.393065,18.553839],[73.392776,18.553229],[73.392261,18.55267],[73.392051,18.551749],[73.391504,18.55123],[73.391493,18.550966],[73.392255,18.549908],[73.392255,18.549247],[73.392127,18.549206],[73.391944,18.54999],[73.391064,18.550651],[73.390871,18.55119],[73.391402,18.551841],[73.391354,18.552716],[73.390662,18.553224],[73.39056,18.553626],[73.389965,18.55387],[73.390206,18.554007],[73.390544,18.553905],[73.390995,18.553432],[73.39159,18.553372],[73.392336,18.554755],[73.392475,18.555309],[73.393025,18.555411],[73.392819,18.556186],[73.393159,18.555998],[73.393379,18.556064],[73.393414,18.555782],[73.393618,18.555691],[73.394245,18.555797],[73.394905,18.556616],[73.395286,18.556657],[73.395479,18.556504],[73.395335,18.556387],[73.395335,18.556072],[73.396456,18.555792],[73.396579,18.555553],[73.396815,18.555523],[73.396955,18.555035],[73.397427,18.555075],[73.397448,18.554689],[73.39822,18.554363],[73.398542,18.553651],[73.399015,18.553895],[73.399787,18.553692],[73.399766,18.554078],[73.399873,18.554099],[73.400109,18.553834],[73.399808,18.553509],[73.399894,18.553143],[73.400173,18.55296],[73.400559,18.553],[73.400752,18.553265],[73.400559,18.553611],[73.400903,18.553651],[73.401032,18.553855],[73.401332,18.553448],[73.401675,18.55357],[73.402147,18.554343],[73.402319,18.554099],[73.402598,18.55416],[73.402555,18.554445],[73.402383,18.554526],[73.402491,18.554628],[73.402834,18.554424],[73.403692,18.554424],[73.403606,18.55536],[73.403928,18.555299],[73.403885,18.554892],[73.404078,18.554709],[73.405108,18.554912],[73.405087,18.554729],[73.405366,18.554628],[73.405752,18.554831],[73.405902,18.555177],[73.405387,18.555909],[73.405752,18.556011],[73.406138,18.555563],[73.406289,18.555624],[73.406031,18.556357],[73.40616,18.556601],[73.406074,18.556926],[73.40661,18.557313],[73.406997,18.556784],[73.407254,18.556784],[73.40749,18.557374],[73.407426,18.558127],[73.407898,18.557679],[73.40837,18.557638],[73.408627,18.557435],[73.409057,18.55772],[73.409657,18.55715],[73.410173,18.557964],[73.410709,18.557618],[73.410645,18.557475],[73.411202,18.557313],[73.41146,18.556987],[73.411675,18.557231],[73.411911,18.557211],[73.411782,18.557455],[73.412168,18.557821],[73.412039,18.558472],[73.412619,18.558208],[73.412941,18.558554],[73.412983,18.558879],[73.413327,18.559042],[73.413391,18.559347],[73.414292,18.559266],[73.414571,18.559042],[73.4144,18.558472],[73.414957,18.55831],[73.415043,18.55713],[73.415515,18.556926],[73.415708,18.556214],[73.416202,18.556438],[73.416266,18.556865],[73.416846,18.555787],[73.417296,18.555319],[73.418284,18.555401],[73.418348,18.555014],[73.418648,18.554851],[73.418884,18.554465],[73.419614,18.554628],[73.41955,18.555014],[73.419657,18.555116],[73.419957,18.554872],[73.420086,18.555156],[73.420601,18.554831],[73.421116,18.55479],[73.421588,18.554424],[73.421631,18.554628],[73.422403,18.554506],[73.422918,18.554831],[73.423133,18.554587],[73.42339,18.554628],[73.423648,18.554302],[73.42412,18.554221],[73.424292,18.554465],[73.424614,18.554567],[73.424592,18.55475],[73.424978,18.55479],[73.425021,18.555035],[73.425879,18.554709],[73.42633,18.555055],[73.425858,18.555991],[73.425944,18.556194],[73.425815,18.556397],[73.426287,18.55656],[73.426373,18.557008],[73.426115,18.557496],[73.425729,18.55774],[73.426115,18.558106],[73.426158,18.55835],[73.425772,18.558635],[73.425815,18.559001],[73.425708,18.559062],[73.425622,18.558859],[73.425558,18.559286],[73.425257,18.559367],[73.425043,18.559937],[73.425257,18.560059],[73.424699,18.560384],[73.424721,18.560527],[73.425128,18.560547],[73.425171,18.560873],[73.424635,18.560812],[73.424485,18.560954],[73.424957,18.561076],[73.424614,18.561157],[73.424699,18.561768],[73.423862,18.562886],[73.423262,18.563293],[73.423004,18.563293],[73.422661,18.562846],[73.422554,18.562947],[73.422425,18.563517],[73.422811,18.564005],[73.422275,18.564229],[73.421717,18.565002],[73.42118,18.564697],[73.421137,18.564453],[73.421824,18.562703],[73.42176,18.56248],[73.421502,18.562439],[73.42088,18.563354],[73.420129,18.563863],[73.419657,18.563497],[73.419313,18.563578],[73.419099,18.56309],[73.418798,18.563375],[73.418498,18.563415],[73.418069,18.563253],[73.417425,18.562561],[73.416738,18.562561],[73.416674,18.563191],[73.416288,18.563924],[73.416052,18.564148],[73.415708,18.564188],[73.415451,18.564636],[73.414657,18.564005],[73.4147,18.563558],[73.414249,18.563456],[73.414056,18.563924],[73.414142,18.564575],[73.41337,18.565226],[73.413455,18.565795],[73.413327,18.565999],[73.413134,18.5661],[73.412833,18.565938],[73.411846,18.567158],[73.41146,18.567158],[73.411117,18.566955],[73.410687,18.567605],[73.410044,18.567646],[73.409357,18.56846],[73.408842,18.568623],[73.408091,18.568602],[73.40749,18.569701],[73.406675,18.570189],[73.406975,18.570636],[73.406804,18.570962],[73.405881,18.571592],[73.405795,18.571877],[73.405302,18.572101],[73.405344,18.572467],[73.404357,18.573687],[73.4044,18.574338],[73.404121,18.574684]],[[73.481348,18.531049],[73.481154,18.53111],[73.48124,18.530988],[73.481348,18.531049]],[[73.485661,18.532331],[73.485553,18.532229],[73.485661,18.532087],[73.485725,18.532148],[73.485661,18.532331]],[[73.464651,18.53288],[73.465136,18.533547],[73.465024,18.533773],[73.464833,18.533669],[73.464651,18.53288]],[[73.457251,18.539614],[73.457165,18.539574],[73.457294,18.539452],[73.457251,18.539614]],[[73.470501,18.545072],[73.470603,18.546226],[73.470506,18.546491],[73.47027,18.546547],[73.469669,18.546124],[73.470018,18.545926],[73.469648,18.545229],[73.469932,18.544746],[73.470302,18.544782],[73.470501,18.545072]],[[73.426244,18.554689],[73.426287,18.554526],[73.426373,18.554526],[73.426373,18.554648],[73.426244,18.554689]],[[73.453426,18.56726],[73.453758,18.567476],[73.45393,18.567926],[73.453734,18.567883],[73.453426,18.56726]],[[73.415601,18.572996],[73.415451,18.573057],[73.415494,18.572935],[73.415601,18.572996]],[[73.454434,18.580125],[73.454748,18.580341],[73.454555,18.580827],[73.454332,18.58061],[73.454295,18.580262],[73.454434,18.580125]]]]}},{"type":"Feature","properties":{"id":"wb_pavana","name":"Pavana Reservoir","district":"Pune","kind":"reservoir","tier":1,"drinking_water":true,"urban":false,"source":"osm","osm_id":"relation/1894403","osm_name":"Pavana Lake"},"geometry":{"type":"MultiPolygon","coordinates":[[[[73.414912,18.689324],[73.414853,18.688016],[73.415006,18.687886],[73.414794,18.687289],[73.414933,18.685884],[73.414644,18.686428],[73.414188,18.686715],[73.414086,18.687216],[73.41392,18.687322],[73.413748,18.687213],[73.413772,18.687444],[73.413453,18.68704],[73.413469,18.686748],[73.413225,18.686408],[73.413163,18.685788],[73.412898,18.685285],[73.412857,18.685816],[73.41305,18.685965],[73.413099,18.686306],[73.412871,18.686423],[73.413075,18.688118],[73.412627,18.688405],[73.412597,18.688725],[73.412474,18.688735],[73.412396,18.688567],[73.412517,18.688519],[73.412141,18.688199],[73.412031,18.686532],[73.41175,18.686865],[73.411626,18.687477],[73.411457,18.687421],[73.411538,18.689238],[73.411862,18.690592],[73.411575,18.691487],[73.41113,18.691715],[73.410907,18.692112],[73.410674,18.692096],[73.409888,18.692543],[73.409413,18.692498],[73.408488,18.691128],[73.40786,18.690757],[73.406801,18.690653],[73.405894,18.690854],[73.404687,18.690793],[73.404365,18.691117],[73.403816,18.691161],[73.403762,18.691326],[73.404103,18.691354],[73.404792,18.690966],[73.405991,18.691057],[73.406892,18.690851],[73.407729,18.691268],[73.407726,18.691756],[73.407868,18.691382],[73.408351,18.691454],[73.409183,18.693346],[73.409413,18.694594],[73.409566,18.693565],[73.410124,18.692983],[73.41073,18.692711],[73.411723,18.692559],[73.411838,18.692808],[73.411664,18.693588],[73.412428,18.69295],[73.412696,18.694198],[73.413016,18.694612],[73.412903,18.694792],[73.412699,18.694739],[73.41283,18.695077],[73.412758,18.695714],[73.41311,18.695166],[73.413356,18.695168],[73.413686,18.69559],[73.413681,18.695935],[73.413965,18.695524],[73.413729,18.694553],[73.413292,18.693756],[73.413257,18.692635],[73.4137,18.692513],[73.413804,18.692864],[73.413587,18.692975],[73.413531,18.693415],[73.414477,18.694287],[73.414786,18.694998],[73.415134,18.695171],[73.415226,18.695656],[73.415658,18.696149],[73.415572,18.696355],[73.41521,18.696494],[73.415746,18.69684],[73.415427,18.698143],[73.415086,18.698318],[73.414644,18.698209],[73.415105,18.698705],[73.41488,18.699208],[73.414392,18.699497],[73.414362,18.699706],[73.414502,18.699729],[73.414341,18.69997],[73.414957,18.69953],[73.414888,18.69999],[73.415027,18.700082],[73.415336,18.69981],[73.415255,18.699256],[73.415373,18.699025],[73.415762,18.698794],[73.416089,18.698819],[73.416162,18.697732],[73.416022,18.697178],[73.416398,18.696507],[73.416851,18.696393],[73.417015,18.69686],[73.417221,18.696985],[73.417168,18.69732],[73.417363,18.697249],[73.417211,18.696365],[73.417361,18.696111],[73.417229,18.695851],[73.417323,18.69513],[73.417736,18.694147],[73.418066,18.694851],[73.417833,18.69604],[73.418106,18.69621],[73.41868,18.696156],[73.418887,18.696581],[73.418718,18.696781],[73.418286,18.696858],[73.418552,18.697417],[73.418487,18.698016],[73.417991,18.698877],[73.417667,18.698885],[73.417927,18.699164],[73.417817,18.699647],[73.417586,18.699782],[73.417803,18.699983],[73.417704,18.700191],[73.417828,18.70058],[73.417312,18.700915],[73.416867,18.700656],[73.41669,18.70109],[73.416862,18.700862],[73.41728,18.7012],[73.417921,18.701116],[73.418203,18.701819],[73.417983,18.702114],[73.418482,18.70217],[73.419182,18.702701],[73.419077,18.703052],[73.419431,18.703128],[73.419686,18.703633],[73.419627,18.703905],[73.419901,18.704172],[73.419906,18.703626],[73.420169,18.703923],[73.420005,18.704378],[73.420228,18.70403],[73.420649,18.704185],[73.420266,18.703926],[73.420494,18.703702],[73.420196,18.703717],[73.419324,18.702246],[73.418629,18.701911],[73.41834,18.700933],[73.418777,18.700353],[73.418648,18.699792],[73.418884,18.699452],[73.418713,18.699332],[73.41886,18.69903],[73.419131,18.698786],[73.419469,18.698984],[73.41955,18.699208],[73.419608,18.698951],[73.419485,18.698847],[73.419735,18.69875],[73.419718,18.698306],[73.420097,18.697914],[73.420373,18.697053],[73.420705,18.697432],[73.420772,18.698448],[73.420992,18.698829],[73.420907,18.698994],[73.420647,18.69901],[73.420571,18.699223],[73.42059,18.700107],[73.420781,18.700473],[73.420697,18.7009],[73.420904,18.700999],[73.420813,18.701398],[73.421221,18.70187],[73.421293,18.702599],[73.421553,18.702493],[73.421459,18.70231],[73.421647,18.701878],[73.421639,18.701459],[73.421465,18.701436],[73.421644,18.701027],[73.42143,18.700719],[73.421459,18.700178],[73.421722,18.700028],[73.422135,18.700168],[73.422339,18.699657],[73.421851,18.699403],[73.421867,18.699053],[73.422082,18.698788],[73.421647,18.698499],[73.422189,18.698291],[73.422328,18.697965],[73.4225,18.69796],[73.422988,18.698936],[73.423353,18.69857],[73.423492,18.697762],[73.424281,18.697843],[73.42464,18.697711],[73.424801,18.697838],[73.424753,18.69824],[73.424152,18.698651],[73.424426,18.699106],[73.424152,18.699932],[73.424345,18.700122],[73.423699,18.700801],[73.423742,18.70138],[73.423431,18.701507],[73.423366,18.702033],[73.423101,18.702297],[73.42269,18.703438],[73.422543,18.704746],[73.423007,18.704756],[73.42452,18.701893],[73.424847,18.701484],[73.425131,18.701583],[73.42544,18.701309],[73.425488,18.701164],[73.425209,18.701019],[73.425348,18.700415],[73.425668,18.700519],[73.425997,18.699599],[73.426325,18.69953],[73.426486,18.698611],[73.426928,18.698194],[73.427323,18.698443],[73.427577,18.698346],[73.427481,18.697963],[73.427706,18.697688],[73.427349,18.697683],[73.426775,18.697084],[73.426896,18.696657],[73.427357,18.696305],[73.427423,18.695877],[73.427749,18.695615],[73.427993,18.695649],[73.428146,18.696413],[73.428066,18.696771],[73.428208,18.696563],[73.428782,18.69653],[73.428728,18.697772],[73.428503,18.698042],[73.4282,18.698085],[73.428436,18.698232],[73.428433,18.698593],[73.42864,18.698288],[73.429168,18.698222],[73.428913,18.697973],[73.429074,18.697699],[73.429471,18.697927],[73.430123,18.697948],[73.429922,18.696855],[73.430522,18.697147],[73.43074,18.697104],[73.430927,18.696827],[73.430828,18.696377],[73.431316,18.696327],[73.431416,18.696418],[73.431182,18.697295],[73.431665,18.698778],[73.431139,18.698997],[73.431102,18.699396],[73.430825,18.699576],[73.430876,18.70008],[73.430662,18.700295],[73.430455,18.700984],[73.430471,18.701632],[73.430976,18.701906],[73.430855,18.702478],[73.43012,18.702932],[73.430573,18.703029],[73.430568,18.703463],[73.430911,18.703212],[73.431453,18.703509],[73.431531,18.702988],[73.431735,18.702777],[73.432183,18.702953],[73.432352,18.703329],[73.432934,18.70263],[73.433553,18.702665],[73.433797,18.703224],[73.433827,18.70403],[73.433966,18.704088],[73.434344,18.702622],[73.434575,18.702561],[73.434701,18.70298],[73.434516,18.703687],[73.434532,18.704756],[73.434219,18.705366],[73.43417,18.706189],[73.434208,18.705907],[73.434465,18.705745],[73.435136,18.704731],[73.435238,18.704332],[73.435753,18.704164],[73.435999,18.703639],[73.436295,18.70341],[73.4363,18.702793],[73.436536,18.702315],[73.435884,18.701743],[73.43627,18.701695],[73.436453,18.702038],[73.436705,18.701957],[73.437107,18.701713],[73.437378,18.70123],[73.437335,18.701075],[73.436748,18.700935],[73.437035,18.700346],[73.436447,18.699871],[73.436718,18.699284],[73.436488,18.699093],[73.436439,18.698598],[73.43726,18.697899],[73.437062,18.69763],[73.437252,18.697467],[73.438851,18.697188],[73.439808,18.697589],[73.4398,18.697866],[73.439358,18.698209],[73.439299,18.698448],[73.43902,18.698539],[73.43906,18.69906],[73.439996,18.698418],[73.440396,18.698377],[73.440514,18.698588],[73.441005,18.698318],[73.441321,18.697856],[73.441871,18.697714],[73.441823,18.69746],[73.442072,18.697216],[73.442482,18.697218],[73.442622,18.696787],[73.442997,18.696939],[73.442971,18.698072],[73.443657,18.698301],[73.44377,18.696858],[73.444126,18.696334],[73.444693,18.696207],[73.444945,18.69639],[73.445014,18.696736],[73.444754,18.697488],[73.445481,18.696604],[73.446645,18.696423],[73.446994,18.696715],[73.44698,18.697404],[73.44738,18.69797],[73.44742,18.698352],[73.447662,18.698445],[73.44793,18.698954],[73.447477,18.69933],[73.44779,18.699764],[73.447968,18.700534],[73.447756,18.700773],[73.447933,18.700984],[73.447957,18.701428],[73.447731,18.701769],[73.447423,18.701893],[73.447697,18.701977],[73.447833,18.702218],[73.447697,18.702549],[73.447688,18.703011],[73.447809,18.703001],[73.447959,18.702683],[73.448107,18.702793],[73.448539,18.702714],[73.448338,18.702559],[73.448238,18.70216],[73.448638,18.701476],[73.448936,18.701192],[73.449209,18.701377],[73.449338,18.701238],[73.448936,18.701017],[73.448778,18.699787],[73.448973,18.699467],[73.449453,18.699281],[73.449231,18.69906],[73.449673,18.69843],[73.449869,18.6973],[73.4501,18.696949],[73.450226,18.696149],[73.450137,18.695641],[73.450733,18.695259],[73.450872,18.694873],[73.451653,18.695018],[73.452348,18.694924],[73.452439,18.694576],[73.45231,18.694248],[73.452581,18.694231],[73.452862,18.693537],[73.45474,18.692328],[73.454922,18.691334],[73.455255,18.691344],[73.455856,18.690846],[73.456416,18.690895],[73.4571,18.691207],[73.457444,18.691675],[73.457371,18.692107],[73.457988,18.692859],[73.458256,18.692678],[73.458412,18.692866],[73.458586,18.693395],[73.458436,18.695366],[73.458704,18.694909],[73.459058,18.694662],[73.459439,18.694764],[73.459871,18.694485],[73.460188,18.694487],[73.460319,18.694858],[73.459962,18.696001],[73.459946,18.697],[73.460314,18.696456],[73.461373,18.696522],[73.461491,18.697229],[73.461859,18.697523],[73.461614,18.697076],[73.461716,18.696022],[73.461604,18.695557],[73.461333,18.69608],[73.460957,18.695991],[73.460679,18.695636],[73.461561,18.692958],[73.461035,18.693593],[73.46066,18.693453],[73.460496,18.692805],[73.460885,18.691385],[73.460249,18.69201],[73.460182,18.691045],[73.459673,18.690986],[73.459369,18.690585],[73.459557,18.690046],[73.460169,18.689901],[73.459702,18.689233],[73.460386,18.689134],[73.46051,18.688796],[73.460673,18.688816],[73.460898,18.689218],[73.461496,18.689065],[73.46195,18.689352],[73.462559,18.689146],[73.462924,18.6897],[73.462918,18.690153],[73.463645,18.690094],[73.463846,18.690546],[73.464176,18.69031],[73.464624,18.690338],[73.464592,18.689838],[73.464927,18.689413],[73.466236,18.688522],[73.466228,18.689075],[73.467183,18.688628],[73.467633,18.688648],[73.467762,18.688872],[73.467615,18.689718],[73.468103,18.689637],[73.46835,18.689822],[73.469557,18.689474],[73.470031,18.68954],[73.470659,18.689002],[73.470525,18.688727],[73.470332,18.688682],[73.470538,18.688417],[73.471102,18.688405],[73.471273,18.688867],[73.471203,18.689324],[73.471992,18.688842],[73.472223,18.689114],[73.472984,18.689037],[73.47336,18.688786],[73.473513,18.688341],[73.4749,18.687886],[73.475267,18.687579],[73.475401,18.687843],[73.47524,18.688074],[73.47516,18.688831],[73.475828,18.688311],[73.476034,18.688547],[73.475785,18.689058],[73.476128,18.68906],[73.47601,18.690168],[73.476643,18.689782],[73.476565,18.689619],[73.477128,18.689462],[73.477351,18.690186],[73.47793,18.690526],[73.478196,18.690201],[73.478035,18.689225],[73.478287,18.688316],[73.478832,18.687551],[73.478781,18.686827],[73.479065,18.686519],[73.47947,18.686657],[73.479593,18.686857],[73.480023,18.686916],[73.480132,18.687221],[73.479634,18.687894],[73.479213,18.687957],[73.479137,18.688445],[73.478727,18.688814],[73.478644,18.689375],[73.479652,18.689416],[73.479958,18.688867],[73.480304,18.688768],[73.480462,18.689169],[73.481222,18.689642],[73.481385,18.689528],[73.481629,18.688758],[73.482246,18.688494],[73.482101,18.688016],[73.481734,18.687998],[73.481551,18.687726],[73.481712,18.687104],[73.482217,18.686758],[73.482748,18.686918],[73.482984,18.686659],[73.482855,18.686293],[73.483193,18.685775],[73.483724,18.685854],[73.484067,18.68518],[73.484904,18.684944],[73.485371,18.683953],[73.486015,18.683905],[73.486092,18.684161],[73.486556,18.684568],[73.487399,18.68487],[73.487476,18.685528],[73.48778,18.685622],[73.488268,18.68514],[73.488514,18.684017],[73.48878,18.683788],[73.490234,18.683493],[73.490631,18.683747],[73.49044,18.682873],[73.490671,18.682365],[73.492087,18.682271],[73.492441,18.682401],[73.492565,18.682805],[73.492854,18.682947],[73.493342,18.682751],[73.493707,18.682884],[73.497827,18.672227],[73.497722,18.670941],[73.497958,18.669485],[73.497143,18.669602],[73.497269,18.668987],[73.497001,18.669114],[73.496298,18.670407],[73.495638,18.670898],[73.494625,18.670555],[73.494673,18.67044],[73.494992,18.670481],[73.495284,18.669838],[73.495791,18.669843],[73.496116,18.669665],[73.496279,18.669302],[73.49578,18.668921],[73.495708,18.66826],[73.495362,18.668291],[73.495239,18.667851],[73.494506,18.667731],[73.494514,18.66704],[73.494852,18.666895],[73.494898,18.665704],[73.494683,18.665943],[73.494343,18.665826],[73.493721,18.664458],[73.493463,18.664306],[73.493238,18.663587],[73.493476,18.663104],[73.493691,18.663282],[73.493994,18.663208],[73.494909,18.663495],[73.494861,18.663102],[73.495024,18.662982],[73.495547,18.663262],[73.495668,18.663544],[73.496245,18.663282],[73.49776,18.663394],[73.497663,18.66282],[73.496735,18.661699],[73.496888,18.661236],[73.497138,18.660977],[73.49743,18.660936],[73.497371,18.660487],[73.496907,18.660266],[73.495684,18.66006],[73.495461,18.65974],[73.495373,18.659196],[73.495081,18.659201],[73.494718,18.658901],[73.494608,18.659137],[73.494391,18.658771],[73.494359,18.657943],[73.494512,18.657353],[73.494292,18.656993],[73.494295,18.656482],[73.494485,18.656299],[73.49503,18.656245],[73.495413,18.655854],[73.49566,18.655478],[73.495979,18.654123],[73.495558,18.653549],[73.494936,18.653097],[73.494544,18.653076],[73.494166,18.652629],[73.495166,18.652062],[73.49625,18.651986],[73.497451,18.650873],[73.497449,18.65005],[73.497272,18.649882],[73.496816,18.649895],[73.496397,18.649013],[73.495681,18.649241],[73.495671,18.648964],[73.496084,18.648692],[73.496132,18.648431],[73.495598,18.647732],[73.496017,18.647376],[73.496194,18.647412],[73.496175,18.647595],[73.4964,18.647564],[73.496609,18.646865],[73.49688,18.646667],[73.49684,18.646055],[73.497001,18.646179],[73.497229,18.645724],[73.497237,18.64548],[73.4971,18.645414],[73.497266,18.64515],[73.49706,18.645048],[73.496955,18.644598],[73.497173,18.644253],[73.497063,18.64366],[73.496867,18.643442],[73.497081,18.643145],[73.496961,18.642972],[73.498098,18.64239],[73.497913,18.641937],[73.497586,18.641879],[73.497535,18.641538],[73.497258,18.641462],[73.496741,18.640842],[73.495949,18.640773],[73.496043,18.640047],[73.495705,18.63921],[73.495917,18.638824],[73.495775,18.637551],[73.495614,18.637169],[73.494469,18.636044],[73.494654,18.635655],[73.495091,18.63539],[73.495298,18.634951],[73.495081,18.634005],[73.495646,18.63353],[73.496143,18.633367],[73.496419,18.632961],[73.496306,18.632376],[73.495531,18.631357],[73.494083,18.631339],[73.493723,18.63108],[73.493739,18.630145],[73.493388,18.629596],[73.49298,18.629336],[73.492902,18.629052],[73.493053,18.628617],[73.492709,18.627974],[73.492911,18.627493],[73.493088,18.627425],[73.493635,18.627781],[73.493959,18.627674],[73.494244,18.627895],[73.494898,18.627844],[73.494984,18.627674],[73.495378,18.627562],[73.495756,18.627033],[73.495646,18.626121],[73.495378,18.625757],[73.495547,18.625244],[73.495992,18.625359],[73.496422,18.624972],[73.49699,18.62501],[73.497049,18.624586],[73.496859,18.624507],[73.496585,18.623839],[73.496336,18.623668],[73.496258,18.623803],[73.496092,18.623739],[73.495569,18.6232],[73.495531,18.623358],[73.495118,18.623193],[73.494697,18.62257],[73.493804,18.622931],[73.49213,18.622451],[73.492098,18.62135],[73.491355,18.620107],[73.491033,18.619904],[73.490561,18.620038],[73.489813,18.621096],[73.48962,18.621157],[73.489421,18.620938],[73.489048,18.621096],[73.488938,18.620227],[73.489606,18.619334],[73.488984,18.619121],[73.488217,18.619408],[73.488037,18.618737],[73.48823,18.61813],[73.487597,18.618201],[73.487243,18.61783],[73.487173,18.617481],[73.487382,18.61676],[73.487093,18.616645],[73.487114,18.616172],[73.486428,18.616149],[73.486248,18.616315],[73.486336,18.616543],[73.486009,18.616495],[73.485838,18.615811],[73.485575,18.615611],[73.485371,18.614556],[73.484346,18.614823],[73.484038,18.614396],[73.483987,18.613875],[73.483233,18.613414],[73.482469,18.613173],[73.481876,18.612593],[73.481208,18.612799],[73.481165,18.613323],[73.480301,18.613402],[73.479143,18.613267],[73.478521,18.612759],[73.478697,18.613183],[73.479344,18.613689],[73.481079,18.613702],[73.482294,18.614673],[73.482954,18.6157],[73.482884,18.61585],[73.482654,18.615824],[73.481844,18.615283],[73.481101,18.615237],[73.480808,18.614985],[73.480653,18.615026],[73.480631,18.615374],[73.481055,18.615606],[73.481026,18.615923],[73.48124,18.616144],[73.481004,18.616485],[73.481036,18.61725],[73.480798,18.61726],[73.480666,18.617443],[73.480776,18.617654],[73.480521,18.61862],[73.480688,18.61878],[73.480403,18.618989],[73.481061,18.619273],[73.481063,18.619614],[73.481522,18.619604],[73.481849,18.61923],[73.48241,18.619479],[73.482512,18.619833],[73.482753,18.619858],[73.482761,18.620067],[73.483064,18.620031],[73.482965,18.621642],[73.482573,18.621858],[73.482426,18.622202],[73.482514,18.62244],[73.482034,18.622537],[73.48197,18.623427],[73.482072,18.623656],[73.482614,18.623932],[73.483405,18.623752],[73.484043,18.624952],[73.484159,18.626667],[73.48388,18.627992],[73.48399,18.628393],[73.483842,18.628485],[73.483799,18.629102],[73.483544,18.62924],[73.483614,18.629634],[73.483255,18.630058],[73.483225,18.630826],[73.482753,18.631367],[73.482718,18.631845],[73.482179,18.632038],[73.481723,18.631982],[73.481235,18.63249],[73.480932,18.632587],[73.480814,18.632864],[73.480479,18.632717],[73.480326,18.63201],[73.479918,18.632615],[73.479427,18.632412],[73.4794,18.632668],[73.478979,18.632976],[73.478955,18.633688],[73.478461,18.633942],[73.478314,18.633784],[73.478357,18.633451],[73.47848,18.633174],[73.47892,18.632938],[73.479457,18.631161],[73.478893,18.63094],[73.478821,18.630701],[73.478384,18.631103],[73.478067,18.629857],[73.47704,18.629491],[73.476782,18.629555],[73.476396,18.630788],[73.47619,18.631004],[73.476168,18.63173],[73.475621,18.631654],[73.475398,18.632038],[73.47546,18.632241],[73.474696,18.632747],[73.47479,18.633322],[73.474583,18.633339],[73.474428,18.633672],[73.474039,18.633883],[73.474266,18.634567],[73.474218,18.634882],[73.474492,18.634908],[73.474645,18.635789],[73.474087,18.635998],[73.473521,18.63662],[73.473054,18.636478],[73.472966,18.636262],[73.472641,18.636318],[73.472394,18.636997],[73.471874,18.636867],[73.470777,18.637243],[73.470748,18.637045],[73.47093,18.636989],[73.470595,18.636638],[73.470581,18.635383],[73.470455,18.635352],[73.469782,18.635838],[73.469677,18.636242],[73.46927,18.636214],[73.469026,18.636463],[73.468739,18.636333],[73.468685,18.636092],[73.46814,18.636003],[73.46781,18.636222],[73.467532,18.636186],[73.467636,18.637083],[73.467357,18.637294],[73.466955,18.636857],[73.466142,18.637093],[73.466324,18.636153],[73.465783,18.636059],[73.465386,18.636854],[73.465053,18.637147],[73.464932,18.637673],[73.464581,18.637637],[73.464211,18.637363],[73.463696,18.637477],[73.463798,18.637912],[73.464096,18.637983],[73.464345,18.638334],[73.463983,18.639119],[73.464104,18.639515],[73.463838,18.639619],[73.463752,18.639886],[73.462771,18.639749],[73.462435,18.638773],[73.461856,18.639327],[73.461387,18.639187],[73.46136,18.63795],[73.461228,18.637906],[73.460665,18.63857],[73.460043,18.638606],[73.459938,18.639132],[73.459498,18.639619],[73.45915,18.639709],[73.458578,18.640524],[73.458061,18.640555],[73.458034,18.640712],[73.458273,18.640933],[73.45801,18.641904],[73.457385,18.641909],[73.457393,18.641485],[73.456929,18.641012],[73.456049,18.640903],[73.455692,18.640677],[73.455376,18.64149],[73.454979,18.641424],[73.454694,18.641622],[73.453302,18.641734],[73.452736,18.641932],[73.452476,18.642364],[73.452165,18.642413],[73.451749,18.644174],[73.451964,18.644209],[73.452093,18.643409],[73.45238,18.642784],[73.453096,18.642006],[73.453233,18.642085],[73.453144,18.642219],[73.453927,18.64208],[73.454705,18.642339],[73.455462,18.642014],[73.456097,18.641948],[73.455891,18.642273],[73.45662,18.642293],[73.456964,18.642822],[73.457331,18.642758],[73.457757,18.643089],[73.458184,18.643998],[73.458637,18.643605],[73.458401,18.642697],[73.459064,18.642303],[73.45942,18.642314],[73.459418,18.641848],[73.459675,18.641617],[73.460209,18.641516],[73.460212,18.641111],[73.460788,18.640578],[73.46111,18.640674],[73.461065,18.641602],[73.461303,18.641571],[73.461314,18.641355],[73.461668,18.641221],[73.461995,18.64194],[73.462148,18.64194],[73.462508,18.641264],[73.463127,18.641495],[73.462677,18.643737],[73.462891,18.643889],[73.463597,18.642611],[73.464474,18.64239],[73.464308,18.641762],[73.465791,18.641724],[73.465933,18.641193],[73.466426,18.640758],[73.46641,18.640956],[73.466735,18.641294],[73.466689,18.641932],[73.466917,18.642453],[73.467601,18.642697],[73.468028,18.641805],[73.468559,18.641449],[73.468822,18.640745],[73.469036,18.640756],[73.469127,18.640865],[73.468832,18.64133],[73.469229,18.641526],[73.469339,18.642004],[73.469844,18.642065],[73.47012,18.642359],[73.470436,18.642436],[73.470428,18.641986],[73.470772,18.641752],[73.471836,18.641843],[73.472043,18.642494],[73.472762,18.642707],[73.472842,18.643162],[73.473199,18.642967],[73.473499,18.643277],[73.473617,18.643815],[73.473352,18.644367],[73.473502,18.64472],[73.473459,18.645378],[73.473666,18.645716],[73.473459,18.646037],[73.473725,18.646276],[73.473794,18.646581],[73.473658,18.647402],[73.474014,18.64794],[73.474575,18.647696],[73.47483,18.647854],[73.474771,18.648657],[73.475184,18.648652],[73.474951,18.648952],[73.475653,18.648776],[73.475943,18.649226],[73.476399,18.649114],[73.476589,18.648886],[73.476839,18.647251],[73.477407,18.645653],[73.477887,18.645046],[73.477823,18.644563],[73.47825,18.644],[73.478488,18.643251],[73.479049,18.642654],[73.479722,18.641945],[73.480374,18.641599],[73.480661,18.641691],[73.480798,18.642143],[73.480739,18.642756],[73.481264,18.642977],[73.481385,18.643185],[73.481884,18.642959],[73.481471,18.643462],[73.480739,18.643638],[73.480023,18.644497],[73.479175,18.647076],[73.478165,18.647995],[73.478499,18.648013],[73.478649,18.648207],[73.478491,18.649206],[73.477751,18.649056],[73.477791,18.64994],[73.47726,18.649818],[73.476887,18.650751],[73.47704,18.65118],[73.476994,18.651734],[73.477343,18.652428],[73.477263,18.652957],[73.477603,18.653028],[73.477625,18.652789],[73.478043,18.652611],[73.478475,18.652075],[73.478579,18.652474],[73.478352,18.653018],[73.478628,18.653079],[73.479365,18.65205],[73.479634,18.652454],[73.479462,18.653135],[73.479065,18.653536],[73.479368,18.653872],[73.479483,18.654581],[73.479835,18.654675],[73.480387,18.653831],[73.480763,18.654034],[73.480833,18.654944],[73.480736,18.655224],[73.480524,18.65529],[73.480639,18.655856],[73.480508,18.656362],[73.48076,18.656568],[73.481042,18.656477],[73.481034,18.65667],[73.480513,18.656703],[73.479757,18.657419],[73.478974,18.657249],[73.479052,18.657656],[73.47888,18.658156],[73.478116,18.658776],[73.477821,18.658822],[73.477662,18.659213],[73.477989,18.659712],[73.477804,18.659828],[73.477796,18.660383],[73.47814,18.660423],[73.478805,18.659857],[73.47918,18.659877],[73.479349,18.659729],[73.47988,18.660324],[73.47972,18.660662],[73.479669,18.662207],[73.480205,18.662271],[73.480189,18.662609],[73.479271,18.663249],[73.479266,18.663529],[73.47954,18.663833],[73.479035,18.663816],[73.478445,18.664034],[73.478443,18.66442],[73.478794,18.664766],[73.478984,18.665539],[73.478644,18.665986],[73.478193,18.66611],[73.478046,18.667223],[73.477424,18.667536],[73.477163,18.668092],[73.477609,18.668809],[73.477225,18.669294],[73.477236,18.669548],[73.47763,18.669493],[73.477853,18.669688],[73.47763,18.670532],[73.476713,18.671663],[73.476249,18.672006],[73.475353,18.67212],[73.475334,18.67277],[73.475095,18.672964],[73.474835,18.673726],[73.474049,18.673937],[73.474583,18.674587],[73.47413,18.674966],[73.474012,18.675421],[73.473049,18.676752],[73.472875,18.67649],[73.47377,18.674442],[73.473577,18.674415],[73.47263,18.67569],[73.472359,18.675751],[73.472676,18.67386],[73.472419,18.67368],[73.471531,18.67556],[73.47112,18.675919],[73.47111,18.676478],[73.470418,18.677624],[73.470184,18.677418],[73.470434,18.6755],[73.469637,18.676488],[73.469243,18.676752],[73.469098,18.676511],[73.46946,18.674991],[73.468945,18.675787],[73.468486,18.676165],[73.468572,18.675441],[73.468465,18.675228],[73.468655,18.674768],[73.468484,18.674869],[73.468529,18.674376],[73.467969,18.67475],[73.468038,18.675055],[73.467303,18.675865],[73.467322,18.674913],[73.46755,18.67417],[73.466636,18.675251],[73.46703,18.673177],[73.466743,18.673302],[73.466585,18.673782],[73.46578,18.674821],[73.465836,18.673637],[73.465187,18.674664],[73.464755,18.674984],[73.464275,18.675004],[73.464021,18.674836],[73.464012,18.67415],[73.463787,18.674079],[73.463755,18.673894],[73.463683,18.674089],[73.463428,18.673975],[73.463307,18.674389],[73.46276,18.674653],[73.462079,18.674262],[73.461526,18.674209],[73.461652,18.674633],[73.461939,18.674643],[73.461856,18.675169],[73.462159,18.67524],[73.462771,18.675929],[73.462494,18.677037],[73.462862,18.677133],[73.463162,18.676821],[73.463267,18.676308],[73.463741,18.676074],[73.463819,18.676699],[73.464332,18.676518],[73.464096,18.677293],[73.463637,18.677616],[73.464163,18.678442],[73.464841,18.678272],[73.464986,18.67804],[73.465364,18.67803],[73.465584,18.678203],[73.465485,18.678528],[73.465002,18.678444],[73.464967,18.678821],[73.46413,18.679209],[73.464117,18.67862],[73.46375,18.678333],[73.463479,18.678902],[73.463103,18.679174],[73.46306,18.6797],[73.46284,18.679959],[73.462583,18.679352],[73.46214,18.67942],[73.461947,18.679751],[73.461631,18.679903],[73.461507,18.679753],[73.461202,18.67988],[73.460939,18.679636],[73.46051,18.679969],[73.460104,18.679819],[73.459477,18.680454],[73.45883,18.68079],[73.458667,18.680777],[73.458409,18.680409],[73.457892,18.680579],[73.457648,18.680373],[73.457296,18.680546],[73.45687,18.680226],[73.456435,18.680642],[73.456183,18.680564],[73.45591,18.679616],[73.455405,18.680571],[73.455102,18.680792],[73.454627,18.680778],[73.454364,18.680431],[73.453986,18.680762],[73.453554,18.680526],[73.453053,18.680889],[73.452479,18.680927],[73.451967,18.681425],[73.451508,18.680922],[73.450862,18.681941],[73.450347,18.681951],[73.450221,18.682449],[73.449845,18.682782],[73.449813,18.68346],[73.449588,18.683597],[73.449368,18.683498],[73.449268,18.683038],[73.448732,18.682822],[73.448182,18.681872],[73.447844,18.682042],[73.447318,18.682894],[73.446664,18.68281],[73.446401,18.682497],[73.446589,18.681621],[73.446355,18.681575],[73.445859,18.681928],[73.445669,18.681717],[73.445621,18.681184],[73.446278,18.680452],[73.445409,18.680236],[73.445537,18.679875],[73.445031,18.680069],[73.444845,18.680856],[73.444164,18.680851],[73.443939,18.680429],[73.444279,18.680447],[73.444532,18.680221],[73.444183,18.679918],[73.444156,18.679641],[73.443748,18.679336],[73.443907,18.678833],[73.443515,18.679156],[73.443204,18.678932],[73.443418,18.678449],[73.443236,18.678335],[73.443121,18.677868],[73.442686,18.678803],[73.442321,18.678709],[73.442246,18.678546],[73.442096,18.678732],[73.441723,18.678691],[73.441345,18.678528],[73.441267,18.678251],[73.441101,18.678488],[73.441262,18.678696],[73.442018,18.679024],[73.442802,18.679639],[73.442925,18.68],[73.443113,18.679997],[73.442952,18.680287],[73.442286,18.680066],[73.441557,18.68049],[73.441123,18.68034],[73.44098,18.68005],[73.440178,18.68016],[73.440141,18.680284],[73.440492,18.680523],[73.440549,18.681059],[73.441077,18.680945],[73.441423,18.68145],[73.440935,18.682972],[73.441173,18.68298],[73.441589,18.682129],[73.441857,18.682164],[73.441898,18.682472],[73.442531,18.681849],[73.442748,18.681953],[73.442539,18.683176],[73.442995,18.682576],[73.443445,18.682436],[73.443424,18.682144],[73.443772,18.682243],[73.443738,18.682551],[73.444022,18.682889],[73.444183,18.682805],[73.444212,18.682472],[73.444475,18.682408],[73.444532,18.682731],[73.444003,18.684111],[73.443724,18.684413],[73.443759,18.68468],[73.444591,18.683905],[73.444851,18.68327],[73.445092,18.683071],[73.445312,18.683112],[73.445269,18.683836],[73.445679,18.684482],[73.445578,18.685091],[73.445001,18.685338],[73.444832,18.685737],[73.444422,18.68593],[73.444937,18.686026],[73.444942,18.686545],[73.444381,18.686822],[73.444379,18.687477],[73.444164,18.687998],[73.443614,18.688455],[73.443469,18.688377],[73.4433,18.687358],[73.442721,18.687508],[73.442316,18.686715],[73.441656,18.686956],[73.441482,18.687566],[73.440967,18.687498],[73.441123,18.687035],[73.440986,18.686967],[73.440565,18.687462],[73.440114,18.687538],[73.439832,18.687874],[73.439712,18.687637],[73.440095,18.687371],[73.44013,18.687104],[73.439717,18.686469],[73.439114,18.688806],[73.43836,18.688537],[73.438462,18.687701],[73.438317,18.687274],[73.437483,18.687205],[73.437721,18.687348],[73.4377,18.688163],[73.436726,18.688321],[73.436431,18.688148],[73.43638,18.688361],[73.436772,18.688913],[73.436697,18.689375],[73.43745,18.68938],[73.437882,18.68997],[73.438295,18.689904],[73.438851,18.690287],[73.438598,18.690907],[73.438631,18.69169],[73.438059,18.691797],[73.43788,18.691555],[73.437928,18.691004],[73.437821,18.690973],[73.437255,18.691751],[73.436852,18.692045],[73.43674,18.691278],[73.436394,18.691423],[73.436402,18.691682],[73.436217,18.691878],[73.435812,18.69139],[73.435849,18.690994],[73.435458,18.690704],[73.435323,18.690879],[73.435297,18.691781],[73.435476,18.692368],[73.434865,18.692627],[73.434497,18.692434],[73.434404,18.691865],[73.43395,18.691659],[73.434066,18.690991],[73.434438,18.690709],[73.434481,18.689906],[73.435141,18.68955],[73.434851,18.68922],[73.434846,18.688712],[73.435485,18.687696],[73.434642,18.687937],[73.434232,18.687266],[73.433832,18.687282],[73.433229,18.688382],[73.433588,18.688483],[73.433644,18.688659],[73.43318,18.68855],[73.432821,18.688773],[73.432923,18.689032],[73.432727,18.68983],[73.432357,18.689858],[73.432054,18.689535],[73.431281,18.689754],[73.430463,18.689675],[73.430415,18.688799],[73.429863,18.689213],[73.429739,18.688943],[73.430391,18.688318],[73.43041,18.688107],[73.430187,18.688034],[73.430182,18.687533],[73.430654,18.686901],[73.430544,18.686466],[73.430716,18.686291],[73.430514,18.686204],[73.430093,18.686448],[73.430136,18.686743],[73.429954,18.68703],[73.42983,18.686913],[73.429983,18.686702],[73.4299,18.68657],[73.429511,18.686695],[73.429179,18.687045],[73.42864,18.687109],[73.428406,18.686926],[73.42799,18.687055],[73.427921,18.687861],[73.427542,18.687853],[73.427467,18.688448],[73.427076,18.688636],[73.427457,18.689167],[73.427277,18.68981],[73.4271,18.690092],[73.426716,18.690048],[73.426633,18.690351],[73.4264,18.690503],[73.426231,18.690458],[73.426191,18.690201],[73.425858,18.690427],[73.425638,18.690961],[73.425904,18.691133],[73.425794,18.691515],[73.425233,18.69152],[73.424898,18.691133],[73.424965,18.690445],[73.425305,18.690216],[73.425024,18.690224],[73.424785,18.68985],[73.424667,18.690125],[73.423964,18.690082],[73.424125,18.69029],[73.423857,18.690498],[73.424214,18.690984],[73.424037,18.691103],[73.424112,18.691446],[73.423868,18.691601],[73.423932,18.691855],[73.424139,18.691827],[73.424377,18.692124],[73.424031,18.692465],[73.423744,18.692488],[73.423946,18.692828],[73.423822,18.693212],[73.423197,18.693656],[73.42313,18.6934],[73.423541,18.692678],[73.423095,18.692592],[73.423216,18.692417],[73.422948,18.69202],[73.422985,18.691619],[73.4228,18.69153],[73.422559,18.691647],[73.421977,18.692356],[73.422108,18.690343],[73.421843,18.689947],[73.421642,18.689154],[73.421843,18.688427],[73.422173,18.688186],[73.422004,18.688214],[73.421964,18.687447],[73.42247,18.68684],[73.422366,18.686657],[73.422792,18.685274],[73.423093,18.684954],[73.423195,18.684177],[73.422379,18.685948],[73.422047,18.686248],[73.422014,18.685246],[73.421666,18.685381],[73.421481,18.685711],[73.421435,18.686441],[73.421003,18.687033],[73.420614,18.68718],[73.420896,18.688412],[73.420555,18.688857],[73.420633,18.689352],[73.420376,18.689469],[73.420319,18.690541],[73.419936,18.690844],[73.419587,18.691708],[73.418761,18.691886],[73.418705,18.692749],[73.41853,18.692772],[73.418039,18.692259],[73.418139,18.691596],[73.418423,18.691225],[73.41878,18.691105],[73.418745,18.690607],[73.419112,18.689878],[73.418662,18.689238],[73.418565,18.688435],[73.418747,18.687594],[73.419147,18.687564],[73.419034,18.687327],[73.419254,18.687287],[73.419091,18.686972],[73.41919,18.686751],[73.418919,18.686649],[73.41897,18.685468],[73.418125,18.68827],[73.417857,18.688494],[73.417814,18.689601],[73.417508,18.690137],[73.417685,18.690435],[73.417586,18.691291],[73.417355,18.691972],[73.416666,18.691515],[73.4165,18.690783],[73.416878,18.688849],[73.417146,18.688326],[73.417669,18.68782],[73.417675,18.68731],[73.417892,18.686781],[73.417203,18.686463],[73.417197,18.686222],[73.417101,18.686659],[73.41683,18.686878],[73.416701,18.687805],[73.416387,18.688064],[73.416435,18.68829],[73.416205,18.688522],[73.415974,18.689451],[73.415695,18.689843],[73.415301,18.689911],[73.414912,18.689324]],[[73.442764,18.688339],[73.442866,18.688572],[73.44241,18.68861],[73.442448,18.688496],[73.442764,18.688339]],[[73.412581,18.689055],[73.412935,18.689182],[73.412957,18.689528],[73.412817,18.689647],[73.412533,18.689622],[73.412581,18.689055]],[[73.412521,18.690463],[73.412582,18.689763],[73.41277,18.690051],[73.412521,18.690463]],[[73.430946,18.690168],[73.431513,18.689928],[73.431311,18.690378],[73.430946,18.690168]],[[73.429589,18.691695],[73.42945,18.69234],[73.429262,18.692561],[73.428988,18.692592],[73.428854,18.692129],[73.429087,18.691743],[73.429305,18.691583],[73.429589,18.691695]],[[73.431625,18.69261],[73.432035,18.692988],[73.432043,18.693191],[73.431786,18.69339],[73.431625,18.69261]],[[73.426488,18.692818],[73.426985,18.692747],[73.427103,18.692874],[73.427068,18.693204],[73.426832,18.693489],[73.426488,18.692818]],[[73.428159,18.692915],[73.428642,18.693463],[73.428637,18.693694],[73.42799,18.693547],[73.427926,18.69327],[73.428159,18.692915]],[[73.440793,18.693128],[73.441047,18.693207],[73.440913,18.693507],[73.440677,18.693387],[73.440793,18.693128]],[[73.42427,18.692981],[73.424573,18.692991],[73.424702,18.693377],[73.424635,18.693631],[73.424324,18.693756],[73.424128,18.693397],[73.42427,18.692981]],[[73.425119,18.693597],[73.425394,18.693714],[73.42536,18.694027],[73.425087,18.694109],[73.42501,18.693721],[73.425119,18.693597]],[[73.42559,18.693885],[73.426334,18.694215],[73.426248,18.694648],[73.426048,18.69475],[73.425853,18.694706],[73.425744,18.694492],[73.425885,18.694294],[73.42559,18.693885]],[[73.435645,18.693496],[73.436066,18.693804],[73.436088,18.694248],[73.436034,18.695013],[73.435723,18.695196],[73.435361,18.695036],[73.434935,18.69437],[73.435077,18.693794],[73.435645,18.693496]],[[73.442171,18.694911],[73.4427,18.695041],[73.442997,18.695763],[73.443035,18.696034],[73.442694,18.696558],[73.442485,18.69652],[73.44238,18.696276],[73.441973,18.696459],[73.441662,18.696161],[73.441686,18.695717],[73.441911,18.695534],[73.44197,18.695049],[73.442171,18.694911]],[[73.43799,18.696195],[73.437665,18.696576],[73.43733,18.69652],[73.437577,18.695829],[73.43792,18.695933],[73.43799,18.696195]],[[73.484888,18.631563],[73.485033,18.632615],[73.484773,18.633215],[73.484633,18.633019],[73.483914,18.632849],[73.483812,18.632648],[73.484236,18.631489],[73.484888,18.631563]],[[73.482105,18.636157],[73.482261,18.636263],[73.482152,18.636468],[73.482005,18.636272],[73.482105,18.636157]],[[73.467002,18.640115],[73.467059,18.640625],[73.466619,18.640778],[73.466683,18.640175],[73.466849,18.640264],[73.467002,18.640115]],[[73.487227,18.643724],[73.487356,18.644619],[73.487077,18.645046],[73.48654,18.644985],[73.486562,18.644761],[73.486841,18.644863],[73.486454,18.644578],[73.486326,18.644131],[73.486712,18.643968],[73.486776,18.643663],[73.487227,18.643724]],[[73.486261,18.644802],[73.486154,18.644741],[73.486261,18.644558],[73.486326,18.644619],[73.486261,18.644802]],[[73.494246,18.646832],[73.49471,18.647],[73.494764,18.647335],[73.49375,18.648011],[73.49394,18.64713],[73.494246,18.646832]],[[73.480152,18.668392],[73.480406,18.668418],[73.480781,18.667779],[73.481362,18.667817],[73.481673,18.668679],[73.481436,18.668839],[73.480713,18.668896],[73.479963,18.669693],[73.479448,18.66994],[73.47931,18.670146],[73.479306,18.670765],[73.478685,18.670628],[73.478543,18.669966],[73.478975,18.669582],[73.479088,18.668904],[73.480152,18.668392]],[[73.472292,18.678048],[73.472429,18.678239],[73.47218,18.678597],[73.472145,18.678511],[73.472292,18.678048]],[[73.446449,18.68331],[73.446696,18.683717],[73.446441,18.683956],[73.446114,18.68361],[73.446449,18.68331]],[[73.481709,18.684247],[73.481715,18.6838],[73.482388,18.683821],[73.483248,18.684466],[73.483187,18.684941],[73.482952,18.685242],[73.482593,18.685119],[73.48231,18.685349],[73.481937,18.68497],[73.481991,18.684689],[73.481709,18.684247]],[[73.448131,18.683879],[73.448281,18.684006],[73.448059,18.684914],[73.447391,18.685315],[73.447254,18.685973],[73.446712,18.686019],[73.44686,18.684703],[73.447232,18.684095],[73.448131,18.683879]],[[73.449266,18.684733],[73.449486,18.6855],[73.449279,18.686245],[73.448981,18.686723],[73.448831,18.686728],[73.448552,18.686179],[73.448603,18.685269],[73.448778,18.684903],[73.449266,18.684733]],[[73.462313,18.688452],[73.462679,18.688546],[73.462767,18.688816],[73.462628,18.688795],[73.462313,18.688452]],[[73.44285,18.689164],[73.443005,18.689106],[73.443523,18.689395],[73.443499,18.689919],[73.443287,18.690191],[73.44281,18.690031],[73.442716,18.689667],[73.44285,18.689164]]]]}},{"type":"Feature","properties":{"id":"wb_bhatghar","name":"Bhatghar Reservoir","district":"Pune","kind":"reservoir","tier":1,"drinking_water":false,"urban":false,"source":"osm","osm_id":"relation/7914313","osm_name":"Bhatgar reservoir"},"geometry":{"type":"MultiPolygon","coordinates":[[[[73.636572,18.217418],[73.637967,18.217734],[73.638353,18.21753],[73.638911,18.21592],[73.640671,18.215879],[73.642044,18.215533],[73.642795,18.215084],[73.64361,18.214065],[73.644319,18.213596],[73.64625,18.212832],[73.646228,18.212618],[73.647505,18.212017],[73.647548,18.211803],[73.647795,18.212404],[73.64817,18.21166],[73.648363,18.211568],[73.649254,18.211823],[73.648943,18.211273],[73.648589,18.211028],[73.648009,18.20956],[73.647559,18.209194],[73.647183,18.208439],[73.64743,18.207879],[73.647215,18.207848],[73.647151,18.207431],[73.647505,18.207155],[73.648578,18.207899],[73.648385,18.208684],[73.648814,18.208715],[73.649179,18.208959],[73.649822,18.208735],[73.650262,18.208847],[73.650456,18.208939],[73.651089,18.210304],[73.651453,18.210529],[73.651839,18.209989],[73.652065,18.209958],[73.652333,18.210549],[73.652537,18.210651],[73.65273,18.210529],[73.652301,18.209367],[73.652097,18.208205],[73.652193,18.208011],[73.652376,18.207869],[73.652912,18.208225],[73.652794,18.207369],[73.652891,18.207186],[73.653749,18.207094],[73.653717,18.20688],[73.654017,18.206595],[73.654028,18.206004],[73.654307,18.205779],[73.655058,18.205581],[73.655788,18.205871],[73.65612,18.207002],[73.656233,18.206992],[73.656442,18.205188],[73.656667,18.205178],[73.656743,18.204984],[73.65656,18.204587],[73.6567,18.203986],[73.656914,18.203996],[73.657139,18.204342],[73.657279,18.203823],[73.657569,18.203751],[73.657032,18.203252],[73.657139,18.202365],[73.657515,18.201652],[73.657976,18.201366],[73.65832,18.201213],[73.658448,18.201448],[73.65833,18.201794],[73.65891,18.201937],[73.659661,18.203079],[73.65994,18.203058],[73.659639,18.202406],[73.659543,18.201397],[73.660948,18.201428],[73.661292,18.202406],[73.661721,18.202814],[73.661635,18.202528],[73.66215,18.202324],[73.661807,18.202039],[73.661807,18.201713],[73.662386,18.201489],[73.662536,18.20102],[73.663287,18.200551],[73.663673,18.200062],[73.663931,18.200021],[73.664124,18.200204],[73.66421,18.200449],[73.663909,18.20049],[73.66421,18.200612],[73.663995,18.200775],[73.66406,18.200959],[73.664682,18.200857],[73.664424,18.200531],[73.66451,18.200164],[73.664811,18.199919],[73.664682,18.19943],[73.664832,18.199206],[73.665304,18.199043],[73.665776,18.199206],[73.666527,18.200123],[73.666227,18.200694],[73.666313,18.20102],[73.666935,18.200796],[73.667471,18.201387],[73.667557,18.201672],[73.6673,18.201835],[73.667514,18.201957],[73.667514,18.202569],[73.667922,18.202263],[73.668094,18.202304],[73.66878,18.20316],[73.668909,18.202875],[73.669081,18.202915],[73.669403,18.202651],[73.668866,18.202671],[73.668823,18.202549],[73.669081,18.20263],[73.669231,18.202406],[73.668952,18.202222],[73.668759,18.202243],[73.668866,18.202385],[73.668587,18.202284],[73.668673,18.201835],[73.668973,18.201754],[73.668609,18.201693],[73.668115,18.201346],[73.667643,18.200123],[73.667772,18.199919],[73.667557,18.199878],[73.667214,18.199104],[73.667622,18.198716],[73.668008,18.198635],[73.668415,18.199022],[73.668845,18.199878],[73.669209,18.199939],[73.668973,18.199552],[73.668973,18.198655],[73.669252,18.198309],[73.669789,18.198451],[73.669703,18.198085],[73.669832,18.19784],[73.669531,18.197473],[73.669767,18.197208],[73.670025,18.197167],[73.670304,18.197351],[73.670261,18.197717],[73.670862,18.197921],[73.671033,18.198492],[73.670905,18.198777],[73.671184,18.199206],[73.671377,18.198166],[73.671699,18.197779],[73.671956,18.197738],[73.672299,18.198227],[73.672643,18.197982],[73.673007,18.198085],[73.673007,18.198574],[73.673201,18.198961],[73.673544,18.19839],[73.674059,18.198349],[73.675046,18.199287],[73.675346,18.199369],[73.67511,18.198248],[73.674681,18.197962],[73.674595,18.197473],[73.675025,18.197269],[73.675025,18.196861],[73.675604,18.196474],[73.676076,18.196393],[73.676612,18.196658],[73.676698,18.196209],[73.676956,18.196046],[73.676827,18.195761],[73.676956,18.195557],[73.67687,18.195068],[73.677256,18.194456],[73.676891,18.194191],[73.676462,18.194232],[73.676183,18.194008],[73.676055,18.193518],[73.676248,18.193294],[73.676806,18.193457],[73.677514,18.19413],[73.677385,18.194334],[73.677771,18.194497],[73.6779,18.19519],[73.678243,18.195557],[73.6782,18.196046],[73.677943,18.196372],[73.67878,18.196515],[73.679509,18.197412],[73.679616,18.19731],[73.679316,18.196372],[73.679445,18.196046],[73.679187,18.195842],[73.679166,18.195516],[73.679552,18.195394],[73.679767,18.195108],[73.679466,18.19466],[73.680153,18.194823],[73.680496,18.194334],[73.680668,18.194334],[73.680925,18.195149],[73.681269,18.195149],[73.681612,18.194904],[73.681955,18.195394],[73.682384,18.195231],[73.6829,18.195557],[73.683286,18.195271],[73.683114,18.195108],[73.683372,18.194864],[73.683329,18.194741],[73.683114,18.194782],[73.683114,18.194374],[73.683414,18.194089],[73.684015,18.194171],[73.68423,18.193641],[73.684616,18.193274],[73.685646,18.193111],[73.685989,18.193681],[73.68659,18.193111],[73.686762,18.193111],[73.687062,18.193396],[73.687062,18.193722],[73.686891,18.193885],[73.686933,18.194415],[73.688264,18.193396],[73.688264,18.192988],[73.688092,18.192825],[73.688221,18.192458],[73.688479,18.192377],[73.688693,18.192581],[73.688951,18.193396],[73.689251,18.193518],[73.689594,18.193029],[73.689938,18.193029],[73.690152,18.192825],[73.689981,18.191928],[73.690281,18.191643],[73.691053,18.191398],[73.691182,18.191521],[73.691096,18.192091],[73.690495,18.192418],[73.690667,18.19307],[73.690581,18.193885],[73.690066,18.194374],[73.690152,18.194537],[73.689981,18.194864],[73.689465,18.195108],[73.689981,18.195435],[73.690066,18.195679],[73.68938,18.196413],[73.689637,18.196658],[73.689594,18.197106],[73.689766,18.197106],[73.690238,18.196576],[73.690238,18.196087],[73.691011,18.19519],[73.691096,18.194701],[73.69204,18.193722],[73.692298,18.193233],[73.692684,18.192866],[73.692942,18.192866],[73.693156,18.19307],[73.693156,18.193559],[73.692727,18.194293],[73.692813,18.194701],[73.692555,18.194945],[73.692298,18.195761],[73.692427,18.195883],[73.693199,18.195557],[73.693714,18.195557],[73.694787,18.196658],[73.694787,18.197147],[73.694186,18.197799],[73.6941,18.198696],[73.693843,18.198941],[73.693714,18.199471],[73.694572,18.198981],[73.69483,18.198981],[73.695173,18.199307],[73.69556,18.198941],[73.69556,18.198533],[73.696203,18.198166],[73.696761,18.198533],[73.697062,18.199307],[73.697276,18.198941],[73.697834,18.198574],[73.698564,18.198777],[73.698649,18.199267],[73.698134,18.199919],[73.698263,18.200449],[73.698521,18.200123],[73.699636,18.199878],[73.699894,18.199634],[73.700409,18.199634],[73.700666,18.199878],[73.70101,18.199878],[73.701439,18.199389],[73.702083,18.199838],[73.702168,18.200082],[73.701868,18.201101],[73.703155,18.20159],[73.703327,18.201917],[73.703671,18.201998],[73.703885,18.201957],[73.703885,18.201631],[73.704185,18.201101],[73.704615,18.201183],[73.704915,18.201468],[73.704915,18.201794],[73.704357,18.202406],[73.703713,18.202284],[73.703799,18.202854],[73.703628,18.203099],[73.704743,18.203914],[73.705988,18.205341],[73.706632,18.205464],[73.706717,18.206197],[73.70646,18.206605],[73.705988,18.206727],[73.705387,18.206646],[73.705173,18.206931],[73.705173,18.207665],[73.704786,18.208113],[73.704443,18.208276],[73.703756,18.208276],[73.703628,18.208399],[73.703713,18.208888],[73.703327,18.209173],[73.701954,18.209255],[73.701825,18.209377],[73.701825,18.209785],[73.701482,18.210355],[73.701568,18.210926],[73.701181,18.211456],[73.700581,18.211538],[73.700151,18.211375],[73.699207,18.211375],[73.698564,18.211823],[73.698435,18.212353],[73.698006,18.212435],[73.697576,18.212842],[73.697319,18.212598],[73.696804,18.212679],[73.69689,18.213168],[73.698006,18.213331],[73.698606,18.212924],[73.699465,18.212842],[73.69998,18.213005],[73.700495,18.213576],[73.70101,18.213413],[73.701696,18.212761],[73.702469,18.212679],[73.703155,18.21325],[73.703413,18.21325],[73.703713,18.21272],[73.703628,18.211823],[73.703241,18.211293],[73.702984,18.211456],[73.702855,18.211334],[73.703413,18.210804],[73.703842,18.210641],[73.704958,18.210804],[73.705473,18.211375],[73.705988,18.211212],[73.706417,18.211538],[73.706803,18.211089],[73.706203,18.210274],[73.706288,18.209703],[73.706589,18.209418],[73.708649,18.209418],[73.709207,18.208888],[73.709421,18.208276],[73.710108,18.208521],[73.710709,18.208521],[73.711009,18.208236],[73.710923,18.208073],[73.711095,18.207828],[73.710666,18.206931],[73.710666,18.20636],[73.710494,18.206116],[73.710709,18.205912],[73.71161,18.20579],[73.711524,18.205464],[73.710923,18.20473],[73.710923,18.20424],[73.711138,18.204037],[73.71191,18.2042],[73.712296,18.204567],[73.712296,18.2053],[73.71191,18.205993],[73.71161,18.205953],[73.71161,18.206605],[73.712726,18.20742],[73.712726,18.207665],[73.713412,18.208399],[73.713498,18.208806],[73.712812,18.209214],[73.712812,18.209785],[73.712425,18.210315],[73.711996,18.210315],[73.711395,18.210885],[73.710709,18.21113],[73.710494,18.211415],[73.710966,18.211456],[73.711395,18.211212],[73.712168,18.211293],[73.712339,18.21113],[73.713069,18.211415],[73.712211,18.212231],[73.712769,18.212516],[73.713369,18.212271],[73.71367,18.212557],[73.713241,18.212964],[73.713241,18.213454],[73.713326,18.21378],[73.714013,18.214269],[73.714013,18.214513],[73.713798,18.214717],[73.713326,18.21484],[73.713756,18.215329],[73.713841,18.215655],[73.713841,18.216307],[73.713412,18.216633],[73.713756,18.216959],[73.713713,18.217326],[73.713927,18.217122],[73.714185,18.216226],[73.714528,18.215981],[73.714271,18.215329],[73.714614,18.214921],[73.714614,18.214677],[73.715129,18.214432],[73.715129,18.214106],[73.714871,18.213861],[73.715215,18.213535],[73.715129,18.213291],[73.715429,18.213331],[73.715816,18.212964],[73.715386,18.212638],[73.715944,18.212271],[73.716288,18.212271],[73.717103,18.213127],[73.716159,18.215003],[73.716459,18.215125],[73.716888,18.214473],[73.717833,18.214473],[73.718433,18.213739],[73.719034,18.213658],[73.719249,18.213943],[73.719077,18.214432],[73.71882,18.21484],[73.71779,18.215736],[73.717961,18.216307],[73.718133,18.216307],[73.718219,18.215736],[73.718433,18.215533],[73.718948,18.215533],[73.719463,18.215859],[73.71942,18.215247],[73.72015,18.21488],[73.720622,18.21541],[73.720965,18.216144],[73.720794,18.216552],[73.72088,18.216796],[73.720536,18.217041],[73.720708,18.21753],[73.720536,18.217938],[73.720751,18.217979],[73.72118,18.217652],[73.721652,18.218101],[73.721738,18.218427],[73.721566,18.218916],[73.721952,18.219283],[73.722167,18.219242],[73.722081,18.218835],[73.722682,18.218427],[73.722253,18.218182],[73.721995,18.217612],[73.72221,18.217326],[73.722596,18.217285],[73.722081,18.216796],[73.722081,18.216633],[73.72251,18.216307],[73.721995,18.215818],[73.721995,18.215329],[73.722167,18.215166],[73.721652,18.214677],[73.721566,18.214024],[73.721695,18.213821],[73.72221,18.213821],[73.722854,18.214513],[73.722768,18.215003],[73.722897,18.215125],[73.723369,18.214921],[73.723197,18.214677],[73.723326,18.21431],[73.723497,18.214473],[73.724012,18.21431],[73.724441,18.214799],[73.724656,18.214677],[73.724656,18.214432],[73.725042,18.214228],[73.725257,18.214432],[73.725343,18.21484],[73.724999,18.215247],[73.7256,18.215492],[73.725686,18.215981],[73.725257,18.216307],[73.725257,18.216878],[73.724999,18.217204],[73.7256,18.217122],[73.725643,18.218223],[73.726029,18.217856],[73.726201,18.21753],[73.726115,18.217041],[73.726459,18.216796],[73.726373,18.216633],[73.726673,18.216348],[73.726931,18.216348],[73.727231,18.216633],[73.727403,18.217204],[73.727574,18.217204],[73.727746,18.216389],[73.727489,18.216226],[73.727489,18.21541],[73.727703,18.215207],[73.728776,18.216063],[73.729033,18.21647],[73.729033,18.216959],[73.728862,18.217204],[73.729377,18.217693],[73.729377,18.217938],[73.728862,18.218345],[73.729463,18.218753],[73.729463,18.218998],[73.729205,18.219242],[73.729634,18.219487],[73.729549,18.21965],[73.729677,18.219772],[73.73002,18.219528],[73.730278,18.219691],[73.730407,18.219568],[73.730707,18.218549],[73.730879,18.218549],[73.731136,18.218875],[73.731909,18.218305],[73.732338,18.218468],[73.73311,18.218468],[73.733711,18.219365],[73.733969,18.218875],[73.734398,18.218875],[73.734741,18.219201],[73.734999,18.218468],[73.7359,18.218753],[73.735986,18.219242],[73.735814,18.219731],[73.734612,18.220873],[73.734741,18.221158],[73.735342,18.221077],[73.735943,18.221403],[73.736243,18.22177],[73.736243,18.222585],[73.735814,18.222911],[73.7359,18.223726],[73.735642,18.223971],[73.735514,18.224419],[73.735857,18.224419],[73.736243,18.224052],[73.736415,18.223563],[73.736715,18.223278],[73.737745,18.222626],[73.738174,18.222626],[73.738389,18.222829],[73.738475,18.223319],[73.739161,18.223889],[73.739161,18.224134],[73.738904,18.22446],[73.739161,18.224786],[73.73899,18.225764],[73.73899,18.226009],[73.739119,18.22605],[73.739591,18.225764],[73.739762,18.224949],[73.740299,18.224419],[73.740427,18.224052],[73.740256,18.223726],[73.74032,18.223543],[73.741007,18.223543],[73.741436,18.222809],[73.741736,18.222687],[73.742053,18.223527],[73.741844,18.224052],[73.74231,18.224827],[73.742144,18.225071],[73.742225,18.225917],[73.742047,18.226253],[73.742187,18.226753],[73.741978,18.227257],[73.74216,18.227965],[73.742005,18.228292],[73.742294,18.228842],[73.742681,18.228638],[73.742681,18.227864],[73.74253,18.22768],[73.742809,18.227374],[73.743195,18.227252],[73.743281,18.227415],[73.743389,18.227354],[73.743303,18.226702],[73.743839,18.226355],[73.74414,18.226396],[73.744333,18.226906],[73.744934,18.227273],[73.744977,18.227435],[73.744547,18.227925],[73.744569,18.22819],[73.745039,18.228081],[73.745532,18.227608],[73.745926,18.227633],[73.746544,18.228141],[73.747051,18.228256],[73.747145,18.228522],[73.746963,18.228779],[73.747487,18.229418],[73.747559,18.229586],[73.74742,18.229756],[73.747637,18.230098],[73.747935,18.229257],[73.748517,18.228597],[73.749172,18.228348],[73.749332,18.228516],[73.749772,18.22847],[73.75032,18.227904],[73.750663,18.228027],[73.751049,18.228434],[73.751392,18.228353],[73.751886,18.228821],[73.751757,18.228944],[73.751779,18.229698],[73.752251,18.230187],[73.753152,18.230024],[73.753345,18.230248],[73.753345,18.230737],[73.751457,18.231797],[73.751457,18.232164],[73.751199,18.232327],[73.751199,18.232531],[73.751392,18.232592],[73.751736,18.232347],[73.75268,18.232184],[73.754053,18.232225],[73.754203,18.232653],[73.753989,18.234406],[73.754182,18.234467],[73.754997,18.234141],[73.755512,18.234181],[73.755598,18.234508],[73.755856,18.234508],[73.756456,18.23516],[73.7571,18.235527],[73.757465,18.235425],[73.757422,18.235017],[73.757808,18.234569],[73.757551,18.23359],[73.757551,18.232408],[73.758559,18.232143],[73.758731,18.231777],[73.758988,18.231899],[73.759332,18.231817],[73.759761,18.23141],[73.760512,18.231675],[73.760705,18.233733],[73.761435,18.234059],[73.761907,18.233815],[73.762164,18.233855],[73.762143,18.233387],[73.761928,18.233387],[73.762271,18.232938],[73.762186,18.232694],[73.762808,18.23247],[73.763194,18.232796],[73.763988,18.232898],[73.764374,18.233509],[73.76416,18.234243],[73.764524,18.234345],[73.765297,18.233081],[73.765683,18.232918],[73.766241,18.23304],[73.766434,18.232857],[73.766391,18.231349],[73.766778,18.231023],[73.766863,18.230411],[73.767142,18.229861],[73.768258,18.229779],[73.768773,18.229535],[73.769288,18.229983],[73.769546,18.229698],[73.76991,18.229637],[73.76991,18.229392],[73.769052,18.228781],[73.768794,18.228332],[73.768838,18.228088],[73.768623,18.227802],[73.768709,18.226987],[73.768365,18.22662],[73.768387,18.226192],[73.76873,18.22607],[73.769116,18.226152],[73.770447,18.227415],[73.771777,18.227497],[73.772163,18.226885],[73.77285,18.226967],[73.772957,18.226539],[73.772743,18.226376],[73.77285,18.226233],[73.773859,18.225764],[73.773751,18.225581],[73.773193,18.225703],[73.772292,18.225336],[73.772013,18.22499],[73.77197,18.224541],[73.772421,18.224032],[73.773344,18.223563],[73.773172,18.222503],[73.772829,18.222177],[73.773022,18.221708],[73.773279,18.221831],[73.773794,18.221545],[73.774996,18.22179],[73.775361,18.221688],[73.775103,18.221484],[73.774481,18.220159],[73.774052,18.220078],[73.773794,18.2202],[73.773472,18.219487],[73.774931,18.218345],[73.77506,18.217856],[73.775983,18.216654],[73.776326,18.216694],[73.77682,18.217082],[73.777871,18.219018],[73.778343,18.218855],[73.778644,18.219181],[73.779373,18.219548],[73.78021,18.219283],[73.780081,18.218998],[73.780167,18.218794],[73.779566,18.217938],[73.779609,18.217326],[73.77991,18.216919],[73.779244,18.216735],[73.778923,18.216389],[73.778665,18.21594],[73.778751,18.215859],[73.778493,18.215736],[73.778107,18.215003],[73.777935,18.214024],[73.777528,18.213515],[73.77712,18.213372],[73.77697,18.213066],[73.776433,18.212842],[73.776455,18.212251],[73.777185,18.212129],[73.777506,18.212312],[73.777614,18.212577],[73.778171,18.212618],[73.778687,18.211966],[73.778794,18.212149],[73.778579,18.212801],[73.779159,18.212699],[73.779051,18.213046],[73.779566,18.214065],[73.780231,18.214249],[73.780704,18.214085],[73.781261,18.21327],[73.781819,18.213352],[73.782206,18.213148],[73.782613,18.212801],[73.782935,18.212088],[73.783407,18.212007],[73.783643,18.212312],[73.783472,18.212435],[73.783257,18.213127],[73.783257,18.213698],[73.783042,18.21431],[73.783085,18.215003],[73.782828,18.215696],[73.783171,18.216266],[73.78345,18.216327],[73.783386,18.21594],[73.784437,18.214819],[73.785081,18.214534],[73.785853,18.214452],[73.786089,18.21488],[73.786004,18.215288],[73.786132,18.215859],[73.785789,18.217204],[73.786089,18.217489],[73.786025,18.217877],[73.786647,18.217612],[73.786733,18.218671],[73.78727,18.218651],[73.787999,18.217958],[73.788772,18.21804],[73.788807,18.217531],[73.789329,18.217836],[73.790188,18.217632],[73.790789,18.217754],[73.791089,18.217551],[73.791196,18.217979],[73.79184,18.218549],[73.792012,18.218957],[73.791625,18.21941],[73.791679,18.219879],[73.792334,18.219736],[73.792425,18.218473],[73.793,18.21775],[73.793643,18.21883],[73.794689,18.219145],[73.795287,18.219031],[73.795498,18.219329],[73.795794,18.21913],[73.795906,18.218819],[73.79559,18.218611],[73.795364,18.218147],[73.795075,18.218137],[73.794871,18.217928],[73.795246,18.217393],[73.794946,18.217107],[73.796496,18.216205],[73.796883,18.216531],[73.797162,18.216389],[73.796861,18.216266],[73.796389,18.215614],[73.796475,18.215125],[73.795874,18.214595],[73.795488,18.213943],[73.796132,18.213617],[73.796046,18.213291],[73.796175,18.213005],[73.795917,18.212679],[73.79596,18.212271],[73.796303,18.211334],[73.79684,18.210784],[73.79714,18.210661],[73.797612,18.210906],[73.797913,18.211395],[73.798728,18.211028],[73.7992,18.210987],[73.799415,18.211273],[73.799887,18.211313],[73.800209,18.211538],[73.80038,18.212149],[73.800702,18.212496],[73.801475,18.212129],[73.801882,18.212394],[73.80229,18.212985],[73.802655,18.212679],[73.802655,18.212516],[73.802354,18.212027],[73.802311,18.211619],[73.801496,18.210396],[73.801282,18.209336],[73.801861,18.209275],[73.802247,18.208827],[73.802719,18.208745],[73.803921,18.209031],[73.804779,18.208501],[73.805552,18.208337],[73.80553,18.208073],[73.80523,18.207869],[73.806109,18.207318],[73.806367,18.207645],[73.806732,18.207665],[73.806431,18.207991],[73.806667,18.208419],[73.807611,18.208704],[73.807504,18.208439],[73.807719,18.208113],[73.807998,18.207889],[73.808298,18.207889],[73.808792,18.208113],[73.809135,18.208766],[73.809457,18.20899],[73.809693,18.208847],[73.809564,18.20848],[73.809671,18.208297],[73.809779,18.208603],[73.810015,18.208745],[73.810337,18.208603],[73.810508,18.208317],[73.810508,18.208113],[73.80995,18.207543],[73.810444,18.206992],[73.811238,18.207216],[73.811066,18.207787],[73.811281,18.207869],[73.811195,18.208195],[73.811731,18.208174],[73.812075,18.208908],[73.812311,18.208562],[73.812354,18.207828],[73.812504,18.207604],[73.812804,18.207522],[73.813577,18.207971],[73.814049,18.20793],[73.813598,18.207094],[73.813598,18.206156],[73.813641,18.205708],[73.814242,18.205219],[73.813641,18.204322],[73.814156,18.20318],[73.814371,18.203017],[73.814156,18.202691],[73.814156,18.202406],[73.814349,18.202263],[73.815079,18.202222],[73.815723,18.20263],[73.81628,18.202508],[73.816838,18.203038],[73.817224,18.203038],[73.817482,18.203446],[73.817868,18.203486],[73.81819,18.202814],[73.818791,18.202406],[73.818598,18.202019],[73.81789,18.201631],[73.819542,18.199899],[73.820229,18.200021],[73.821902,18.199899],[73.822482,18.200694],[73.822439,18.200979],[73.823318,18.201815],[73.823683,18.201468],[73.823512,18.201101],[73.823469,18.200531],[73.823683,18.200123],[73.823512,18.19943],[73.824263,18.198676],[73.824477,18.198635],[73.825164,18.198757],[73.825893,18.199776],[73.826623,18.199695],[73.827353,18.198716],[73.827739,18.198512],[73.828082,18.198553],[73.829369,18.200388],[73.829992,18.199797],[73.829949,18.199348],[73.830335,18.198085],[73.830721,18.19731],[73.831043,18.197004],[73.831537,18.197269],[73.832309,18.198085],[73.832309,18.198696],[73.832889,18.198879],[73.833125,18.198655],[73.833039,18.198533],[73.833318,18.198064],[73.834431,18.198123],[73.833983,18.197391],[73.834002,18.196018],[73.833768,18.19572],[73.833854,18.195108],[73.83364,18.19466],[73.833919,18.193539],[73.834391,18.193416],[73.834863,18.193539],[73.835077,18.193294],[73.835421,18.193376],[73.835635,18.193213],[73.835828,18.193355],[73.835785,18.194171],[73.836129,18.194864],[73.836214,18.195475],[73.836322,18.195618],[73.836751,18.195536],[73.837073,18.196046],[73.837269,18.196581],[73.837309,18.197412],[73.837483,18.197445],[73.837502,18.196984],[73.837856,18.196362],[73.837845,18.19572],[73.838014,18.195712],[73.838068,18.19518],[73.838312,18.194978],[73.838682,18.195047],[73.839433,18.195679],[73.839862,18.196168],[73.83997,18.196596],[73.840485,18.196759],[73.840592,18.196413],[73.841021,18.196005],[73.840742,18.195985],[73.840549,18.195761],[73.839734,18.194211],[73.839884,18.193498],[73.840227,18.193376],[73.840699,18.193539],[73.84115,18.193437],[73.841107,18.192988],[73.840806,18.192703],[73.840721,18.192214],[73.840957,18.191541],[73.841128,18.191541],[73.8416,18.191011],[73.84203,18.191215],[73.842483,18.190975],[73.842502,18.191439],[73.842888,18.191561],[73.843575,18.192295],[73.844111,18.192596],[73.844293,18.192522],[73.844114,18.192127],[73.844261,18.191561],[73.844776,18.191643],[73.845066,18.192056],[73.845838,18.192346],[73.845989,18.191923],[73.845393,18.191796],[73.844991,18.19095],[73.844733,18.190787],[73.844905,18.190216],[73.844819,18.189727],[73.845077,18.189156],[73.844905,18.18883],[73.844991,18.188259],[73.844347,18.188137],[73.843832,18.1883],[73.843703,18.188177],[73.843875,18.18777],[73.844218,18.187607],[73.844562,18.186139],[73.845034,18.18569],[73.845248,18.185976],[73.845162,18.186873],[73.845377,18.187321],[73.847866,18.185853],[73.847823,18.187607],[73.848467,18.187321],[73.848982,18.187892],[73.849153,18.187647],[73.849583,18.187566],[73.850055,18.188585],[73.850312,18.188748],[73.850226,18.189074],[73.850441,18.189115],[73.850827,18.189564],[73.850913,18.190053],[73.851557,18.190012],[73.852115,18.190787],[73.852029,18.191031],[73.852158,18.191235],[73.852587,18.191235],[73.852887,18.190705],[73.852887,18.189971],[73.852458,18.189727],[73.852372,18.188993],[73.851857,18.188177],[73.851771,18.187688],[73.852072,18.187403],[73.852329,18.187403],[73.852501,18.187647],[73.852887,18.187607],[73.852887,18.187199],[73.85323,18.186791],[73.85323,18.186057],[73.853531,18.18569],[73.854303,18.18569],[73.855162,18.186424],[73.856363,18.18618],[73.856621,18.185935],[73.85705,18.185935],[73.857436,18.186383],[73.857694,18.187362],[73.857608,18.187933],[73.857822,18.188218],[73.858166,18.188218],[73.858509,18.188707],[73.858895,18.188177],[73.858981,18.187525],[73.859281,18.187158],[73.859797,18.187158],[73.860483,18.187647],[73.861084,18.187647],[73.861041,18.186791],[73.861599,18.186098],[73.8622,18.186098],[73.862758,18.186546],[73.863444,18.187607],[73.863187,18.188177],[73.863316,18.188626],[73.86353,18.188177],[73.86426,18.187403],[73.864861,18.187647],[73.865204,18.188218],[73.865547,18.188218],[73.865848,18.187933],[73.865848,18.187688],[73.865418,18.187362],[73.865418,18.187199],[73.865933,18.185731],[73.866405,18.185283],[73.866749,18.185201],[73.867006,18.185364],[73.867307,18.185079],[73.868766,18.183285],[73.868852,18.182796],[73.87001,18.182184],[73.870818,18.181261],[73.870826,18.18092],[73.871083,18.180512],[73.871668,18.179936],[73.869039,18.171618],[73.864061,18.168101],[73.863659,18.168076],[73.86323,18.167505],[73.862972,18.167505],[73.862543,18.166934],[73.862286,18.166934],[73.861599,18.1662],[73.860569,18.165466],[73.859024,18.164814],[73.858595,18.164814],[73.858552,18.16673],[73.857908,18.166771],[73.857865,18.166894],[73.858123,18.167464],[73.858895,18.168117],[73.858767,18.168484],[73.858252,18.168402],[73.857651,18.167994],[73.857222,18.167994],[73.856707,18.167587],[73.855848,18.167831],[73.855419,18.167668],[73.855162,18.167342],[73.854475,18.167342],[73.854089,18.167546],[73.854775,18.168443],[73.854775,18.169177],[73.854604,18.169503],[73.855119,18.169911],[73.855376,18.171053],[73.855805,18.171623],[73.855762,18.171827],[73.855419,18.17199],[73.853874,18.171664],[73.853617,18.17142],[73.853273,18.17142],[73.852844,18.170767],[73.8519,18.170359],[73.851214,18.170359],[73.850527,18.170033],[73.850055,18.170482],[73.850055,18.171379],[73.849926,18.171501],[73.849068,18.172154],[73.848209,18.172235],[73.847179,18.171909],[73.846579,18.171256],[73.846149,18.171093],[73.845377,18.171093],[73.84469,18.170359],[73.844089,18.170278],[73.843575,18.169952],[73.843231,18.170359],[73.842545,18.170604],[73.842201,18.171093],[73.841772,18.171175],[73.841,18.171909],[73.840141,18.171664],[73.839283,18.171909],[73.839026,18.171746],[73.838768,18.171827],[73.838639,18.17195],[73.838725,18.172357],[73.838553,18.172521],[73.838553,18.173254],[73.838167,18.173621],[73.837824,18.173703],[73.83748,18.173295],[73.837051,18.173295],[73.836279,18.174498],[73.835807,18.174213],[73.835485,18.174355],[73.835185,18.174804],[73.834755,18.17619],[73.833758,18.176374],[73.833028,18.175675],[73.832754,18.175079],[73.832803,18.174111],[73.833275,18.172979],[73.832706,18.172459],[73.832003,18.172291],[73.831569,18.172775],[73.831623,18.173209],[73.831253,18.174004],[73.831424,18.175008],[73.830732,18.175181],[73.830469,18.174926],[73.829799,18.174753],[73.829439,18.174865],[73.82982,18.175986],[73.830121,18.17619],[73.830292,18.176557],[73.830013,18.177189],[73.829369,18.177189],[73.829434,18.177006],[73.829305,18.177006],[73.829155,18.176618],[73.828983,18.176741],[73.828726,18.176741],[73.828683,18.176537],[73.828297,18.176618],[73.828275,18.17619],[73.828103,18.176149],[73.828147,18.176027],[73.827653,18.175436],[73.827438,18.175518],[73.827224,18.175314],[73.826945,18.175538],[73.827074,18.175986],[73.827503,18.176272],[73.827117,18.17672],[73.827117,18.177006],[73.826559,18.177332],[73.826601,18.177536],[73.827074,18.177862],[73.827181,18.178657],[73.827696,18.178168],[73.828082,18.178209],[73.828533,18.178473],[73.829155,18.179676],[73.830035,18.179982],[73.82982,18.180838],[73.829391,18.181124],[73.829777,18.181776],[73.829241,18.18196],[73.828833,18.182592],[73.828361,18.182877],[73.828404,18.183407],[73.828082,18.183958],[73.826752,18.183917],[73.825979,18.184406],[73.825529,18.184019],[73.825207,18.183346],[73.824606,18.183387],[73.824348,18.183142],[73.824241,18.184182],[73.823834,18.18461],[73.823683,18.184508],[73.823555,18.183896],[73.823361,18.183754],[73.822696,18.1841],[73.822825,18.184467],[73.822546,18.184773],[73.822203,18.184732],[73.822095,18.184019],[73.821538,18.183856],[73.821495,18.183489],[73.821666,18.183081],[73.821258,18.183101],[73.821044,18.182734],[73.820722,18.182632],[73.820443,18.182123],[73.8201,18.182041],[73.819907,18.181858],[73.819971,18.18147],[73.819413,18.181837],[73.818726,18.18094],[73.818576,18.181328],[73.818834,18.181735],[73.818877,18.182347],[73.819435,18.182632],[73.819606,18.183081],[73.819606,18.18357],[73.819091,18.183937],[73.819349,18.184182],[73.819392,18.184997],[73.819177,18.185609],[73.818963,18.185731],[73.818963,18.186098],[73.81952,18.18671],[73.819435,18.187036],[73.819907,18.1883],[73.81995,18.189319],[73.819542,18.189462],[73.818855,18.189258],[73.818448,18.188952],[73.818233,18.188218],[73.817911,18.18779],[73.817568,18.187994],[73.817139,18.187627],[73.817117,18.187933],[73.817632,18.188544],[73.817546,18.190053],[73.816774,18.190746],[73.816602,18.191357],[73.815937,18.191745],[73.81495,18.191663],[73.81525,18.191337],[73.814263,18.190766],[73.813748,18.190725],[73.813641,18.191439],[73.813191,18.191949],[73.812547,18.192193],[73.812075,18.191989],[73.811881,18.192051],[73.811839,18.193926],[73.811431,18.194762],[73.811045,18.194803],[73.810272,18.194313],[73.809886,18.194273],[73.809822,18.194171],[73.810036,18.193967],[73.808942,18.192968],[73.808255,18.193131],[73.807869,18.193579],[73.807097,18.193539],[73.806624,18.193253],[73.806152,18.193253],[73.806109,18.193498],[73.805788,18.193559],[73.806431,18.194497],[73.806474,18.194986],[73.806732,18.19519],[73.806817,18.195557],[73.807333,18.195964],[73.80759,18.196698],[73.807719,18.197717],[73.807526,18.198064],[73.805852,18.198716],[73.805895,18.198553],[73.806517,18.198248],[73.805637,18.198431],[73.805144,18.198981],[73.805316,18.199348],[73.805187,18.199634],[73.80435,18.200266],[73.804135,18.200306],[73.803878,18.200062],[73.803148,18.200143],[73.802848,18.199572],[73.802419,18.199572],[73.802183,18.199674],[73.801968,18.200245],[73.801432,18.200714],[73.801002,18.200551],[73.800445,18.200755],[73.800166,18.200531],[73.800423,18.200041],[73.800187,18.199532],[73.799415,18.199572],[73.798943,18.199206],[73.798385,18.199124],[73.79699,18.201142],[73.797419,18.201428],[73.797419,18.201754],[73.797247,18.201957],[73.797376,18.202487],[73.79714,18.202712],[73.796582,18.202712],[73.796282,18.202956],[73.796003,18.202773],[73.795939,18.202467],[73.795681,18.202426],[73.795123,18.202793],[73.79478,18.202793],[73.793643,18.203751],[73.793557,18.20424],[73.792698,18.205137],[73.792698,18.205749],[73.791432,18.206625],[73.791068,18.206442],[73.790767,18.205912],[73.791454,18.205423],[73.79154,18.204811],[73.791733,18.204587],[73.792033,18.204424],[73.792205,18.204709],[73.79257,18.204526],[73.792484,18.204281],[73.792999,18.203547],[73.793127,18.203058],[73.79302,18.202875],[73.792505,18.202752],[73.791647,18.203201],[73.790917,18.203119],[73.790724,18.202936],[73.790853,18.201794],[73.79154,18.200816],[73.790703,18.200959],[73.790488,18.200673],[73.790059,18.200633],[73.789673,18.200836],[73.788858,18.200877],[73.788192,18.199919],[73.788364,18.199634],[73.788149,18.199063],[73.787913,18.198879],[73.78727,18.198879],[73.786969,18.199083],[73.786669,18.198798],[73.785682,18.198431],[73.785102,18.197717],[73.78506,18.19731],[73.784888,18.197147],[73.785102,18.196658],[73.784738,18.196515],[73.784437,18.196148],[73.783965,18.196352],[73.783536,18.195985],[73.78315,18.195903],[73.783,18.195475],[73.782785,18.195353],[73.782656,18.194578],[73.782377,18.194517],[73.782141,18.19466],[73.782034,18.195006],[73.78139,18.194966],[73.781197,18.195108],[73.781326,18.195801],[73.781111,18.196168],[73.782613,18.196861],[73.78227,18.197147],[73.782055,18.198044],[73.78242,18.198064],[73.782849,18.197779],[73.783,18.197921],[73.782828,18.19837],[73.783128,18.198655],[73.7833,18.199634],[73.7836,18.19996],[73.783729,18.20049],[73.783386,18.201264],[73.784866,18.201529],[73.785875,18.202528],[73.785918,18.203058],[73.785574,18.203833],[73.78566,18.20424],[73.785403,18.204607],[73.784909,18.205035],[73.784437,18.204628],[73.783965,18.20475],[73.782978,18.205606],[73.78212,18.205565],[73.781819,18.20581],[73.78154,18.205667],[73.781347,18.204954],[73.779931,18.205402],[73.779749,18.205153],[73.779373,18.205199],[73.779094,18.206034],[73.778343,18.206707],[73.778086,18.206422],[73.777571,18.206258],[73.777356,18.20581],[73.77712,18.206442],[73.776755,18.206707],[73.776283,18.206707],[73.775983,18.207074],[73.775682,18.207155],[73.77476,18.206809],[73.773837,18.207848],[73.77358,18.207889],[73.773022,18.207481],[73.772507,18.207971],[73.772078,18.207971],[73.772142,18.207706],[73.772013,18.207624],[73.771434,18.207645],[73.771455,18.207991],[73.772485,18.209622],[73.772485,18.209989],[73.772228,18.210396],[73.771734,18.210702],[73.77112,18.210544],[73.770297,18.21007],[73.770342,18.211683],[73.769824,18.212435],[73.770082,18.212679],[73.770168,18.213127],[73.769567,18.213413],[73.769782,18.213658],[73.769696,18.213984],[73.76946,18.214126],[73.768601,18.213148],[73.768086,18.213066],[73.767786,18.212699],[73.767614,18.212822],[73.767464,18.21272],[73.767507,18.212231],[73.767228,18.211966],[73.766885,18.211925],[73.766649,18.212108],[73.766778,18.212516],[73.766241,18.212536],[73.766005,18.213127],[73.766112,18.21327],[73.766606,18.213331],[73.766627,18.213719],[73.767035,18.213739],[73.766992,18.214595],[73.767528,18.215023],[73.767872,18.215064],[73.767979,18.215492],[73.766971,18.215798],[73.765683,18.21539],[73.765533,18.215573],[73.766413,18.216124],[73.766627,18.216572],[73.7674,18.21698],[73.767722,18.217285],[73.767743,18.21751],[73.768065,18.217612],[73.768129,18.217958],[73.76858,18.218101],[73.76858,18.21859],[73.768365,18.21912],[73.767743,18.219385],[73.767528,18.219385],[73.767099,18.218977],[73.766499,18.219181],[73.76622,18.218916],[73.766262,18.218712],[73.765597,18.218743],[73.765404,18.21859],[73.765426,18.218407],[73.765039,18.218488],[73.76476,18.218142],[73.764262,18.218249],[73.76401,18.217836],[73.763452,18.217632],[73.763344,18.21859],[73.762765,18.218733],[73.762743,18.218916],[73.763065,18.218937],[73.763173,18.219242],[73.763559,18.219446],[73.763602,18.220261],[73.764181,18.219793],[73.764396,18.219793],[73.765769,18.220689],[73.765919,18.221158],[73.764782,18.222198],[73.764224,18.222157],[73.763537,18.221668],[73.762937,18.221912],[73.762379,18.222483],[73.761134,18.222075],[73.760169,18.222952],[73.759761,18.223543],[73.759074,18.223787],[73.758967,18.223767],[73.759139,18.223604],[73.758752,18.223196],[73.758752,18.222585],[73.758903,18.222361],[73.758259,18.222564],[73.757701,18.222524],[73.757229,18.223135],[73.756499,18.22342],[73.755619,18.222992],[73.755362,18.222218],[73.755662,18.221607],[73.756306,18.220954],[73.756435,18.220465],[73.756993,18.220098],[73.756993,18.219854],[73.756735,18.219731],[73.756864,18.219038],[73.756714,18.218937],[73.756199,18.219344],[73.755598,18.219181],[73.755319,18.218631],[73.755577,18.218468],[73.755619,18.217815],[73.754954,18.218162],[73.754053,18.21804],[73.753302,18.217163],[73.753152,18.216694],[73.752744,18.216959],[73.752572,18.217815],[73.752315,18.218182],[73.751779,18.218203],[73.751671,18.218345],[73.7518,18.218549],[73.751628,18.218957],[73.7518,18.219283],[73.7518,18.220139],[73.751392,18.220648],[73.751178,18.220771],[73.750877,18.220363],[73.750405,18.220363],[73.750298,18.220017],[73.74974,18.219731],[73.749762,18.219466],[73.749526,18.219568],[73.74944,18.22022],[73.749826,18.220628],[73.749869,18.220914],[73.749611,18.222136],[73.74929,18.222401],[73.748538,18.221933],[73.748538,18.221484],[73.748109,18.22128],[73.748281,18.220587],[73.74768,18.220384],[73.747487,18.219833],[73.747144,18.219711],[73.746629,18.219874],[73.745813,18.220608],[73.745127,18.220445],[73.744741,18.21967],[73.74414,18.21967],[73.743861,18.219487],[73.743517,18.218916],[73.743668,18.21857],[73.74414,18.218651],[73.744354,18.218488],[73.744955,18.218529],[73.745084,18.218407],[73.745384,18.218529],[73.746436,18.218223],[73.746436,18.217897],[73.745642,18.217428],[73.745513,18.217184],[73.745213,18.217387],[73.744698,18.217428],[73.744118,18.216511],[73.744183,18.216287],[73.74444,18.216287],[73.744719,18.216022],[73.744505,18.215614],[73.744505,18.215207],[73.744612,18.214982],[73.745105,18.214758],[73.744934,18.214269],[73.745127,18.214045],[73.745642,18.213882],[73.745792,18.213658],[73.745663,18.213454],[73.745384,18.213229],[73.744955,18.213596],[73.744183,18.213882],[73.743925,18.214289],[73.743689,18.214228],[73.743818,18.214391],[73.743475,18.214554],[73.743367,18.214819],[73.742981,18.214738],[73.742745,18.214962],[73.742423,18.215594],[73.741736,18.215553],[73.741844,18.215696],[73.741436,18.215838],[73.740943,18.215247],[73.741136,18.215023],[73.741457,18.215003],[73.741543,18.214473],[73.741779,18.214208],[73.742917,18.214106],[73.742316,18.213005],[73.74311,18.212903],[73.743303,18.212598],[73.743238,18.212373],[73.742123,18.212007],[73.741779,18.211721],[73.741884,18.211548],[73.742294,18.211395],[73.742681,18.211599],[73.743024,18.211028],[73.743324,18.21115],[73.743711,18.210946],[73.744354,18.21111],[73.744891,18.210641],[73.744891,18.210315],[73.744698,18.21009],[73.74341,18.209887],[73.742788,18.209173],[73.743195,18.208704],[73.744483,18.208623],[73.745363,18.207828],[73.74532,18.207298],[73.744907,18.207181],[73.744354,18.2074],[73.744183,18.207278],[73.743925,18.207359],[73.743904,18.207176],[73.743517,18.207053],[73.742852,18.207318],[73.742466,18.207278],[73.741329,18.206809],[73.741608,18.206299],[73.742166,18.205932],[73.74238,18.206014],[73.742552,18.205769],[73.742187,18.205545],[73.741929,18.204811],[73.742101,18.204648],[73.742144,18.204159],[73.742959,18.203058],[73.742954,18.202467],[73.742831,18.202365],[73.741908,18.203079],[73.741436,18.203242],[73.740213,18.202814],[73.740041,18.201754],[73.74047,18.201468],[73.740749,18.200714],[73.739505,18.200633],[73.73944,18.200327],[73.739655,18.199878],[73.739483,18.199552],[73.739642,18.199353],[73.739462,18.198798],[73.739119,18.198594],[73.738689,18.198757],[73.738282,18.198574],[73.738303,18.197799],[73.737488,18.197106],[73.736544,18.19678],[73.7359,18.196087],[73.735771,18.195638],[73.73457,18.196046],[73.73384,18.195271],[73.733668,18.194945],[73.733754,18.194537],[73.733239,18.194048],[73.733411,18.193641],[73.733025,18.193274],[73.732424,18.193681],[73.731995,18.193274],[73.731608,18.193396],[73.73148,18.193681],[73.730793,18.193355],[73.730321,18.193478],[73.730364,18.193681],[73.730192,18.193681],[73.729119,18.192744],[73.728905,18.192132],[73.728733,18.192295],[73.727574,18.192418],[73.727746,18.192581],[73.72766,18.19307],[73.728003,18.193478],[73.728003,18.193722],[73.728948,18.194619],[73.728862,18.19519],[73.729591,18.195883],[73.730278,18.195883],[73.730578,18.196168],[73.730407,18.196658],[73.730879,18.197106],[73.731136,18.19678],[73.731523,18.197065],[73.731694,18.197717],[73.732123,18.19837],[73.732853,18.198411],[73.733325,18.198859],[73.733497,18.199838],[73.733711,18.200041],[73.73414,18.200041],[73.734441,18.200245],[73.734612,18.200653],[73.734527,18.201142],[73.734355,18.201061],[73.734484,18.201835],[73.735428,18.201917],[73.735986,18.202447],[73.7359,18.202773],[73.736587,18.203344],[73.736587,18.203507],[73.736029,18.204037],[73.7356,18.204118],[73.735471,18.20424],[73.735557,18.204322],[73.735213,18.204485],[73.735342,18.204607],[73.73663,18.204607],[73.736844,18.204811],[73.736844,18.205382],[73.737187,18.205708],[73.737187,18.205953],[73.736758,18.206442],[73.737102,18.207013],[73.737102,18.207502],[73.736844,18.207746],[73.737016,18.208073],[73.737016,18.208562],[73.736672,18.208725],[73.736672,18.208888],[73.737144,18.209173],[73.737445,18.209622],[73.736672,18.210518],[73.736887,18.211049],[73.737059,18.210804],[73.737488,18.210804],[73.738046,18.211334],[73.737992,18.211685],[73.737772,18.211721],[73.737853,18.212175],[73.7376,18.212333],[73.737375,18.212261],[73.737536,18.212868],[73.737123,18.213647],[73.736544,18.214147],[73.7359,18.21378],[73.735986,18.213454],[73.735857,18.213331],[73.735514,18.213494],[73.735428,18.213331],[73.734827,18.213739],[73.734226,18.213821],[73.734055,18.214147],[73.733754,18.213291],[73.733969,18.213087],[73.734226,18.213168],[73.734355,18.213046],[73.734226,18.212598],[73.733969,18.212679],[73.73384,18.212557],[73.73384,18.212312],[73.734163,18.211955],[73.733546,18.21175],[73.73342,18.211251],[73.733211,18.211256],[73.732982,18.211823],[73.733239,18.212068],[73.732638,18.212475],[73.732638,18.212801],[73.732123,18.213372],[73.732038,18.213943],[73.731737,18.214147],[73.731093,18.213617],[73.731008,18.213046],[73.731437,18.212883],[73.731008,18.212394],[73.731351,18.211578],[73.731008,18.211171],[73.730793,18.21113],[73.73075,18.211334],[73.730364,18.211538],[73.73002,18.212027],[73.72942,18.212027],[73.729162,18.211782],[73.728647,18.211864],[73.728261,18.211252],[73.728647,18.210804],[73.729109,18.210631],[73.72839,18.21059],[73.728304,18.210804],[73.727961,18.210804],[73.727918,18.210437],[73.727703,18.210396],[73.727446,18.211049],[73.727102,18.210804],[73.72633,18.210804],[73.726287,18.2106],[73.726544,18.210518],[73.726544,18.210355],[73.726287,18.210192],[73.72633,18.209826],[73.725944,18.209703],[73.725944,18.209459],[73.726158,18.209418],[73.725724,18.209214],[73.725429,18.209622],[73.725085,18.209647],[73.725112,18.21007],[73.724683,18.210218],[73.724468,18.209662],[73.724232,18.209703],[73.724071,18.209515],[73.723911,18.209031],[73.723455,18.20954],[73.723455,18.209785],[73.723068,18.21007],[73.722639,18.210152],[73.72251,18.210029],[73.722682,18.209703],[73.722425,18.208969],[73.721695,18.208847],[73.721395,18.20848],[73.721266,18.207298],[73.721094,18.207216],[73.720708,18.207665],[73.72088,18.207828],[73.720708,18.20848],[73.720965,18.208725],[73.720965,18.209132],[73.720708,18.209703],[73.720407,18.209989],[73.720064,18.209989],[73.71942,18.209377],[73.719249,18.208888],[73.719463,18.208521],[73.720107,18.208236],[73.720107,18.207991],[73.719377,18.207787],[73.719249,18.207339],[73.719034,18.207216],[73.718777,18.207379],[73.718262,18.207379],[73.717961,18.20685],[73.717961,18.206605],[73.718219,18.206279],[73.718219,18.205627],[73.718605,18.205667],[73.719249,18.204893],[73.719249,18.203833],[73.718777,18.20371],[73.718176,18.204118],[73.717575,18.204118],[73.717103,18.203751],[73.716974,18.203384],[73.716545,18.203547],[73.71603,18.202732],[73.715472,18.202528],[73.715472,18.20155],[73.715301,18.201305],[73.71573,18.201305],[73.715644,18.201061],[73.715816,18.200816],[73.715386,18.20049],[73.714914,18.200531],[73.714786,18.200408],[73.714871,18.199838],[73.714442,18.199348],[73.714528,18.199267],[73.714099,18.199022],[73.714099,18.19943],[73.713627,18.199715],[73.713498,18.199593],[73.713584,18.199185],[73.713369,18.199144],[73.713112,18.199389],[73.712597,18.199226],[73.712339,18.200041],[73.711052,18.199715],[73.710623,18.200041],[73.710108,18.200041],[73.709679,18.200367],[73.709335,18.19996],[73.709164,18.19996],[73.708863,18.199511],[73.709893,18.198777],[73.709636,18.198451],[73.709636,18.198207],[73.710494,18.197799],[73.710236,18.197473],[73.710365,18.19678],[73.709893,18.196821],[73.709679,18.197025],[73.709507,18.196861],[73.708649,18.196943],[73.708177,18.196495],[73.708305,18.196127],[73.707705,18.196046],[73.707233,18.195598],[73.707233,18.195435],[73.707747,18.195027],[73.707619,18.194904],[73.706846,18.194904],[73.706074,18.195312],[73.705773,18.19519],[73.705602,18.194619],[73.705945,18.194293],[73.705859,18.193804],[73.706117,18.193396],[73.705773,18.192907],[73.705773,18.192499],[73.70646,18.191847],[73.705902,18.191643],[73.705645,18.191317],[73.705516,18.191521],[73.705687,18.191847],[73.705173,18.192254],[73.705173,18.192581],[73.704786,18.192784],[73.704529,18.192458],[73.7044,18.192499],[73.704486,18.193396],[73.703885,18.193804],[73.703671,18.194171],[73.703456,18.19413],[73.703155,18.19466],[73.702726,18.194578],[73.702426,18.194293],[73.702426,18.193478],[73.702211,18.193355],[73.701782,18.193844],[73.701396,18.193885],[73.701224,18.194456],[73.700838,18.194823],[73.700581,18.194823],[73.700366,18.194619],[73.700624,18.194537],[73.700409,18.194334],[73.700151,18.194415],[73.699894,18.194252],[73.699937,18.194537],[73.699808,18.19466],[73.69925,18.194456],[73.699164,18.194048],[73.699422,18.193478],[73.699207,18.193192],[73.698735,18.193396],[73.698821,18.193641],[73.698692,18.193844],[73.698092,18.193926],[73.697963,18.193804],[73.698049,18.193478],[73.697448,18.192988],[73.697448,18.192581],[73.698049,18.191928],[73.69792,18.191724],[73.697576,18.191643],[73.697534,18.191847],[73.69689,18.192377],[73.696547,18.192458],[73.696246,18.192254],[73.69616,18.191765],[73.695302,18.19095],[73.695216,18.190297],[73.695946,18.189767],[73.696461,18.189767],[73.696933,18.189482],[73.696504,18.189074],[73.696504,18.18883],[73.696847,18.188422],[73.696675,18.188014],[73.696675,18.187199],[73.697362,18.186628],[73.697019,18.186383],[73.697104,18.186057],[73.696074,18.186954],[73.69616,18.187362],[73.695731,18.187607],[73.695903,18.188014],[73.695345,18.188218],[73.695173,18.188626],[73.694916,18.188544],[73.694315,18.189258],[73.6938,18.189176],[73.693414,18.189502],[73.69307,18.189462],[73.692684,18.189176],[73.692427,18.189258],[73.691997,18.189095],[73.691847,18.188748],[73.692019,18.18834],[73.691826,18.188035],[73.691182,18.188605],[73.690882,18.188605],[73.690624,18.18832],[73.690281,18.188768],[73.690066,18.188768],[73.689766,18.188728],[73.689165,18.187994],[73.688736,18.188402],[73.688178,18.188442],[73.687449,18.187953],[73.687255,18.187647],[73.686912,18.187647],[73.68717,18.188381],[73.686976,18.189176],[73.686547,18.189339],[73.686333,18.189095],[73.686075,18.189135],[73.685903,18.189829],[73.685088,18.189543],[73.685238,18.190012],[73.685088,18.190318],[73.684788,18.190318],[73.684359,18.18991],[73.683972,18.189992],[73.683822,18.190297],[73.683994,18.190664],[73.683822,18.19095],[73.683414,18.191174],[73.683028,18.191133],[73.682685,18.191582],[73.68247,18.191623],[73.682148,18.191317],[73.681719,18.190216],[73.68217,18.189747],[73.682728,18.189747],[73.68305,18.189441],[73.682427,18.188687],[73.681934,18.188544],[73.681848,18.188177],[73.68217,18.188116],[73.682857,18.188565],[73.68365,18.188748],[73.68365,18.188503],[73.68335,18.188218],[73.683608,18.187647],[73.683114,18.187423],[73.683007,18.187158],[73.683157,18.186975],[73.683865,18.18675],[73.68335,18.186017],[73.683393,18.18569],[73.683736,18.185242],[73.68423,18.184895],[73.684745,18.185099],[73.684959,18.184732],[73.685432,18.184732],[73.685947,18.185058],[73.686075,18.184732],[73.686697,18.184508],[73.686655,18.184019],[73.686933,18.183631],[73.687813,18.183448],[73.686826,18.182959],[73.687084,18.182102],[73.687642,18.181898],[73.68717,18.181572],[73.68674,18.180553],[73.686483,18.180512],[73.686826,18.180227],[73.686891,18.179554],[73.686976,18.179676],[73.687234,18.179595],[73.687513,18.17933],[73.686891,18.179432],[73.686268,18.178555],[73.685587,18.178107],[73.685759,18.179177],[73.68614,18.179248],[73.686268,18.179452],[73.685903,18.179717],[73.685646,18.179432],[73.685474,18.179717],[73.685153,18.179697],[73.685453,18.180186],[73.685281,18.181042],[73.685582,18.181205],[73.685796,18.181939],[73.686225,18.182265],[73.685882,18.183244],[73.685432,18.183346],[73.684916,18.183101],[73.684959,18.182938],[73.684702,18.18306],[73.684444,18.182979],[73.684402,18.183142],[73.6835,18.183509],[73.683329,18.183794],[73.682985,18.183835],[73.682835,18.184223],[73.681998,18.184936],[73.68144,18.184977],[73.681548,18.185486],[73.681934,18.185772],[73.681934,18.186139],[73.681397,18.186404],[73.680925,18.186975],[73.680196,18.186893],[73.680046,18.187076],[73.680131,18.187647],[73.679895,18.187872],[73.679402,18.187158],[73.679445,18.186424],[73.679209,18.186281],[73.678479,18.186404],[73.678157,18.185772],[73.67835,18.185629],[73.678865,18.18567],[73.67893,18.185201],[73.679123,18.184977],[73.679895,18.184814],[73.680131,18.184549],[73.679273,18.184426],[73.679273,18.1841],[73.678973,18.183815],[73.678908,18.183305],[73.678436,18.183835],[73.677964,18.183794],[73.677449,18.184121],[73.677256,18.183937],[73.677471,18.183611],[73.677235,18.183346],[73.676977,18.183591],[73.676634,18.183631],[73.676441,18.182877],[73.676977,18.182408],[73.676462,18.182367],[73.676183,18.182102],[73.67614,18.181613],[73.675818,18.181348],[73.675218,18.181715],[73.674896,18.18145],[73.674939,18.181205],[73.674617,18.180981],[73.674273,18.181552],[73.674016,18.181674],[73.673501,18.181593],[73.673394,18.181491],[73.67348,18.180961],[73.673265,18.180471],[73.674016,18.180166],[73.674638,18.179411],[73.673887,18.179595],[73.672986,18.178861],[73.672428,18.178779],[73.672171,18.178902],[73.671892,18.178596],[73.67202,18.178107],[73.672965,18.177413],[73.672643,18.177393],[73.672557,18.177597],[73.671699,18.17776],[73.671227,18.176741],[73.671055,18.176741],[73.670583,18.176251],[73.669982,18.176251],[73.670218,18.176761],[73.670776,18.17721],[73.670518,18.177536],[73.671291,18.179493],[73.671205,18.179819],[73.670776,18.180268],[73.671291,18.18039],[73.671269,18.181389],[73.670669,18.181226],[73.670433,18.181368],[73.670304,18.181735],[73.669896,18.182],[73.669338,18.182082],[73.669038,18.181919],[73.668652,18.182286],[73.667879,18.182082],[73.667707,18.182367],[73.667364,18.18249],[73.666892,18.182612],[73.666506,18.18249],[73.666034,18.183183],[73.665454,18.183081],[73.665669,18.183692],[73.664961,18.184447],[73.664703,18.184243],[73.664188,18.184447],[73.663824,18.183937],[73.663824,18.183692],[73.663588,18.183672],[73.663523,18.183407],[73.663008,18.18304],[73.662987,18.182571],[73.6626,18.182653],[73.661914,18.182327],[73.661356,18.182327],[73.66097,18.182041],[73.660862,18.182429],[73.660562,18.182551],[73.660412,18.182979],[73.66009,18.183162],[73.659328,18.183162],[73.65995,18.183764],[73.659599,18.184725],[73.66057,18.184838],[73.660862,18.18463],[73.66082,18.184304],[73.661227,18.183794],[73.661871,18.183794],[73.662579,18.18463],[73.66245,18.185527],[73.662987,18.185507],[73.663309,18.185894],[73.66333,18.187056],[73.663652,18.186546],[73.663566,18.186343],[73.663888,18.185914],[73.664446,18.186037],[73.664961,18.186485],[73.665261,18.185874],[73.665476,18.185874],[73.66569,18.186159],[73.665841,18.186057],[73.665712,18.18569],[73.665798,18.185364],[73.666162,18.185181],[73.666763,18.184528],[73.667107,18.184528],[73.667493,18.185018],[73.667729,18.184386],[73.667471,18.184223],[73.667579,18.183998],[73.668222,18.184365],[73.668523,18.184039],[73.669467,18.183835],[73.670111,18.184814],[73.670862,18.184345],[73.670969,18.183998],[73.67187,18.184202],[73.672299,18.183835],[73.672943,18.184406],[73.673587,18.184243],[73.67378,18.184386],[73.673308,18.18463],[73.67305,18.185242],[73.67275,18.185486],[73.672793,18.185731],[73.672943,18.185792],[73.673136,18.185446],[73.673458,18.185262],[73.674273,18.185221],[73.674488,18.185344],[73.674552,18.185853],[73.674853,18.18622],[73.674724,18.186587],[73.67496,18.18673],[73.675475,18.186648],[73.675797,18.186954],[73.675625,18.187851],[73.675818,18.187953],[73.676248,18.187668],[73.67672,18.188035],[73.677278,18.188035],[73.677428,18.188422],[73.676913,18.189156],[73.677792,18.189217],[73.678007,18.189502],[73.678393,18.189543],[73.678715,18.189849],[73.678801,18.190216],[73.679359,18.190664],[73.679488,18.191154],[73.67923,18.191602],[73.678951,18.191826],[73.678522,18.191826],[73.678072,18.19148],[73.677921,18.191092],[73.677664,18.191133],[73.677406,18.190929],[73.677084,18.191031],[73.677117,18.191561],[73.67628,18.19149],[73.675185,18.191709],[73.675008,18.191944],[73.674477,18.191852],[73.674164,18.191952],[73.674016,18.192479],[73.673372,18.19256],[73.672873,18.19228],[73.672535,18.192295],[73.672407,18.192458],[73.672535,18.192621],[73.672493,18.192988],[73.672106,18.193314],[73.672192,18.193967],[73.672471,18.19415],[73.673372,18.193987],[73.673844,18.194191],[73.674467,18.194945],[73.674273,18.195251],[73.673973,18.195373],[73.673372,18.195332],[73.673308,18.195149],[73.673437,18.195068],[73.673029,18.194966],[73.673222,18.195231],[73.672428,18.195577],[73.671784,18.194884],[73.671441,18.195332],[73.670626,18.195251],[73.670282,18.194884],[73.670304,18.195231],[73.670025,18.195496],[73.66981,18.195496],[73.669553,18.195332],[73.669574,18.195068],[73.669424,18.194925],[73.668973,18.195027],[73.669231,18.195394],[73.669188,18.195679],[73.668995,18.195822],[73.668737,18.195659],[73.668008,18.195781],[73.667895,18.195496],[73.667648,18.195949],[73.667901,18.196495],[73.667622,18.196719],[73.667386,18.196576],[73.666463,18.196596],[73.665969,18.196413],[73.665819,18.196189],[73.665433,18.196311],[73.666098,18.197065],[73.666077,18.197493],[73.664467,18.196658],[73.663824,18.196698],[73.663545,18.196882],[73.662794,18.196739],[73.662837,18.197391],[73.662665,18.197962],[73.662493,18.197962],[73.662429,18.198186],[73.66185,18.197921],[73.661549,18.197391],[73.661292,18.197432],[73.661549,18.198003],[73.661635,18.198859],[73.661442,18.199287],[73.661742,18.199287],[73.662021,18.199593],[73.661742,18.19998],[73.660932,18.200082],[73.660669,18.19997],[73.660348,18.199307],[73.660133,18.199267],[73.659897,18.199929],[73.659543,18.200123],[73.657612,18.200092],[73.656979,18.199572],[73.657032,18.200612],[73.6567,18.201132],[73.656024,18.201162],[73.655155,18.200592],[73.65494,18.200622],[73.655423,18.201081],[73.656002,18.20207],[73.655809,18.202416],[73.655401,18.202589],[73.655713,18.202895],[73.655713,18.203293],[73.654575,18.203792],[73.655477,18.203935],[73.655584,18.204108],[73.655241,18.204353],[73.653985,18.204648],[73.652751,18.204138],[73.652548,18.204475],[73.65214,18.204567],[73.651196,18.204128],[73.651185,18.204332],[73.652558,18.205035],[73.652784,18.205402],[73.652183,18.205443],[73.652151,18.206034],[73.651679,18.206432],[73.651249,18.206411],[73.651099,18.206248],[73.650016,18.20633],[73.649704,18.206034],[73.649501,18.206044],[73.64964,18.207064],[73.649007,18.207094],[73.648492,18.206452],[73.648084,18.206289],[73.648192,18.205698],[73.647752,18.2053],[73.647526,18.20528],[73.647462,18.205861],[73.646389,18.205953],[73.646539,18.206126],[73.646121,18.206238],[73.646089,18.206646],[73.645445,18.207176],[73.645392,18.207583],[73.645434,18.207797],[73.64566,18.207818],[73.645756,18.208001],[73.646411,18.207889],[73.646443,18.208694],[73.645874,18.20898],[73.645799,18.209173],[73.646486,18.209071],[73.647087,18.209662],[73.646818,18.210213],[73.647226,18.210029],[73.647151,18.210631],[73.647387,18.211222],[73.64714,18.211578],[73.643514,18.213515],[73.642902,18.214116],[73.642656,18.214126],[73.643031,18.21431],[73.64228,18.215054],[73.641175,18.21541],[73.639759,18.215553],[73.638943,18.215308],[73.6386,18.215563],[73.638192,18.21699],[73.637828,18.217245],[73.636776,18.217173],[73.636572,18.217418]],[[73.731308,18.194741],[73.730235,18.193967],[73.73045,18.193844],[73.730793,18.194171],[73.731308,18.194008],[73.731523,18.194374],[73.731308,18.194741]],[[73.664575,18.198879],[73.664467,18.198737],[73.66466,18.198635],[73.664768,18.198737],[73.664575,18.198879]],[[73.737187,18.204628],[73.737273,18.20475],[73.737123,18.204689],[73.737187,18.204628]],[[73.810143,18.206544],[73.810165,18.20636],[73.810272,18.20634],[73.810337,18.206483],[73.810143,18.206544]],[[73.718777,18.209418],[73.718991,18.209622],[73.718863,18.209744],[73.718648,18.209622],[73.718777,18.209418]],[[73.768237,18.215655],[73.768065,18.215696],[73.768086,18.215512],[73.768172,18.215512],[73.768237,18.215655]]]]}},{"type":"Feature","properties":{"id":"wb_nira_deoghar","name":"Nira Deoghar Reservoir","district":"Pune","kind":"reservoir","tier":1,"drinking_water":false,"urban":false,"source":"osm","osm_id":"relation/3436455","osm_name":"Nira Deoghar"},"geometry":{"type":"MultiPolygon","coordinates":[[[[73.633116,18.093031],[73.632444,18.092592],[73.632581,18.092951],[73.631626,18.093071],[73.631154,18.093659],[73.630997,18.094197],[73.631134,18.094205],[73.631654,18.093316],[73.632188,18.093175],[73.633241,18.093316],[73.633804,18.093204],[73.63465,18.093584],[73.634783,18.094176],[73.635228,18.094035],[73.636237,18.094487],[73.636801,18.093711],[73.63775,18.093429],[73.638136,18.093528],[73.639278,18.09467],[73.639856,18.094529],[73.640554,18.095262],[73.641147,18.09474],[73.641814,18.094994],[73.64174,18.095516],[73.641992,18.096475],[73.642541,18.09467],[73.642556,18.094219],[73.64223,18.093894],[73.642319,18.093598],[73.643046,18.093655],[73.644301,18.09469],[73.644394,18.094981],[73.644991,18.09508],[73.64545,18.095354],[73.646719,18.095573],[73.646971,18.095782],[73.647055,18.096112],[73.646342,18.097428],[73.6476,18.097308],[73.647955,18.097404],[73.648613,18.098347],[73.648523,18.098823],[73.648687,18.099561],[73.648037,18.101168],[73.648597,18.101356],[73.648735,18.10058],[73.649016,18.100369],[73.649202,18.099518],[73.649583,18.099003],[73.649939,18.097821],[73.650446,18.097291],[73.650715,18.097227],[73.65124,18.097547],[73.651827,18.097408],[73.652163,18.097537],[73.652441,18.098326],[73.652324,18.099382],[73.653065,18.098604],[73.653863,18.098526],[73.653254,18.097747],[73.653254,18.096969],[73.653747,18.096421],[73.653589,18.095793],[73.653831,18.094127],[73.654355,18.093539],[73.654638,18.093509],[73.655047,18.093918],[73.655089,18.094596],[73.655456,18.095294],[73.655278,18.095474],[73.655289,18.095912],[73.656726,18.097178],[73.657481,18.096969],[73.658404,18.097168],[73.658886,18.096879],[73.65923,18.097145],[73.659139,18.097658],[73.65982,18.097836],[73.660317,18.098252],[73.66087,18.097328],[73.661498,18.097158],[73.662588,18.096504],[73.662882,18.0966],[73.662893,18.096829],[73.662654,18.097077],[73.662823,18.098343],[73.662647,18.099352],[73.662388,18.099824],[73.662872,18.101047],[73.66368,18.10227],[73.663659,18.102692],[73.664131,18.102811],[73.665641,18.101934],[73.665767,18.101555],[73.666533,18.101555],[73.667298,18.101844],[73.667456,18.102063],[73.667214,18.10325],[73.666711,18.103718],[73.666386,18.104616],[73.666186,18.104775],[73.664624,18.105094],[73.664246,18.104955],[73.663921,18.105044],[73.663701,18.105433],[73.663019,18.105613],[73.662914,18.105912],[73.662589,18.106161],[73.661036,18.106649],[73.661068,18.107397],[73.660732,18.107856],[73.660197,18.107646],[73.66004,18.107387],[73.659316,18.108364],[73.659463,18.108703],[73.659914,18.108833],[73.660218,18.109172],[73.659358,18.110956],[73.65918,18.111086],[73.657953,18.111076],[73.657009,18.111415],[73.655387,18.112704],[73.655258,18.11309],[73.655677,18.112641],[73.65724,18.111784],[73.659558,18.111754],[73.660604,18.111313],[73.660996,18.111325],[73.661246,18.11297],[73.661914,18.113622],[73.661876,18.113837],[73.662337,18.114066],[73.662841,18.11497],[73.662234,18.115814],[73.662909,18.116073],[73.663302,18.11606],[73.66259,18.115883],[73.662452,18.115711],[73.663061,18.115083],[73.663061,18.114764],[73.662688,18.11441],[73.661834,18.112611],[73.662085,18.111953],[73.661999,18.111065],[73.66111,18.110099],[73.662232,18.109092],[73.662243,18.108673],[73.662652,18.107995],[73.663428,18.107995],[73.664739,18.107477],[73.665222,18.107696],[73.665809,18.108653],[73.666344,18.107756],[73.666721,18.107457],[73.668032,18.107736],[73.667665,18.107198],[73.667676,18.106889],[73.668463,18.106231],[73.669186,18.106041],[73.669281,18.105872],[73.669123,18.105134],[73.669291,18.104636],[73.670455,18.104426],[73.670508,18.103369],[73.670686,18.10317],[73.671683,18.102911],[73.672008,18.102991],[73.672343,18.10329],[73.672396,18.103659],[73.672742,18.103818],[73.672821,18.104021],[73.67334,18.104127],[73.673495,18.103908],[73.673713,18.104089],[73.673686,18.104586],[73.673948,18.104855],[73.673524,18.105686],[73.673938,18.107267],[73.673581,18.107926],[73.674105,18.108265],[73.674126,18.108902],[73.67464,18.108863],[73.674987,18.109311],[73.675322,18.109421],[73.675479,18.110129],[73.675238,18.110886],[73.675249,18.111395],[73.675563,18.111375],[73.676035,18.111764],[73.676098,18.112312],[73.675867,18.11298],[73.676151,18.11293],[73.676948,18.113688],[73.676581,18.112701],[73.676906,18.112043],[73.67679,18.111574],[73.676245,18.110847],[73.676759,18.10975],[73.676308,18.108414],[73.67677,18.107646],[73.676413,18.107497],[73.676214,18.106231],[73.676318,18.105533],[73.676109,18.105184],[73.676172,18.103878],[73.676696,18.103369],[73.67764,18.10322],[73.6785,18.103599],[73.678888,18.104476],[73.679255,18.104865],[73.67913,18.105862],[73.679916,18.107178],[73.680787,18.105573],[73.682391,18.104815],[73.682738,18.104825],[73.683766,18.105433],[73.684542,18.105314],[73.685087,18.104955],[73.68536,18.105044],[73.685433,18.105832],[73.685654,18.105952],[73.68666,18.105922],[73.686923,18.105712],[73.686954,18.105084],[73.686063,18.103469],[73.686251,18.10308],[73.68686,18.102562],[73.68708,18.102512],[73.687783,18.10316],[73.688202,18.103001],[73.688821,18.10314],[73.689314,18.102901],[73.689178,18.102363],[73.689419,18.102093],[73.689859,18.102143],[73.690132,18.102462],[73.691097,18.101744],[73.691296,18.101764],[73.691412,18.101954],[73.691338,18.102313],[73.691622,18.102512],[73.691915,18.102083],[73.69223,18.102093],[73.693059,18.101595],[73.693436,18.102213],[73.693279,18.102971],[73.692807,18.10327],[73.692807,18.103898],[73.693006,18.104376],[73.692796,18.104775],[73.692303,18.105034],[73.692817,18.105583],[73.692754,18.10642],[73.692198,18.106759],[73.691401,18.106859],[73.690782,18.106849],[73.690405,18.10656],[73.689671,18.106799],[73.690227,18.106889],[73.690782,18.107557],[73.691915,18.107646],[73.692198,18.107866],[73.692471,18.108633],[73.691989,18.109212],[73.691496,18.109401],[73.691275,18.10966],[73.691968,18.10966],[73.692272,18.109919],[73.692849,18.10971],[73.693205,18.110348],[73.693048,18.110966],[73.693447,18.111584],[73.693247,18.111913],[73.692419,18.112272],[73.691359,18.112412],[73.692062,18.11298],[73.692282,18.114066],[73.693174,18.113578],[73.693478,18.113797],[73.693048,18.114934],[73.693195,18.115552],[73.69267,18.116489],[73.692744,18.116758],[73.693209,18.117015],[73.693006,18.117296],[73.693038,18.117556],[73.693226,18.117625],[73.693677,18.117506],[73.693992,18.11625],[73.694968,18.116459],[73.694758,18.11609],[73.694779,18.115641],[73.695093,18.114615],[73.694852,18.114186],[73.694968,18.114086],[73.696027,18.114425],[73.695565,18.11292],[73.696383,18.112761],[73.697453,18.11288],[73.696929,18.112103],[73.696646,18.112003],[73.696415,18.112123],[73.696027,18.111664],[73.696216,18.111315],[73.696069,18.111155],[73.696467,18.110817],[73.695974,18.110488],[73.696394,18.10961],[73.69673,18.109311],[73.696111,18.108882],[73.696247,18.108563],[73.696908,18.108025],[73.69825,18.108025],[73.698544,18.108135],[73.69868,18.108394],[73.698901,18.108394],[73.698995,18.108185],[73.698796,18.107896],[73.697873,18.107407],[73.697642,18.107098],[73.697023,18.106889],[73.697275,18.105792],[73.697191,18.105623],[73.696614,18.105463],[73.696583,18.105264],[73.696583,18.104815],[73.696939,18.104327],[73.696929,18.103998],[73.696037,18.103808],[73.695859,18.10333],[73.695922,18.102672],[73.696142,18.102383],[73.696016,18.101974],[73.696415,18.101435],[73.69674,18.101395],[73.696866,18.101186],[73.69674,18.100558],[73.696918,18.100199],[73.69716,18.100089],[73.698576,18.100468],[73.69867,18.100339],[73.698471,18.10005],[73.698565,18.099551],[73.698943,18.099402],[73.699488,18.099631],[73.699824,18.099511],[73.700432,18.099731],[73.701187,18.099671],[73.702089,18.100957],[73.702152,18.102123],[73.702383,18.102153],[73.702761,18.101675],[73.703631,18.101545],[73.703757,18.101366],[73.704491,18.101425],[73.704869,18.101944],[73.705551,18.102283],[73.705645,18.102512],[73.705446,18.102881],[73.705582,18.10309],[73.706463,18.103021],[73.706788,18.1032],[73.706778,18.103619],[73.707438,18.104127],[73.707481,18.104815],[73.707627,18.104965],[73.707994,18.104416],[73.708162,18.103469],[73.708183,18.101774],[73.708907,18.101146],[73.709631,18.101057],[73.710029,18.101555],[73.711012,18.101495],[73.711854,18.101894],[73.711844,18.102373],[73.712116,18.102801],[73.711865,18.104087],[73.712295,18.103738],[73.713155,18.103569],[73.713732,18.103778],[73.713962,18.104366],[73.714823,18.104307],[73.715536,18.104616],[73.716134,18.105124],[73.716994,18.104685],[73.718011,18.104765],[73.71842,18.105383],[73.718515,18.106131],[73.719773,18.105812],[73.720256,18.10644],[73.720707,18.10646],[73.721105,18.106221],[73.7212,18.105114],[73.722857,18.101754],[73.725412,18.097121],[73.726213,18.094307],[73.728594,18.091495],[73.728857,18.090598],[73.729465,18.08978],[73.729874,18.089392],[73.731164,18.088853],[73.731258,18.088534],[73.731489,18.088564],[73.731426,18.088325],[73.731699,18.088395],[73.73173,18.088006],[73.732507,18.087737],[73.732444,18.087587],[73.732066,18.087497],[73.731206,18.087587],[73.73086,18.087308],[73.730755,18.086929],[73.730891,18.08671],[73.731605,18.086331],[73.73215,18.086411],[73.732391,18.085972],[73.7315,18.085832],[73.731091,18.085603],[73.731154,18.084995],[73.731626,18.084656],[73.731835,18.084277],[73.731217,18.084197],[73.731059,18.083958],[73.73107,18.082881],[73.730923,18.082502],[73.730619,18.082831],[73.730419,18.083689],[73.730294,18.083878],[73.730084,18.083798],[73.729916,18.084377],[73.729433,18.084955],[73.729266,18.085892],[73.727619,18.087089],[73.727273,18.087228],[73.726706,18.087138],[73.726224,18.085922],[73.726276,18.085533],[73.726014,18.085812],[73.725154,18.085284],[73.725395,18.085693],[73.725091,18.086141],[73.724451,18.086052],[73.724902,18.086869],[73.724766,18.087258],[73.724084,18.087408],[73.723329,18.087198],[73.723874,18.087567],[73.724399,18.088295],[73.724493,18.088714],[73.72421,18.088983],[73.722941,18.088903],[73.7227,18.088604],[73.722217,18.088494],[73.721546,18.087906],[73.721305,18.088155],[73.721452,18.089611],[73.721976,18.091127],[73.721693,18.091535],[73.721409,18.091575],[73.72099,18.091117],[73.720938,18.090778],[73.721126,18.090379],[73.720896,18.08996],[73.721053,18.089531],[73.720864,18.088873],[73.720675,18.088654],[73.719679,18.088335],[73.719217,18.087966],[73.718966,18.088215],[73.718745,18.08979],[73.717298,18.090199],[73.71691,18.090548],[73.715851,18.090907],[73.715777,18.091127],[73.715127,18.091196],[73.714854,18.090538],[73.71498,18.090179],[73.715326,18.08986],[73.715483,18.089053],[73.716039,18.088644],[73.716501,18.088694],[73.716815,18.088016],[73.716532,18.087906],[73.716522,18.087587],[73.716763,18.087278],[73.716511,18.08653],[73.716595,18.086062],[73.716857,18.085792],[73.718064,18.085772],[73.718368,18.085593],[73.717036,18.085085],[73.716637,18.084606],[73.71669,18.084177],[73.716994,18.083818],[73.716752,18.083619],[73.716815,18.082971],[73.717109,18.082691],[73.717801,18.082432],[73.717665,18.082233],[73.717046,18.082193],[73.716669,18.081994],[73.716543,18.080857],[73.716364,18.080847],[73.716144,18.080149],[73.716071,18.079162],[73.715756,18.078793],[73.715945,18.079641],[73.715704,18.07987],[73.715483,18.081017],[73.715095,18.081096],[73.715053,18.081266],[73.715704,18.082163],[73.715704,18.082701],[73.715316,18.082791],[73.715389,18.08334],[73.7152,18.083549],[73.71477,18.083669],[73.714403,18.083539],[73.71434,18.083659],[73.714802,18.084317],[73.714718,18.084915],[73.714214,18.085294],[73.713522,18.085234],[73.7137,18.085663],[73.713543,18.086081],[73.712421,18.086111],[73.712746,18.086929],[73.712408,18.087319],[73.712075,18.087398],[73.711757,18.088005],[73.711256,18.088096],[73.71005,18.087757],[73.709631,18.087517],[73.709288,18.087046],[73.70918,18.087208],[73.709258,18.088046],[73.709945,18.088843],[73.710113,18.089551],[73.709914,18.089731],[73.709117,18.089661],[73.708404,18.089332],[73.707743,18.088335],[73.70747,18.087627],[73.707208,18.087557],[73.706138,18.088086],[73.705886,18.088076],[73.705582,18.087757],[73.705351,18.086849],[73.704858,18.086869],[73.704712,18.08674],[73.704649,18.086012],[73.704145,18.085753],[73.704019,18.085334],[73.704344,18.084686],[73.704051,18.084317],[73.704292,18.083021],[73.703044,18.083659],[73.702467,18.083439],[73.702414,18.082622],[73.702257,18.082482],[73.701261,18.08306],[73.700537,18.08312],[73.700034,18.082861],[73.70018,18.082632],[73.699677,18.082173],[73.699415,18.081306],[73.699436,18.080767],[73.700012,18.07977],[73.699761,18.07973],[73.699687,18.079531],[73.699803,18.078913],[73.699341,18.079381],[73.699111,18.079361],[73.698743,18.080329],[73.698125,18.080757],[73.697831,18.080618],[73.697569,18.080219],[73.697642,18.079571],[73.697894,18.079062],[73.697757,18.078344],[73.697369,18.079032],[73.697023,18.079282],[73.696247,18.079152],[73.696216,18.080279],[73.695817,18.080668],[73.693992,18.080538],[73.69223,18.079601],[73.691936,18.079042],[73.692429,18.078334],[73.692387,18.078195],[73.6918,18.078384],[73.691328,18.077766],[73.691189,18.078433],[73.690636,18.078643],[73.689597,18.078015],[73.6888,18.078065],[73.688433,18.077706],[73.687426,18.077896],[73.687426,18.0764],[73.68795,18.076071],[73.68686,18.07642],[73.686503,18.07627],[73.685905,18.075443],[73.68623,18.074665],[73.685737,18.074097],[73.685811,18.074874],[73.685108,18.075792],[73.684122,18.0762],[73.683262,18.074286],[73.682559,18.073837],[73.68129,18.073428],[73.68172,18.072581],[73.680773,18.073584],[73.680199,18.073668],[73.680021,18.073538],[73.680611,18.071898],[73.680409,18.071434],[73.679947,18.071298],[73.678227,18.071308],[73.677965,18.071095],[73.677756,18.071145],[73.678458,18.071484],[73.680063,18.071514],[73.680241,18.072003],[73.67999,18.072581],[73.679581,18.07297],[73.679135,18.073028],[73.679423,18.073235],[73.679685,18.073877],[73.680367,18.074196],[73.681647,18.074436],[73.681489,18.074765],[73.680839,18.074934],[73.68088,18.07521],[73.681339,18.074892],[73.681582,18.075038],[73.682255,18.074908],[73.682748,18.075423],[73.682454,18.076051],[73.682968,18.076998],[73.682832,18.077178],[73.683126,18.077487],[73.683031,18.078803],[73.683503,18.077866],[73.684688,18.077626],[73.685024,18.077905],[73.684783,18.078404],[73.685297,18.078673],[73.685632,18.079391],[73.685223,18.080319],[73.68623,18.0799],[73.687122,18.07977],[73.688129,18.080009],[73.688685,18.080418],[73.688695,18.081196],[73.688276,18.081286],[73.688087,18.082333],[73.688748,18.081674],[73.689146,18.081525],[73.689555,18.081665],[73.689744,18.082303],[73.689587,18.08307],[73.688643,18.083978],[73.689566,18.083778],[73.690531,18.08303],[73.69095,18.082951],[73.691443,18.08326],[73.691674,18.083659],[73.691789,18.084367],[73.691129,18.085065],[73.691433,18.085174],[73.691747,18.084805],[73.692744,18.084596],[73.693289,18.084696],[73.693646,18.085603],[73.694485,18.084985],[73.694831,18.084965],[73.695754,18.085314],[73.696174,18.086042],[73.696929,18.086331],[73.697044,18.08662],[73.696761,18.087059],[73.696216,18.087308],[73.69716,18.088066],[73.699121,18.087757],[73.700054,18.087777],[73.700715,18.089262],[73.700715,18.089651],[73.701491,18.08978],[73.701995,18.09008],[73.702593,18.091067],[73.703306,18.091595],[73.703233,18.092273],[73.703075,18.092512],[73.7021,18.092752],[73.701911,18.092453],[73.701408,18.092722],[73.700485,18.092363],[73.700149,18.092383],[73.69975,18.093101],[73.6991,18.09321],[73.698838,18.093071],[73.698156,18.093579],[73.697783,18.0931],[73.697504,18.092984],[73.697327,18.092961],[73.697139,18.09328],[73.696853,18.093356],[73.696216,18.0932],[73.696079,18.094008],[73.696446,18.094058],[73.696635,18.094506],[73.696541,18.094766],[73.696016,18.094776],[73.695765,18.095493],[73.695167,18.095653],[73.695051,18.095464],[73.694558,18.095683],[73.694128,18.095354],[73.693898,18.095543],[73.693667,18.095503],[73.693478,18.095065],[73.693059,18.095842],[73.692838,18.096012],[73.692497,18.095978],[73.692296,18.095741],[73.691778,18.095836],[73.691428,18.094992],[73.691181,18.095105],[73.69078,18.095819],[73.689975,18.096411],[73.689597,18.095922],[73.688762,18.095843],[73.688779,18.094776],[73.688935,18.094299],[73.688821,18.094257],[73.687967,18.095381],[73.687594,18.095553],[73.686723,18.095254],[73.686493,18.094297],[73.686304,18.094267],[73.686031,18.095055],[73.685066,18.095344],[73.68472,18.094377],[73.684814,18.093609],[73.684678,18.09348],[73.683944,18.095284],[73.68344,18.095523],[73.683797,18.096251],[73.683587,18.09669],[73.683,18.096839],[73.682517,18.09662],[73.682087,18.095743],[73.682087,18.095404],[73.68108,18.096401],[73.680713,18.096391],[73.680598,18.096171],[73.680409,18.096151],[73.680063,18.097069],[73.679843,18.096899],[73.679444,18.095872],[73.679559,18.095543],[73.679266,18.095384],[73.67913,18.094845],[73.678909,18.094855],[73.678416,18.095733],[73.678521,18.096102],[73.678228,18.09663],[73.67786,18.09672],[73.677441,18.09655],[73.677147,18.096889],[73.676277,18.096331],[73.676004,18.095533],[73.676119,18.095354],[73.676035,18.095154],[73.675385,18.094736],[73.675458,18.095952],[73.675322,18.096261],[73.674556,18.096969],[73.674588,18.097358],[73.674399,18.097517],[73.674074,18.097557],[73.67378,18.097119],[73.673119,18.097766],[73.672112,18.097248],[73.671389,18.097288],[73.670833,18.097697],[73.670592,18.097687],[73.670288,18.097049],[73.669637,18.097158],[73.669354,18.096919],[73.669343,18.096321],[73.669858,18.096131],[73.669585,18.095164],[73.669071,18.095683],[73.6682,18.095962],[73.667298,18.096002],[73.666868,18.095832],[73.666302,18.095264],[73.666186,18.094476],[73.666742,18.093141],[73.667487,18.092692],[73.668274,18.092612],[73.66842,18.092333],[73.667739,18.091954],[73.667844,18.091505],[73.667361,18.091426],[73.667036,18.091047],[73.666921,18.090658],[73.667183,18.090249],[73.666984,18.0898],[73.667634,18.089222],[73.669313,18.088767],[73.668236,18.088032],[73.66683,18.087658],[73.666134,18.086301],[73.667088,18.086012],[73.667435,18.085164],[73.668955,18.084466],[73.66926,18.084008],[73.6697,18.083699],[73.667361,18.084197],[73.66648,18.085144],[73.665809,18.085264],[73.665536,18.084955],[73.664991,18.085324],[73.664634,18.084845],[73.664875,18.084277],[73.665054,18.082951],[73.666837,18.081924],[73.665421,18.082263],[73.665295,18.080967],[73.665117,18.081116],[73.665033,18.081954],[73.664708,18.082941],[73.664194,18.083669],[73.663711,18.083798],[73.663596,18.082871],[73.663407,18.082552],[73.663061,18.08316],[73.662557,18.08331],[73.662232,18.082771],[73.662138,18.082093],[73.661792,18.082053],[73.661414,18.081465],[73.661372,18.081256],[73.661855,18.080408],[73.661571,18.080378],[73.661257,18.080588],[73.661016,18.080368],[73.660816,18.07971],[73.66089,18.079222],[73.661099,18.078962],[73.661257,18.079052],[73.661708,18.078773],[73.663617,18.078494],[73.662641,18.078145],[73.662473,18.077945],[73.662757,18.077078],[73.661781,18.077746],[73.661529,18.077696],[73.661341,18.077437],[73.660984,18.077586],[73.660701,18.076938],[73.660407,18.077178],[73.660145,18.076869],[73.660155,18.07653],[73.660648,18.075612],[73.661078,18.075403],[73.660837,18.075233],[73.660208,18.075383],[73.659652,18.075951],[73.659033,18.073977],[73.658876,18.073139],[73.658949,18.072441],[73.658068,18.07299],[73.658152,18.074515],[73.65897,18.077706],[73.658876,18.078264],[73.657837,18.078264],[73.657775,18.077557],[73.657481,18.077836],[73.65703,18.077626],[73.657261,18.078155],[73.657198,18.078364],[73.656726,18.078344],[73.656967,18.079102],[73.65682,18.079212],[73.656317,18.079132],[73.656306,18.079311],[73.656705,18.07973],[73.656589,18.07992],[73.656233,18.07998],[73.655907,18.07966],[73.656012,18.080049],[73.656474,18.080418],[73.656652,18.080777],[73.656254,18.080997],[73.65488,18.079361],[73.654502,18.079192],[73.653873,18.078434],[73.652834,18.078145],[73.652593,18.078015],[73.652467,18.077686],[73.652918,18.077307],[73.653369,18.077397],[73.653558,18.077058],[73.654145,18.076859],[73.654439,18.076121],[73.654449,18.075802],[73.654093,18.075413],[73.654177,18.075163],[73.653296,18.075602],[73.652677,18.075622],[73.653128,18.075163],[73.653086,18.074047],[73.653285,18.073777],[73.653034,18.073708],[73.653023,18.073259],[73.653285,18.072631],[73.653138,18.072402],[73.653201,18.071763],[73.65295,18.071753],[73.652782,18.072172],[73.652708,18.074775],[73.652446,18.074615],[73.652457,18.074954],[73.652205,18.075203],[73.652205,18.075483],[73.652425,18.076021],[73.652918,18.076181],[73.653558,18.076051],[73.653642,18.07621],[73.653317,18.076539],[73.65231,18.076779],[73.651859,18.077347],[73.651534,18.077247],[73.651418,18.078264],[73.651156,18.078175],[73.650632,18.078733],[73.650244,18.078633],[73.650086,18.078364],[73.649425,18.078264],[73.648943,18.077447],[73.648502,18.078115],[73.648135,18.077975],[73.647873,18.077596],[73.647915,18.077138],[73.648335,18.076619],[73.648345,18.076071],[73.647758,18.076869],[73.647496,18.076948],[73.647034,18.07632],[73.647003,18.075642],[73.64652,18.07624],[73.646038,18.07646],[73.645807,18.07632],[73.646006,18.075861],[73.646132,18.074465],[73.64567,18.074116],[73.644863,18.073877],[73.644915,18.073409],[73.644632,18.073907],[73.644422,18.073967],[73.643783,18.073917],[73.643804,18.073598],[73.643457,18.073449],[73.643289,18.073887],[73.643562,18.073987],[73.643531,18.074107],[73.642807,18.074456],[73.642576,18.074426],[73.642409,18.074137],[73.642681,18.073299],[73.642419,18.07284],[73.641255,18.072352],[73.640982,18.071813],[73.64052,18.071614],[73.63986,18.071753],[73.638517,18.071724],[73.637972,18.071075],[73.63793,18.070238],[73.636608,18.070008],[73.636587,18.070158],[73.637447,18.070198],[73.637804,18.070407],[73.637794,18.070976],[73.638328,18.072023],[73.639556,18.072242],[73.640049,18.072182],[73.642157,18.073129],[73.642199,18.073349],[73.641874,18.073678],[73.642104,18.073877],[73.641958,18.074246],[73.642115,18.074645],[73.642062,18.075034],[73.642314,18.074874],[73.642901,18.075024],[73.644464,18.074406],[73.644978,18.074475],[73.645408,18.074864],[73.645167,18.07635],[73.64545,18.077128],[73.645125,18.077417],[73.644968,18.077925],[73.64544,18.077547],[73.646226,18.077327],[73.646426,18.077307],[73.646919,18.077706],[73.646394,18.07991],[73.646782,18.079431],[73.647055,18.078623],[73.647443,18.078374],[73.648534,18.079012],[73.648492,18.079282],[73.649226,18.079152],[73.64931,18.079301],[73.648849,18.07993],[73.649237,18.080109],[73.649321,18.080697],[73.649541,18.080498],[73.649509,18.07988],[73.64974,18.079551],[73.650432,18.0797],[73.6506,18.080099],[73.650946,18.07968],[73.65146,18.079521],[73.651911,18.080338],[73.653495,18.080358],[73.653359,18.080987],[73.653894,18.080528],[73.654345,18.080488],[73.654345,18.081096],[73.654124,18.081844],[73.653904,18.081994],[73.654208,18.081994],[73.654471,18.081625],[73.655005,18.081415],[73.655257,18.081864],[73.65554,18.081994],[73.655488,18.082273],[73.656107,18.082193],[73.657093,18.082662],[73.657596,18.082043],[73.658142,18.080398],[73.65854,18.07998],[73.659065,18.080498],[73.659211,18.081116],[73.65853,18.081535],[73.658425,18.082004],[73.659232,18.081934],[73.659484,18.082253],[73.659348,18.082422],[73.659704,18.08314],[73.659369,18.084077],[73.659253,18.084077],[73.659243,18.083848],[73.659117,18.084167],[73.658267,18.084636],[73.660711,18.084785],[73.660019,18.085194],[73.659904,18.086131],[73.660554,18.085663],[73.66112,18.085952],[73.661519,18.086949],[73.662096,18.087836],[73.662159,18.088086],[73.661813,18.088415],[73.662264,18.088494],[73.662683,18.088863],[73.663092,18.089751],[73.662799,18.09012],[73.663008,18.090578],[73.662725,18.091047],[73.662903,18.091206],[73.662872,18.091515],[73.662368,18.09342],[73.661844,18.094187],[73.661603,18.094108],[73.66111,18.09317],[73.661141,18.092971],[73.660701,18.092652],[73.660176,18.091416],[73.659893,18.092373],[73.659578,18.092622],[73.65897,18.091705],[73.658614,18.092682],[73.658886,18.093659],[73.658708,18.093759],[73.657712,18.093061],[73.657344,18.092303],[73.657334,18.093499],[73.657638,18.094098],[73.657324,18.094437],[73.656652,18.092871],[73.655939,18.091894],[73.655058,18.091685],[73.654922,18.091455],[73.654303,18.091775],[73.654114,18.091645],[73.653978,18.091077],[73.653778,18.091176],[73.653663,18.091715],[73.653296,18.092163],[73.652824,18.091555],[73.652488,18.091416],[73.652761,18.092881],[73.652509,18.093051],[73.652037,18.092901],[73.651995,18.093051],[73.652499,18.093719],[73.652215,18.094287],[73.652362,18.094776],[73.652079,18.095164],[73.651817,18.095065],[73.651471,18.095424],[73.649877,18.094407],[73.649688,18.094068],[73.649625,18.09326],[73.648807,18.09336],[73.648523,18.092742],[73.648324,18.093091],[73.647967,18.092941],[73.647674,18.09334],[73.647506,18.09332],[73.647569,18.092871],[73.647244,18.092532],[73.647286,18.092044],[73.647055,18.09318],[73.646489,18.094157],[73.646237,18.094098],[73.646069,18.093848],[73.646059,18.092732],[73.645733,18.09342],[73.64523,18.09335],[73.644475,18.092871],[73.644485,18.092582],[73.644276,18.092652],[73.644139,18.092522],[73.644013,18.092074],[73.64372,18.091824],[73.642702,18.091625],[73.642576,18.091107],[73.641853,18.092263],[73.641443,18.092363],[73.64093,18.092821],[73.640279,18.092762],[73.639618,18.091765],[73.639472,18.091994],[73.639189,18.091984],[73.638402,18.091426],[73.638066,18.091396],[73.637835,18.090997],[73.637542,18.091027],[73.637342,18.090648],[73.637405,18.091455],[73.636839,18.091864],[73.636367,18.091954],[73.635863,18.091296],[73.635916,18.092393],[73.635329,18.093101],[73.635077,18.09318],[73.634972,18.092931],[73.634794,18.093151],[73.633923,18.092971],[73.633116,18.093031]]]]}},{"type":"Feature","properties":{"id":"wb_ghod","name":"Ghod (Chinchani) Reservoir","district":"Pune","kind":"reservoir","tier":1,"drinking_water":false,"urban":false,"source":"osm","osm_id":"relation/8251578","osm_name":"Ghod Reservoir"},"geometry":{"type":"MultiPolygon","coordinates":[[[[74.489409,18.667638],[74.487469,18.669138],[74.486703,18.669296],[74.485074,18.669135],[74.484989,18.669989],[74.48422,18.670193],[74.483658,18.669461],[74.482032,18.668648],[74.481212,18.669339],[74.481169,18.670274],[74.480615,18.670803],[74.479066,18.670721],[74.478852,18.671453],[74.481173,18.673242],[74.480826,18.674218],[74.47941,18.675031],[74.478809,18.673892],[74.478169,18.673933],[74.477092,18.674502],[74.476367,18.673608],[74.475895,18.674136],[74.475251,18.673323],[74.474989,18.673974],[74.473959,18.672917],[74.473959,18.673974],[74.473573,18.675031],[74.474131,18.675031],[74.475118,18.675356],[74.476921,18.677958],[74.476109,18.678446],[74.474393,18.678649],[74.474775,18.679625],[74.473788,18.679869],[74.474221,18.68182],[74.473959,18.68243],[74.473062,18.682959],[74.472157,18.68308],[74.471384,18.682877],[74.47117,18.681983],[74.470569,18.681942],[74.46993,18.682471],[74.469754,18.680275],[74.470054,18.679422],[74.469286,18.6793],[74.469324,18.677755],[74.468595,18.676291],[74.468037,18.678487],[74.468213,18.681048],[74.46778,18.681414],[74.466625,18.681536],[74.464136,18.681251],[74.46323,18.680478],[74.461819,18.678771],[74.461261,18.677551],[74.461604,18.676616],[74.460913,18.675071],[74.460699,18.675681],[74.460098,18.676413],[74.460231,18.677673],[74.45984,18.678039],[74.45851,18.67808],[74.458299,18.677186],[74.457827,18.676454],[74.456579,18.676372],[74.457308,18.677795],[74.458042,18.67869],[74.459411,18.679462],[74.460527,18.679706],[74.460917,18.680397],[74.460699,18.680885],[74.462029,18.681536],[74.462758,18.68243],[74.462505,18.683162],[74.461089,18.684219],[74.452549,18.68743],[74.452158,18.688569],[74.452931,18.688813],[74.45366,18.688284],[74.456235,18.68739],[74.457651,18.687512],[74.458643,18.689219],[74.458643,18.687186],[74.459372,18.686699],[74.460274,18.686495],[74.462458,18.685438],[74.463879,18.686373],[74.463316,18.684828],[74.464303,18.684056],[74.465677,18.683812],[74.46778,18.685113],[74.467737,18.686495],[74.46808,18.687227],[74.46911,18.686373],[74.470054,18.687512],[74.470784,18.68926],[74.469329,18.689544],[74.46881,18.690479],[74.467865,18.690804],[74.467436,18.692715],[74.468552,18.692796],[74.469711,18.692512],[74.470483,18.692756],[74.47044,18.693691],[74.469968,18.695235],[74.4692,18.696496],[74.467955,18.69678],[74.467007,18.69678],[74.464093,18.697593],[74.464346,18.698772],[74.465805,18.698366],[74.468552,18.698569],[74.468724,18.699341],[74.469925,18.699341],[74.471041,18.700398],[74.47147,18.701577],[74.471389,18.701983],[74.470273,18.70239],[74.470101,18.703366],[74.469586,18.703569],[74.469067,18.703406],[74.468599,18.703487],[74.467994,18.703894],[74.466539,18.704016],[74.465848,18.704544],[74.466535,18.705073],[74.46787,18.705195],[74.469887,18.706211],[74.470526,18.707999],[74.471303,18.709178],[74.470101,18.711048],[74.472243,18.71178],[74.472715,18.712674],[74.472805,18.713162],[74.471813,18.713893],[74.471728,18.714584],[74.470955,18.714666],[74.470831,18.715682],[74.470101,18.716698],[74.469196,18.716495],[74.468767,18.716942],[74.4692,18.718811],[74.468342,18.719421],[74.465598,18.720252],[74.465548,18.72121],[74.464737,18.72125],[74.464392,18.720127],[74.462801,18.719828],[74.462158,18.71873],[74.46293,18.71747],[74.462372,18.717145],[74.461557,18.717714],[74.460831,18.717308],[74.460183,18.716047],[74.459626,18.716617],[74.459458,18.717186],[74.458467,18.718689],[74.457737,18.719015],[74.457398,18.718121],[74.456883,18.717877],[74.45654,18.71743],[74.456154,18.716332],[74.455205,18.715885],[74.455634,18.716739],[74.455849,18.717877],[74.455377,18.720437],[74.453536,18.720803],[74.452978,18.720559],[74.452248,18.7206],[74.450313,18.720275],[74.449841,18.719462],[74.44903,18.719624],[74.448639,18.718974],[74.448729,18.718161],[74.449412,18.717308],[74.448601,18.71743],[74.44748,18.716291],[74.447566,18.714991],[74.448558,18.71369],[74.447442,18.714259],[74.446021,18.711861],[74.445678,18.713162],[74.446279,18.714869],[74.446622,18.716413],[74.445506,18.717714],[74.446451,18.718527],[74.446412,18.719543],[74.445936,18.720559],[74.444695,18.720356],[74.442932,18.720315],[74.441472,18.721291],[74.440099,18.721535],[74.439842,18.720153],[74.437696,18.717958],[74.437142,18.71434],[74.43658,18.714787],[74.436237,18.716007],[74.436151,18.717958],[74.435464,18.718852],[74.434091,18.717389],[74.432804,18.717064],[74.432975,18.718446],[74.435035,18.72064],[74.436065,18.721291],[74.43658,18.722348],[74.436323,18.724136],[74.437267,18.724136],[74.437953,18.724461],[74.438726,18.727875],[74.43843,18.729216],[74.436666,18.730557],[74.433318,18.732183],[74.430744,18.730395],[74.428598,18.729501],[74.429456,18.729907],[74.430229,18.731045],[74.431344,18.733809],[74.431859,18.734622],[74.433662,18.734866],[74.436065,18.734703],[74.43761,18.735109],[74.437867,18.736491],[74.437657,18.737263],[74.43658,18.737792],[74.435207,18.738117],[74.434653,18.738645],[74.432936,18.741328],[74.428387,18.742872],[74.426624,18.743888],[74.426499,18.745148],[74.425641,18.745879],[74.424821,18.74592],[74.422465,18.746611],[74.420959,18.74657],[74.418813,18.74592],[74.415037,18.744053],[74.413835,18.743237],[74.411603,18.742262],[74.411109,18.742202],[74.410873,18.742426],[74.412224,18.743015],[74.414778,18.745352],[74.415786,18.74649],[74.415915,18.74714],[74.416173,18.747526],[74.417074,18.747871],[74.41871,18.749008],[74.419413,18.749172],[74.419418,18.749598],[74.420421,18.749477],[74.420958,18.74972],[74.421237,18.750005],[74.421451,18.750777],[74.421451,18.751386],[74.42055,18.751326],[74.42025,18.751651],[74.420185,18.752768],[74.419606,18.753032],[74.418597,18.75289],[74.417804,18.753378],[74.417331,18.753215],[74.417401,18.753438],[74.417181,18.754089],[74.416795,18.75419],[74.41665,18.754515],[74.416779,18.754921],[74.41768,18.754515],[74.418383,18.754536],[74.418968,18.754758],[74.419606,18.755328],[74.419563,18.755633],[74.418984,18.756933],[74.416108,18.761038],[74.4154,18.762683],[74.413989,18.762337],[74.413147,18.763313],[74.411779,18.763068],[74.413297,18.764268],[74.413405,18.764532],[74.413405,18.764918],[74.412868,18.766198],[74.412375,18.766848],[74.413196,18.766604],[74.41392,18.767072],[74.414478,18.766909],[74.414756,18.766625],[74.415014,18.766991],[74.414971,18.767214],[74.414735,18.767539],[74.41392,18.768047],[74.412997,18.767945],[74.412697,18.768108],[74.412267,18.767803],[74.411989,18.767945],[74.411946,18.768169],[74.41165,18.768127],[74.411473,18.767885],[74.411109,18.768636],[74.410771,18.768615],[74.410529,18.768982],[74.410127,18.769001],[74.409757,18.769286],[74.408941,18.76888],[74.408427,18.768128],[74.408534,18.769266],[74.408427,18.76949],[74.407144,18.769651],[74.407289,18.77014],[74.406731,18.770262],[74.405916,18.769794],[74.404655,18.769753],[74.404784,18.768534],[74.403641,18.769977],[74.402939,18.770322],[74.403491,18.770729],[74.404097,18.771581],[74.404527,18.771744],[74.404671,18.77207],[74.404178,18.772537],[74.40244,18.7727],[74.402102,18.773186],[74.40126,18.773675],[74.399999,18.775116],[74.399479,18.77463],[74.39862,18.774203],[74.398191,18.775198],[74.39751,18.77538],[74.397703,18.776132],[74.397204,18.776377],[74.39626,18.776702],[74.395466,18.776519],[74.394699,18.77666],[74.394179,18.776174],[74.393771,18.776336],[74.393428,18.776722],[74.393197,18.777595],[74.392381,18.778671],[74.39199,18.779688],[74.389013,18.782572],[74.388449,18.783609],[74.387956,18.785072],[74.388407,18.788281],[74.388127,18.789663],[74.387398,18.792385],[74.385424,18.796285],[74.384437,18.800144],[74.383428,18.80502],[74.383536,18.80567],[74.384394,18.807152],[74.384029,18.807701],[74.384759,18.808229],[74.386116,18.809711],[74.386861,18.809894],[74.388492,18.809671],[74.388986,18.810158],[74.390273,18.811783],[74.392548,18.817938],[74.39317,18.818973],[74.394586,18.82005],[74.396947,18.821187],[74.397698,18.821898],[74.39802,18.822447],[74.398127,18.82334],[74.397848,18.825473],[74.396861,18.827463],[74.396067,18.828418],[74.392762,18.830225],[74.390847,18.831016],[74.391544,18.832669],[74.392768,18.831829],[74.39538,18.830733],[74.397531,18.828945],[74.397977,18.828235],[74.398921,18.825879],[74.399398,18.822892],[74.399248,18.82143],[74.398556,18.82068],[74.396079,18.81948],[74.393175,18.816373],[74.392746,18.815642],[74.392489,18.814017],[74.392441,18.812291],[74.391389,18.810707],[74.391003,18.809549],[74.389871,18.807801],[74.388278,18.806543],[74.387527,18.806177],[74.387012,18.805527],[74.386518,18.802968],[74.386583,18.801851],[74.386926,18.801221],[74.38772,18.800977],[74.388176,18.800489],[74.388069,18.799026],[74.387575,18.798133],[74.38905,18.796976],[74.390123,18.795858],[74.390729,18.79409],[74.390552,18.792182],[74.391175,18.790739],[74.391094,18.789865],[74.390386,18.788768],[74.390043,18.788585],[74.389871,18.787854],[74.389994,18.786555],[74.3903,18.785741],[74.391153,18.784442],[74.392011,18.783772],[74.39184,18.783345],[74.392054,18.782756],[74.392569,18.782085],[74.393884,18.781516],[74.39493,18.781354],[74.395643,18.781516],[74.397081,18.781028],[74.400316,18.780684],[74.400514,18.781394],[74.401989,18.781963],[74.402268,18.781537],[74.402402,18.780825],[74.402874,18.780581],[74.402853,18.779972],[74.40332,18.779688],[74.403282,18.780093],[74.403668,18.780337],[74.4045,18.780054],[74.404886,18.779444],[74.406415,18.779057],[74.407531,18.779179],[74.407847,18.779668],[74.407911,18.779282],[74.408282,18.779057],[74.409011,18.779301],[74.4101,18.779221],[74.410293,18.779363],[74.41025,18.779993],[74.410465,18.780379],[74.410873,18.780318],[74.411323,18.779973],[74.411436,18.779504],[74.411157,18.778306],[74.410814,18.777818],[74.410792,18.777209],[74.411173,18.776458],[74.41253,18.775746],[74.412697,18.775036],[74.413882,18.773897],[74.416859,18.772192],[74.417288,18.771074],[74.418281,18.7702],[74.419305,18.769713],[74.419869,18.769732],[74.422438,18.771217],[74.423323,18.771256],[74.423769,18.771785],[74.424734,18.771907],[74.425147,18.772374],[74.425662,18.772556],[74.426429,18.772314],[74.427014,18.77148],[74.428275,18.772375],[74.429047,18.77335],[74.429026,18.773675],[74.428554,18.774589],[74.428725,18.774772],[74.429584,18.773634],[74.430571,18.773776],[74.429117,18.772577],[74.428811,18.772151],[74.42901,18.771723],[74.428339,18.770932],[74.427009,18.770404],[74.427223,18.770119],[74.427095,18.769855],[74.426945,18.770058],[74.426644,18.769693],[74.426601,18.769916],[74.425271,18.769876],[74.424606,18.769388],[74.423082,18.76888],[74.422782,18.768514],[74.422315,18.767294],[74.422809,18.766278],[74.423645,18.765445],[74.423774,18.764958],[74.424847,18.764958],[74.42474,18.764694],[74.423774,18.764105],[74.42416,18.763922],[74.424327,18.763496],[74.424241,18.763191],[74.423425,18.763212],[74.423409,18.762479],[74.425448,18.761971],[74.425764,18.760773],[74.426086,18.761078],[74.426478,18.760915],[74.42725,18.761077],[74.426665,18.760692],[74.426884,18.760306],[74.427588,18.760103],[74.427846,18.759839],[74.427159,18.759148],[74.427073,18.758681],[74.428211,18.757116],[74.429004,18.756994],[74.429798,18.756568],[74.429863,18.755572],[74.429112,18.754434],[74.428468,18.752971],[74.42864,18.75222],[74.429133,18.751854],[74.429369,18.751305],[74.429412,18.750635],[74.429712,18.750127],[74.429991,18.749822],[74.430791,18.749923],[74.431944,18.749639],[74.432996,18.749172],[74.433296,18.749456],[74.433382,18.749802],[74.43306,18.750452],[74.433189,18.751366],[74.433811,18.751752],[74.434396,18.752381],[74.435034,18.753703],[74.435034,18.754922],[74.435506,18.754841],[74.435941,18.753885],[74.435957,18.752951],[74.436493,18.752443],[74.436493,18.75033],[74.436879,18.74968],[74.437888,18.749375],[74.439369,18.750086],[74.439562,18.749802],[74.438811,18.749131],[74.441021,18.747099],[74.441621,18.746774],[74.444583,18.746693],[74.445269,18.74649],[74.446149,18.745758],[74.445913,18.745372],[74.44454,18.744356],[74.44366,18.743076],[74.44366,18.742507],[74.444132,18.740983],[74.445312,18.739439],[74.445806,18.739134],[74.446149,18.739337],[74.446664,18.739256],[74.4472,18.739418],[74.448059,18.740597],[74.448214,18.74151],[74.449496,18.741979],[74.449604,18.74145],[74.44999,18.741125],[74.450655,18.741227],[74.450891,18.740881],[74.450682,18.740779],[74.450333,18.739947],[74.449861,18.739622],[74.449094,18.739966],[74.447909,18.738016],[74.447415,18.737772],[74.447436,18.737366],[74.44778,18.737325],[74.448209,18.736858],[74.449496,18.736452],[74.449604,18.736065],[74.448831,18.735781],[74.447737,18.735903],[74.447436,18.735537],[74.447308,18.734521],[74.448188,18.733993],[74.448724,18.733891],[74.449325,18.734074],[74.449711,18.733851],[74.449563,18.73272],[74.44918,18.732041],[74.447308,18.731026],[74.447093,18.730376],[74.4472,18.729766],[74.446986,18.729339],[74.446299,18.728973],[74.445462,18.728953],[74.445076,18.728364],[74.444776,18.727368],[74.444567,18.727875],[74.444282,18.726982],[74.44469,18.726474],[74.44491,18.725355],[74.445505,18.725011],[74.446728,18.724808],[74.447914,18.725172],[74.449732,18.725275],[74.451256,18.725173],[74.451583,18.725396],[74.451771,18.725783],[74.451556,18.727002],[74.451707,18.727734],[74.452126,18.727929],[74.452326,18.727556],[74.453788,18.727551],[74.453681,18.727876],[74.455161,18.727998],[74.455397,18.727571],[74.45632,18.727551],[74.456706,18.727896],[74.456813,18.730315],[74.457908,18.730477],[74.458165,18.729807],[74.458595,18.729217],[74.459131,18.729034],[74.459946,18.727653],[74.460896,18.727448],[74.461212,18.727632],[74.461577,18.728242],[74.462779,18.728364],[74.463723,18.72747],[74.464501,18.727469],[74.46471,18.727612],[74.464994,18.727977],[74.465139,18.729034],[74.464495,18.729238],[74.464431,18.729929],[74.464731,18.730843],[74.464651,18.73133],[74.464277,18.731685],[74.464174,18.732164],[74.465633,18.732387],[74.465482,18.733241],[74.465611,18.733769],[74.464796,18.733505],[74.464517,18.733566],[74.464415,18.733829],[74.464882,18.734196],[74.465166,18.735008],[74.464522,18.735191],[74.464131,18.734948],[74.463809,18.735029],[74.463701,18.735314],[74.464329,18.7358],[74.463943,18.736247],[74.463036,18.736533],[74.461684,18.736533],[74.461534,18.736899],[74.461749,18.737915],[74.46162,18.738484],[74.461754,18.738747],[74.463744,18.73954],[74.464093,18.739763],[74.464174,18.740191],[74.463809,18.742426],[74.462076,18.743034],[74.462827,18.743522],[74.463449,18.743583],[74.463616,18.74334],[74.464002,18.743198],[74.464882,18.74395],[74.465676,18.743604],[74.46714,18.744152],[74.468036,18.744803],[74.468186,18.746104],[74.468492,18.746651],[74.469302,18.745616],[74.469838,18.746612],[74.469688,18.746977],[74.469951,18.747484],[74.470546,18.747993],[74.472435,18.747688],[74.472719,18.748094],[74.472912,18.750045],[74.473293,18.750289],[74.473427,18.749923],[74.473062,18.749293],[74.473105,18.749049],[74.473599,18.748825],[74.473593,18.748461],[74.472934,18.747505],[74.472225,18.745635],[74.471453,18.744477],[74.471018,18.743929],[74.468857,18.742465],[74.468379,18.741369],[74.468057,18.741633],[74.467113,18.741755],[74.466668,18.741551],[74.46647,18.741267],[74.466711,18.740169],[74.467226,18.739844],[74.467226,18.739397],[74.467585,18.738606],[74.468835,18.737548],[74.469286,18.737568],[74.469516,18.737],[74.468959,18.737081],[74.469865,18.735821],[74.470589,18.735598],[74.470632,18.735192],[74.471024,18.734764],[74.471539,18.733748],[74.47214,18.733768],[74.472741,18.734114],[74.473529,18.735415],[74.473701,18.736106],[74.473599,18.73643],[74.476619,18.738199],[74.478314,18.737671],[74.479886,18.738279],[74.481189,18.737955],[74.481517,18.73769],[74.482155,18.737955],[74.482112,18.737671],[74.481769,18.737427],[74.4798,18.736349],[74.479543,18.736105],[74.479559,18.735761],[74.478507,18.735944],[74.477204,18.735678],[74.476238,18.734215],[74.475804,18.733912],[74.475809,18.733098],[74.47686,18.732651],[74.476989,18.732305],[74.476447,18.732144],[74.476174,18.731736],[74.475267,18.732062],[74.475482,18.732428],[74.474151,18.732509],[74.474092,18.732224],[74.473706,18.731838],[74.473856,18.730964],[74.473272,18.730315],[74.473808,18.729543],[74.4734,18.728953],[74.47332,18.728485],[74.474301,18.727815],[74.474108,18.727653],[74.474715,18.726798],[74.474586,18.726473],[74.474757,18.725741],[74.474473,18.725214],[74.474645,18.724828],[74.475374,18.724726],[74.475294,18.725274],[74.476083,18.725824],[74.476597,18.726433],[74.476775,18.726188],[74.476726,18.725539],[74.477263,18.725112],[74.478958,18.725722],[74.478228,18.724096],[74.47825,18.723385],[74.478851,18.722857],[74.479323,18.722674],[74.479623,18.722857],[74.47943,18.723304],[74.47958,18.72369],[74.480224,18.723771],[74.480331,18.724462],[74.480744,18.724827],[74.481088,18.724644],[74.48098,18.724319],[74.481168,18.723263],[74.481924,18.722307],[74.482268,18.722226],[74.482504,18.722368],[74.483013,18.723121],[74.483464,18.722552],[74.483705,18.72251],[74.483958,18.722653],[74.483657,18.723954],[74.484515,18.723791],[74.484623,18.723954],[74.484515,18.72432],[74.484843,18.724746],[74.483941,18.725254],[74.485336,18.725701],[74.48546,18.726027],[74.484778,18.727042],[74.483893,18.727571],[74.484199,18.728099],[74.483915,18.728628],[74.484564,18.728546],[74.484859,18.728323],[74.485508,18.727326],[74.485894,18.727123],[74.486897,18.727043],[74.487498,18.727348],[74.487477,18.727592],[74.487675,18.727712],[74.488013,18.727592],[74.489236,18.728242],[74.489708,18.72875],[74.489923,18.729258],[74.48988,18.730457],[74.490373,18.730111],[74.490781,18.730051],[74.491768,18.730741],[74.492004,18.730274],[74.493828,18.730416],[74.493656,18.729583],[74.492133,18.729441],[74.491017,18.728811],[74.490786,18.728383],[74.490609,18.727226],[74.489257,18.726007],[74.488914,18.724909],[74.490996,18.723934],[74.491596,18.724584],[74.49312,18.724625],[74.494515,18.725376],[74.494665,18.726169],[74.49548,18.725234],[74.496403,18.725051],[74.497411,18.724604],[74.498163,18.725011],[74.499085,18.725255],[74.499407,18.724767],[74.499343,18.724482],[74.498763,18.72432],[74.498613,18.724035],[74.498763,18.723669],[74.499192,18.723304],[74.499214,18.722714],[74.49975,18.722877],[74.500571,18.722632],[74.500416,18.722247],[74.500458,18.72182],[74.501317,18.720845],[74.501596,18.719503],[74.501016,18.719503],[74.500544,18.719707],[74.500501,18.720235],[74.500308,18.72054],[74.499321,18.72052],[74.498828,18.720804],[74.497696,18.720986],[74.497546,18.721575],[74.496832,18.721942],[74.497004,18.722308],[74.496768,18.722349],[74.496768,18.722633],[74.495051,18.723101],[74.494692,18.722917],[74.494085,18.721881],[74.493506,18.721759],[74.493292,18.721414],[74.492761,18.721189],[74.492841,18.720865],[74.493249,18.720418],[74.493313,18.719707],[74.492691,18.719646],[74.492626,18.719361],[74.493849,18.71867],[74.493549,18.717918],[74.493571,18.71737],[74.49239,18.717146],[74.491575,18.716496],[74.490931,18.716333],[74.489515,18.716374],[74.488276,18.715946],[74.487932,18.716129],[74.487605,18.717166],[74.487246,18.717145],[74.486747,18.716272],[74.486811,18.715723],[74.487069,18.71552],[74.48804,18.715539],[74.487949,18.715276],[74.488356,18.714158],[74.487434,18.713732],[74.487203,18.713345],[74.487439,18.712958],[74.487884,18.712899],[74.488383,18.713263],[74.488619,18.712877],[74.48907,18.712572],[74.48952,18.712491],[74.490137,18.712512],[74.490336,18.712877],[74.490588,18.712309],[74.491446,18.711435],[74.491988,18.711719],[74.493034,18.711577],[74.493383,18.711333],[74.492846,18.710824],[74.491682,18.7105],[74.491725,18.710094],[74.490953,18.709951],[74.490052,18.710236],[74.488786,18.70983],[74.488356,18.709464],[74.487911,18.708975],[74.488013,18.708549],[74.488319,18.708142],[74.489671,18.707715],[74.489713,18.70739],[74.4887,18.706923],[74.488378,18.706964],[74.488142,18.707289],[74.487713,18.707228],[74.48694,18.706517],[74.487026,18.706212],[74.487525,18.705683],[74.487375,18.705418],[74.486125,18.70483],[74.485717,18.704159],[74.484816,18.704484],[74.484751,18.705236],[74.484601,18.705399],[74.484022,18.705175],[74.483722,18.70544],[74.483507,18.705358],[74.484086,18.704566],[74.484043,18.704261],[74.48289,18.703914],[74.483099,18.70298],[74.483984,18.703813],[74.484328,18.703894],[74.484151,18.703326],[74.484306,18.703142],[74.484628,18.703284],[74.484751,18.703712],[74.485138,18.70361],[74.485717,18.703732],[74.485937,18.703528],[74.485996,18.703041],[74.486254,18.702818],[74.486752,18.703081],[74.487198,18.702696],[74.488207,18.702756],[74.488636,18.703122],[74.489108,18.702675],[74.489795,18.702675],[74.490186,18.703],[74.490396,18.703528],[74.490782,18.703244],[74.491512,18.703284],[74.492155,18.703366],[74.493057,18.703731],[74.494087,18.70491],[74.494172,18.703894],[74.493619,18.702349],[74.492803,18.702796],[74.492284,18.702593],[74.491688,18.702024],[74.490997,18.70178],[74.490095,18.70178],[74.490786,18.70052],[74.489538,18.700683],[74.489237,18.701414],[74.488297,18.701252],[74.488383,18.700601],[74.487392,18.700236],[74.486877,18.701211],[74.485933,18.700845],[74.485293,18.6993],[74.484521,18.699219],[74.483572,18.699748],[74.483401,18.698528],[74.482289,18.698894],[74.481602,18.697065],[74.481731,18.696577],[74.482414,18.695601],[74.483233,18.694829],[74.485632,18.693609],[74.485765,18.69304],[74.484564,18.691658],[74.484331,18.690361],[74.48383,18.690195],[74.482972,18.689463],[74.483057,18.688325],[74.484002,18.68739],[74.483791,18.68552],[74.48495,18.685072],[74.485122,18.684219],[74.486104,18.682999],[74.48692,18.682999],[74.487435,18.683731],[74.48795,18.683853],[74.488293,18.684625],[74.488379,18.685601],[74.487997,18.685845],[74.487654,18.686455],[74.487868,18.686983],[74.489495,18.68739],[74.490653,18.688325],[74.491941,18.687918],[74.492284,18.687349],[74.492331,18.686577],[74.492585,18.685886],[74.494258,18.68495],[74.495121,18.684219],[74.49688,18.680438],[74.495164,18.672185],[74.492718,18.67125],[74.490357,18.669014],[74.490121,18.668304],[74.489409,18.667638]]]]}},{"type":"Feature","properties":{"id":"wb_pimpalgaon_joge","name":"Pimpalgaon Joge Reservoir","district":"Pune","kind":"reservoir","tier":1,"drinking_water":false,"urban":false,"source":"osm","osm_id":"relation/278303","osm_name":"Pimpalgaon Joga Reservoir"},"geometry":{"type":"MultiPolygon","coordinates":[[[[73.878215,19.306051],[73.877531,19.305868],[73.877365,19.305539],[73.876973,19.305498],[73.87678,19.305119],[73.876298,19.305357],[73.876013,19.305316],[73.875718,19.304192],[73.875326,19.304248],[73.87457,19.305033],[73.8742,19.304278],[73.873755,19.304572],[73.872977,19.30399],[73.87206,19.304304],[73.871958,19.304101],[73.87214,19.30362],[73.871764,19.303737],[73.871561,19.303529],[73.870799,19.303721],[73.87052,19.30397],[73.86993,19.303585],[73.869839,19.30398],[73.869533,19.303813],[73.869608,19.304157],[73.869238,19.304937],[73.86927,19.305331],[73.868803,19.305453],[73.868648,19.305934],[73.868133,19.305463],[73.867913,19.304602],[73.867081,19.30399],[73.867135,19.303782],[73.865982,19.304061],[73.865268,19.30402],[73.864919,19.303818],[73.864785,19.303428],[73.864394,19.303605],[73.864576,19.303853],[73.86456,19.3044],[73.864319,19.304815],[73.865182,19.306096],[73.864367,19.306577],[73.863042,19.306329],[73.862972,19.306045],[73.863273,19.30603],[73.863294,19.305681],[73.862881,19.30566],[73.862731,19.305493],[73.861894,19.305676],[73.861181,19.306516],[73.860859,19.306136],[73.860987,19.305903],[73.860762,19.305914],[73.860676,19.305498],[73.860177,19.305757],[73.86,19.30525],[73.859619,19.305185],[73.859147,19.305524],[73.858927,19.306101],[73.858654,19.306192],[73.858707,19.306435],[73.858536,19.30645],[73.858316,19.306916],[73.857731,19.306329],[73.857259,19.305453],[73.85676,19.30523],[73.855762,19.305109],[73.855312,19.305286],[73.85529,19.305524],[73.853955,19.30687],[73.853917,19.306141],[73.853563,19.305519],[73.853273,19.304344],[73.852952,19.303909],[73.852571,19.304202],[73.852024,19.304329],[73.851128,19.3056],[73.850977,19.305747],[73.850795,19.30566],[73.850693,19.304997],[73.850806,19.304451],[73.850602,19.304288],[73.850607,19.303944],[73.851052,19.30282],[73.851535,19.302157],[73.851165,19.301853],[73.851031,19.301058],[73.850108,19.300912],[73.8495,19.29925],[73.8485,19.29925],[73.84725,19.301],[73.84625,19.3],[73.8455,19.30025],[73.8455,19.30075],[73.84525,19.30125],[73.8425,19.30025],[73.84175,19.30125],[73.8405,19.299],[73.84,19.2995],[73.8375,19.29875],[73.837,19.299],[73.83575,19.299],[73.83375,19.2965],[73.83225,19.29625],[73.83125,19.2945],[73.83,19.2935],[73.82925,19.29375],[73.829,19.295],[73.8265,19.295],[73.82575,19.2955],[73.82525,19.295],[73.824,19.2965],[73.823,19.29625],[73.82175,19.2975],[73.8205,19.29825],[73.820143,19.298248],[73.819628,19.297484],[73.819705,19.296679],[73.82006,19.296003],[73.819966,19.295747],[73.819574,19.29577],[73.819,19.2965],[73.817,19.296],[73.814,19.29575],[73.814,19.29625],[73.81525,19.29675],[73.8155,19.2965],[73.816,19.2965],[73.81775,19.2975],[73.8185,19.297],[73.81975,19.30025],[73.819963,19.299613],[73.820215,19.299499],[73.820416,19.299134],[73.821637,19.298897],[73.82176,19.298696],[73.822511,19.298383],[73.82425,19.29825],[73.82625,19.2965],[73.8275,19.29675],[73.82725,19.29725],[73.8275,19.2975],[73.83,19.2965],[73.8315,19.29825],[73.8325,19.29825],[73.8335,19.29975],[73.8335,19.30025],[73.83325,19.30075],[73.83425,19.30175],[73.83525,19.30125],[73.83675,19.3025],[73.8365,19.30325],[73.83675,19.30375],[73.8375,19.303],[73.838,19.304],[73.839,19.3035],[73.84025,19.304],[73.84,19.30525],[73.84025,19.30575],[73.8425,19.30425],[73.84325,19.304],[73.84425,19.30425],[73.84425,19.30575],[73.8425,19.3075],[73.842,19.30775],[73.84225,19.30825],[73.8435,19.3085],[73.844,19.30875],[73.84375,19.31],[73.844,19.31025],[73.84475,19.31],[73.84675,19.31175],[73.84525,19.314],[73.84225,19.31425],[73.84175,19.3135],[73.84075,19.31475],[73.83925,19.3155],[73.838,19.31525],[73.837,19.31725],[73.838,19.31875],[73.8385,19.319],[73.838,19.3195],[73.8365,19.3195],[73.836,19.31975],[73.835,19.321],[73.83425,19.32075],[73.833,19.32075],[73.833,19.32225],[73.83475,19.32375],[73.83225,19.3235],[73.83175,19.32375],[73.8315,19.3245],[73.83275,19.326],[73.83375,19.32775],[73.83325,19.32875],[73.831887,19.328286],[73.831,19.32675],[73.83025,19.32675],[73.8295,19.3265],[73.829419,19.325369],[73.830724,19.323672],[73.830254,19.322758],[73.826,19.3225],[73.825189,19.321909],[73.824653,19.322637],[73.82472,19.323227],[73.823667,19.325307],[73.823,19.32575],[73.821,19.3255],[73.820602,19.324651],[73.821189,19.323026],[73.819241,19.323106],[73.818265,19.323693],[73.816876,19.326098],[73.817307,19.328618],[73.81625,19.32975],[73.8165,19.3315],[73.81675,19.33175],[73.81625,19.33225],[73.816,19.3315],[73.8155,19.33175],[73.81475,19.3315],[73.814113,19.331689],[73.813873,19.33329],[73.814016,19.333856],[73.813184,19.334488],[73.8125,19.3335],[73.812695,19.331911],[73.813341,19.329949],[73.813084,19.329765],[73.812696,19.330638],[73.812056,19.331083],[73.811363,19.331123],[73.811022,19.331967],[73.810366,19.332741],[73.809817,19.333087],[73.809075,19.333876],[73.808492,19.334159],[73.808622,19.33515],[73.808965,19.336092],[73.808339,19.345869],[73.810365,19.347265],[73.81118,19.34932],[73.811623,19.349839],[73.812,19.3495],[73.8125,19.34975],[73.812052,19.352856],[73.81127,19.353382],[73.81025,19.35775],[73.81025,19.35825],[73.80875,19.363],[73.808386,19.364813],[73.809198,19.364944],[73.809466,19.366419],[73.810408,19.366406],[73.810401,19.365769],[73.811667,19.365772],[73.811993,19.364438],[73.812456,19.364128],[73.813061,19.364263],[73.813,19.363],[73.813281,19.362084],[73.814013,19.36098],[73.814375,19.359581],[73.813549,19.360113],[73.813235,19.359925],[73.8145,19.35575],[73.8145,19.3545],[73.81525,19.3535],[73.81625,19.35325],[73.8165,19.353],[73.81625,19.35125],[73.81675,19.3495],[73.81825,19.34825],[73.81975,19.34975],[73.82,19.351],[73.82025,19.35125],[73.81975,19.35225],[73.82025,19.353],[73.82025,19.356],[73.81975,19.35725],[73.8195,19.3575],[73.81975,19.35925],[73.819357,19.361265],[73.819345,19.362492],[73.822387,19.362626],[73.822693,19.364676],[73.824456,19.36249],[73.824765,19.361283],[73.82569,19.360253],[73.826051,19.359482],[73.826688,19.359053],[73.826934,19.358158],[73.827251,19.357632],[73.827415,19.356835],[73.826902,19.35669],[73.826355,19.356113],[73.826108,19.35502],[73.826496,19.3538],[73.826791,19.353485],[73.827371,19.353409],[73.826721,19.353092],[73.826705,19.351668],[73.827199,19.351107],[73.82795,19.350833],[73.82759,19.351628],[73.827719,19.352013],[73.828073,19.352225],[73.828293,19.352134],[73.828427,19.352417],[73.828658,19.352321],[73.828835,19.352549],[73.829103,19.352382],[73.829259,19.352519],[73.82898,19.353349],[73.828948,19.355429],[73.829093,19.355793],[73.828712,19.356684],[73.828948,19.356841],[73.829608,19.356294],[73.829693,19.356816],[73.830181,19.356542],[73.830321,19.356006],[73.830235,19.355722],[73.830493,19.355211],[73.831437,19.354842],[73.832231,19.354852],[73.832333,19.355282],[73.832215,19.355682],[73.832435,19.355824],[73.832837,19.355181],[73.833422,19.354725],[73.834677,19.354093],[73.834548,19.353283],[73.834886,19.353278],[73.835144,19.352843],[73.834929,19.352736],[73.834634,19.351977],[73.834747,19.351648],[73.835152,19.35158],[73.835187,19.350828],[73.835535,19.350815],[73.835865,19.350572],[73.836198,19.350821],[73.836318,19.351233],[73.836592,19.351286],[73.836957,19.351048],[73.837201,19.351069],[73.837394,19.35075],[73.837863,19.350697],[73.838231,19.350286],[73.838555,19.350173],[73.838652,19.349365],[73.838327,19.348707],[73.837528,19.348222],[73.837837,19.347827],[73.838212,19.347708],[73.839119,19.348052],[73.839551,19.348566],[73.839572,19.349155],[73.839969,19.34916],[73.840444,19.348705],[73.840562,19.348323],[73.84068,19.348695],[73.841275,19.348662],[73.841535,19.347841],[73.842181,19.34777],[73.843058,19.347056],[73.843428,19.34722],[73.843694,19.346778],[73.843801,19.347352],[73.844096,19.347537],[73.844373,19.347448],[73.844678,19.347957],[73.844997,19.348051],[73.844995,19.348552],[73.845486,19.348296],[73.84572,19.34794],[73.845616,19.347607],[73.846148,19.347181],[73.845978,19.346702],[73.846745,19.345953],[73.84726,19.345107],[73.847721,19.345196],[73.847979,19.344902],[73.848231,19.344872],[73.84825,19.344596],[73.849111,19.344627],[73.849229,19.344824],[73.849902,19.34451],[73.850017,19.343553],[73.849795,19.343227],[73.85032,19.342308],[73.850245,19.341683],[73.850579,19.341411],[73.850574,19.341097],[73.850406,19.34119],[73.850116,19.340764],[73.850108,19.339985],[73.849934,19.339917],[73.849921,19.339484],[73.850055,19.33938],[73.849937,19.338839],[73.849693,19.338902],[73.849159,19.338145],[73.848907,19.338221],[73.848789,19.338054],[73.84895,19.337695],[73.848778,19.336576],[73.847583,19.33617],[73.847742,19.3353],[73.84802,19.334744],[73.848132,19.333797],[73.84675,19.33125],[73.8475,19.33175],[73.84825,19.33125],[73.84875,19.33125],[73.851,19.32975],[73.85125,19.3295],[73.851811,19.327435],[73.853937,19.326285],[73.854,19.3255],[73.85425,19.32525],[73.853,19.324],[73.85325,19.3225],[73.853,19.32175],[73.85425,19.322],[73.85475,19.32275],[73.85575,19.32275],[73.8565,19.321],[73.85775,19.32125],[73.85825,19.321],[73.85775,19.32025],[73.858,19.32],[73.859486,19.320743],[73.859653,19.321455],[73.860413,19.32159],[73.861636,19.321463],[73.861465,19.320985],[73.861547,19.320749],[73.861335,19.320577],[73.861207,19.319973],[73.861001,19.319849],[73.860849,19.319183],[73.861458,19.318974],[73.861443,19.318835],[73.860622,19.317708],[73.860628,19.31673],[73.861408,19.315506],[73.862059,19.315478],[73.863013,19.315195],[73.863088,19.315052],[73.863821,19.314985],[73.864797,19.315297],[73.865029,19.315544],[73.864942,19.316143],[73.864415,19.317046],[73.864569,19.317365],[73.864756,19.31733],[73.865107,19.317583],[73.866597,19.31691],[73.866883,19.317214],[73.867748,19.31709],[73.867902,19.317236],[73.868127,19.31678],[73.868013,19.316611],[73.868219,19.315869],[73.868952,19.315088],[73.8692,19.314586],[73.869708,19.314497],[73.870417,19.315245],[73.870442,19.315761],[73.870688,19.315606],[73.870966,19.315716],[73.870969,19.315409],[73.871483,19.314673],[73.8715,19.3125],[73.872459,19.311625],[73.872703,19.311626],[73.873252,19.311817],[73.874343,19.312991],[73.874327,19.313533],[73.874483,19.313791],[73.87416,19.314125],[73.8735,19.31625],[73.873603,19.318008],[73.873077,19.31889],[73.873419,19.319107],[73.873388,19.319924],[73.8738,19.319855],[73.874045,19.32013],[73.873909,19.320313],[73.874005,19.320389],[73.87428,19.320267],[73.874215,19.319613],[73.874696,19.318551],[73.874848,19.318626],[73.874974,19.319112],[73.874746,19.319274],[73.874834,19.319564],[73.875272,19.320124],[73.875501,19.320737],[73.875927,19.32043],[73.875831,19.320042],[73.875324,19.319557],[73.875388,19.319107],[73.876111,19.3184],[73.876192,19.318597],[73.876016,19.319016],[73.876343,19.319527],[73.877206,19.319175],[73.877423,19.318989],[73.877401,19.318752],[73.877941,19.318409],[73.878546,19.319416],[73.879342,19.319695],[73.879403,19.318317],[73.879066,19.317968],[73.87888,19.316698],[73.87916,19.316399],[73.879733,19.316509],[73.879809,19.316794],[73.880518,19.317265],[73.881,19.31675],[73.88193,19.317071],[73.881887,19.315939],[73.882628,19.315712],[73.880149,19.306263],[73.879602,19.305655],[73.878754,19.305412],[73.878293,19.305428],[73.878154,19.305655],[73.878363,19.305736],[73.878215,19.306051]],[[73.819773,19.328826],[73.82054,19.329527],[73.820679,19.330005],[73.820899,19.330102],[73.819915,19.331737],[73.819217,19.332106],[73.81873,19.332625],[73.818657,19.33239],[73.819196,19.331656],[73.819258,19.331342],[73.818804,19.33095],[73.818584,19.330489],[73.819504,19.328819],[73.819773,19.328826]],[[73.822356,19.33609],[73.821849,19.336133],[73.822031,19.335928],[73.822431,19.335905],[73.822356,19.33609]],[[73.821591,19.336601],[73.821157,19.336733],[73.821393,19.336267],[73.821814,19.336224],[73.821591,19.336601]]]]}},{"type":"Feature","properties":{"id":"wb_dimbhe","name":"Dimbhe Reservoir","district":"Pune","kind":"reservoir","tier":1,"drinking_water":false,"urban":false,"source":"osm","osm_id":"way/41853696","osm_name":"Dhimbhe Dam"},"geometry":{"type":"MultiPolygon","coordinates":[[[[73.70375,19.13225],[73.702,19.13225],[73.700752,19.133363],[73.70084,19.134191],[73.700586,19.134643],[73.699884,19.13455],[73.699673,19.134103],[73.698776,19.134196],[73.697771,19.134638],[73.697048,19.135167],[73.696,19.1355],[73.694,19.1385],[73.69389,19.140216],[73.694575,19.140625],[73.694833,19.141122],[73.695233,19.141187],[73.696252,19.141955],[73.69637,19.142188],[73.696181,19.142536],[73.697342,19.142067],[73.697138,19.141489],[73.695916,19.139831],[73.695632,19.139653],[73.695589,19.13941],[73.695658,19.139127],[73.696158,19.138954],[73.696206,19.138653],[73.696834,19.137823],[73.69663,19.137575],[73.697143,19.13738],[73.697392,19.137591],[73.697654,19.137495],[73.698184,19.136986],[73.699124,19.136839],[73.70044,19.136966],[73.702143,19.136406],[73.70224,19.136173],[73.702585,19.135979],[73.702842,19.13607],[73.703001,19.13675],[73.703204,19.136882],[73.704032,19.136411],[73.703908,19.136132],[73.704789,19.135942],[73.705132,19.136203],[73.705758,19.135736],[73.706745,19.13563],[73.707037,19.135285],[73.706768,19.134688],[73.707804,19.133302],[73.707632,19.133121],[73.708031,19.13188],[73.708474,19.131215],[73.708814,19.131057],[73.709118,19.131564],[73.709464,19.13151],[73.708932,19.130682],[73.708913,19.130345],[73.709339,19.129892],[73.709713,19.129108],[73.71048,19.128327],[73.711639,19.12819],[73.711941,19.128296],[73.7115,19.1275],[73.711789,19.12627],[73.711726,19.125989],[73.710932,19.12601],[73.710709,19.125886],[73.710743,19.125307],[73.710944,19.12501],[73.710224,19.124078],[73.710521,19.123408],[73.710201,19.122671],[73.710298,19.122367],[73.709805,19.120638],[73.709849,19.120378],[73.710069,19.120282],[73.710777,19.120866],[73.711633,19.12108],[73.712806,19.121699],[73.712965,19.121629],[73.713447,19.121858],[73.713909,19.121671],[73.714418,19.121818],[73.715256,19.122481],[73.715425,19.123003],[73.715879,19.123049],[73.716106,19.123266],[73.716945,19.123284],[73.718483,19.122702],[73.719111,19.122613],[73.72003,19.122146],[73.720618,19.121781],[73.721982,19.120399],[73.722961,19.11984],[73.724151,19.119756],[73.72493,19.119824],[73.725077,19.120225],[73.725646,19.119969],[73.726628,19.120861],[73.726631,19.12143],[73.726301,19.122141],[73.726334,19.122542],[73.726901,19.123168],[73.727493,19.124478],[73.727243,19.125341],[73.727473,19.125323],[73.727435,19.125826],[73.726389,19.126315],[73.726499,19.126725],[73.726231,19.126875],[73.726472,19.127074],[73.726846,19.127069],[73.726852,19.127421],[73.726541,19.12778],[73.726699,19.128056],[73.726881,19.128021],[73.727144,19.128654],[73.727041,19.129218],[73.727179,19.129654],[73.727433,19.129612],[73.727796,19.13047],[73.728731,19.131083],[73.727668,19.132066],[73.727353,19.132901],[73.727407,19.133343],[73.727185,19.133617],[73.727347,19.133673],[73.727111,19.134736],[73.727429,19.135637],[73.727954,19.135526],[73.728058,19.133927],[73.729155,19.133084],[73.729326,19.132802],[73.729171,19.132404],[73.729303,19.132314],[73.729563,19.132872],[73.730242,19.133328],[73.732367,19.133303],[73.73017,19.132638],[73.729873,19.131799],[73.730035,19.131731],[73.730092,19.13188],[73.730451,19.131933],[73.731027,19.130399],[73.730168,19.128287],[73.730157,19.127628],[73.730417,19.127012],[73.731883,19.126264],[73.73175,19.1255],[73.732324,19.12373],[73.732676,19.123629],[73.732887,19.123411],[73.732844,19.123088],[73.733351,19.122928],[73.733359,19.122778],[73.734421,19.122628],[73.734805,19.12241],[73.735294,19.12249],[73.735148,19.122193],[73.734584,19.121876],[73.734517,19.121588],[73.734228,19.121627],[73.733746,19.121257],[73.733513,19.120859],[73.733542,19.120431],[73.732947,19.120065],[73.733091,19.118626],[73.733908,19.117267],[73.733784,19.117089],[73.732807,19.11707],[73.732365,19.115117],[73.73164,19.114286],[73.731775,19.114012],[73.731483,19.113831],[73.731406,19.113465],[73.731681,19.112584],[73.733258,19.111559],[73.734739,19.111512],[73.734918,19.111656],[73.735316,19.111415],[73.736225,19.111478],[73.737887,19.112187],[73.73849,19.111842],[73.738891,19.112202],[73.739311,19.11203],[73.739814,19.112077],[73.740166,19.112294],[73.74063,19.112183],[73.741728,19.11281],[73.742022,19.112676],[73.742297,19.11176],[73.74416,19.110355],[73.745051,19.109936],[73.745319,19.110041],[73.745468,19.110456],[73.746492,19.110502],[73.747096,19.111288],[73.747419,19.111237],[73.747592,19.111461],[73.747542,19.11167],[73.748093,19.112333],[73.747983,19.11272],[73.74864,19.11345],[73.748325,19.113685],[73.748239,19.11399],[73.748444,19.114234],[73.749053,19.114468],[73.749088,19.114709],[73.748867,19.11496],[73.748963,19.115529],[73.749359,19.115932],[73.749441,19.116299],[73.750158,19.115866],[73.750289,19.116111],[73.750348,19.116802],[73.75006,19.117002],[73.750186,19.117807],[73.750074,19.118225],[73.750583,19.118172],[73.751015,19.118688],[73.751374,19.118718],[73.751304,19.119555],[73.750978,19.119957],[73.752369,19.119641],[73.752777,19.120555],[73.753695,19.121383],[73.753787,19.120824],[73.754323,19.121215],[73.754369,19.121333],[73.753974,19.121495],[73.75407,19.121845],[73.754201,19.121781],[73.754522,19.122146],[73.754685,19.122798],[73.755301,19.123308],[73.755561,19.123047],[73.755479,19.121704],[73.755124,19.121022],[73.754814,19.120972],[73.754357,19.120542],[73.754223,19.119996],[73.754375,19.119474],[73.753878,19.119149],[73.754031,19.118796],[73.754008,19.118102],[73.753657,19.117648],[73.753696,19.116545],[73.753542,19.116221],[73.754147,19.115172],[73.753949,19.114874],[73.754103,19.114659],[73.753763,19.113182],[73.75396,19.112548],[73.754898,19.111637],[73.753979,19.110292],[73.753864,19.109691],[73.753969,19.108273],[73.754514,19.107281],[73.755493,19.106865],[73.756444,19.10667],[73.757387,19.10696],[73.757731,19.106533],[73.75774,19.106305],[73.757004,19.105484],[73.756964,19.105125],[73.756141,19.104398],[73.755858,19.104218],[73.755742,19.104296],[73.755395,19.103784],[73.754635,19.103401],[73.754476,19.10315],[73.753694,19.103026],[73.752897,19.102549],[73.75293,19.102325],[73.753739,19.101709],[73.753999,19.101326],[73.753816,19.101303],[73.753763,19.101064],[73.753315,19.101412],[73.752812,19.101468],[73.752591,19.101269],[73.752545,19.10072],[73.752795,19.100092],[73.751929,19.100517],[73.751847,19.10009],[73.751438,19.099887],[73.751434,19.099454],[73.751262,19.09918],[73.750892,19.099233],[73.750736,19.098876],[73.750417,19.098962],[73.750314,19.09869],[73.749418,19.098234],[73.74908,19.097707],[73.748603,19.097527],[73.748248,19.096392],[73.747368,19.09619],[73.747372,19.09648],[73.747103,19.096443],[73.746639,19.09609],[73.746407,19.095446],[73.745862,19.095711],[73.73921,19.097457],[73.738963,19.097643],[73.739365,19.098696],[73.739206,19.098854],[73.739559,19.099091],[73.739714,19.09975],[73.739467,19.100754],[73.739001,19.101484],[73.738282,19.101996],[73.73737,19.102295],[73.734639,19.102112],[73.734452,19.101828],[73.73398,19.101763],[73.733464,19.101388],[73.733223,19.100541],[73.731549,19.10082],[73.730739,19.100358],[73.73038,19.100592],[73.729532,19.100561],[73.723,19.09925],[73.7205,19.101],[73.7195,19.1005],[73.719,19.101],[73.71825,19.09975],[73.7175,19.1005],[73.71525,19.0995],[73.715,19.09975],[73.716,19.102],[73.716,19.1025],[73.71725,19.1025],[73.717,19.10275],[73.71725,19.103],[73.71775,19.10275],[73.71825,19.10275],[73.71825,19.10325],[73.71875,19.10425],[73.71825,19.10575],[73.71675,19.10625],[73.71775,19.107],[73.7175,19.109],[73.7185,19.10925],[73.71825,19.10975],[73.71875,19.11175],[73.717,19.11325],[73.71475,19.114],[73.7135,19.11325],[73.713,19.11375],[73.71125,19.11175],[73.709,19.111],[73.70875,19.1105],[73.7075,19.11025],[73.7065,19.10975],[73.70475,19.10975],[73.70425,19.1105],[73.70375,19.1105],[73.70325,19.11],[73.703,19.1095],[73.70225,19.11025],[73.701,19.1105],[73.69975,19.1095],[73.6995,19.10975],[73.698,19.10875],[73.697,19.1085],[73.69675,19.108],[73.6965,19.10825],[73.695,19.1075],[73.694471,19.106235],[73.694393,19.105519],[73.694535,19.105455],[73.694339,19.105183],[73.694605,19.104526],[73.69487,19.104328],[73.694888,19.103718],[73.695084,19.103613],[73.695388,19.102764],[73.696069,19.101874],[73.695991,19.101337],[73.694892,19.102709],[73.694349,19.103027],[73.693842,19.103901],[73.693385,19.103852],[73.693004,19.105753],[73.692604,19.105519],[73.69202,19.10578],[73.691807,19.10549],[73.691749,19.104866],[73.691402,19.105101],[73.691281,19.104861],[73.690929,19.104788],[73.690754,19.105459],[73.690455,19.105529],[73.689584,19.104752],[73.688122,19.104206],[73.687475,19.104198],[73.686943,19.103809],[73.686676,19.103373],[73.686323,19.103265],[73.686383,19.103048],[73.685405,19.102799],[73.683337,19.101029],[73.684771,19.102569],[73.684552,19.102848],[73.684883,19.102674],[73.684924,19.102873],[73.686064,19.104012],[73.685977,19.104397],[73.686307,19.104471],[73.686953,19.105228],[73.687438,19.105403],[73.687578,19.105773],[73.687876,19.105553],[73.688446,19.10566],[73.689205,19.106674],[73.689365,19.106605],[73.69125,19.10725],[73.6915,19.1085],[73.69175,19.10875],[73.6925,19.108],[73.69325,19.1085],[73.69325,19.1095],[73.696,19.11225],[73.696,19.1135],[73.6965,19.114],[73.69775,19.113],[73.69875,19.11325],[73.6995,19.113],[73.69925,19.115],[73.6995,19.1155],[73.70025,19.115],[73.701,19.116],[73.701,19.11725],[73.69975,19.11775],[73.6985,19.11725],[73.698,19.11725],[73.6975,19.11775],[73.697,19.1165],[73.69675,19.11625],[73.69525,19.1175],[73.6945,19.117],[73.69325,19.11825],[73.6925,19.1185],[73.6915,19.11775],[73.6905,19.1185],[73.68975,19.118],[73.689,19.119],[73.6885,19.119],[73.688,19.118],[73.68725,19.11975],[73.6875,19.12],[73.687,19.1205],[73.6865,19.12025],[73.686,19.1205],[73.68575,19.12175],[73.68525,19.12225],[73.6855,19.12625],[73.68575,19.12675],[73.68625,19.12675],[73.68575,19.12825],[73.686,19.129],[73.68425,19.13],[73.68275,19.13],[73.6815,19.12975],[73.681,19.129],[73.678,19.129],[73.677,19.1285],[73.6765,19.1285],[73.67575,19.1275],[73.67475,19.12825],[73.673,19.12825],[73.67175,19.12775],[73.67025,19.1295],[73.669,19.13],[73.6695,19.1315],[73.668,19.1325],[73.668,19.13325],[73.6675,19.13375],[73.667314,19.134608],[73.66475,19.1365],[73.661,19.13625],[73.659836,19.135987],[73.65875,19.13475],[73.65725,19.13475],[73.6545,19.13175],[73.651,19.13],[73.65125,19.12975],[73.651,19.1295],[73.6505,19.12975],[73.6495,19.12825],[73.64925,19.129],[73.647,19.1295],[73.64675,19.12975],[73.64675,19.129],[73.64625,19.129],[73.64575,19.12925],[73.64625,19.12975],[73.646,19.13],[73.64525,19.13025],[73.64425,19.13],[73.6445,19.12975],[73.64425,19.129],[73.64325,19.1305],[73.64275,19.1305],[73.63675,19.12775],[73.63625,19.12825],[73.63325,19.128],[73.6315,19.1265],[73.6305,19.1265],[73.628242,19.125088],[73.62525,19.12525],[73.62575,19.12575],[73.62625,19.12575],[73.62675,19.1255],[73.62725,19.126],[73.62725,19.12675],[73.628,19.12625],[73.629369,19.126737],[73.632634,19.128953],[73.633785,19.129264],[73.6355,19.12925],[73.63625,19.12975],[73.637,19.12925],[73.6435,19.13275],[73.6445,19.13275],[73.645,19.13375],[73.64575,19.133],[73.64575,19.1325],[73.6455,19.13225],[73.64625,19.13175],[73.64675,19.13175],[73.64675,19.13225],[73.647,19.1325],[73.64825,19.1325],[73.64975,19.13225],[73.6505,19.13375],[73.653,19.13525],[73.65325,19.13575],[73.65475,19.136],[73.654281,19.136724],[73.654483,19.137302],[73.655022,19.137057],[73.655948,19.138222],[73.656624,19.138267],[73.656423,19.140417],[73.65603,19.14089],[73.656909,19.140449],[73.657702,19.139697],[73.658256,19.139419],[73.659477,19.139169],[73.66008,19.139367],[73.660508,19.139715],[73.661143,19.139472],[73.661396,19.139825],[73.662148,19.140112],[73.662257,19.140854],[73.662406,19.140565],[73.662578,19.140553],[73.66292,19.139793],[73.663845,19.140031],[73.66525,19.1385],[73.66625,19.13825],[73.667,19.13725],[73.668,19.137],[73.67,19.134],[73.67275,19.13125],[73.67325,19.1305],[73.675,19.13075],[73.67675,19.132],[73.679,19.1325],[73.682,19.13425],[73.68275,19.13325],[73.68375,19.13325],[73.684,19.133],[73.68525,19.13375],[73.68625,19.134],[73.68875,19.132],[73.68975,19.13025],[73.69,19.12825],[73.6895,19.12775],[73.6895,19.12625],[73.68925,19.12525],[73.6895,19.1245],[73.69025,19.12425],[73.690833,19.1236],[73.693048,19.123431],[73.694995,19.123557],[73.695681,19.123431],[73.695842,19.1232],[73.696464,19.123237],[73.697,19.12375],[73.6995,19.125],[73.7015,19.12475],[73.70225,19.125],[73.70425,19.125],[73.70525,19.1265],[73.70375,19.13175],[73.70375,19.13225]]]]}},{"type":"Feature","properties":{"id":"wb_bhama_askhed","name":"Bhama Askhed Reservoir","district":"Pune","kind":"reservoir","tier":1,"drinking_water":true,"urban":false,"source":"osm","osm_id":"relation/5859718","osm_name":"Bhama Askhed Reservoir"},"geometry":{"type":"MultiPolygon","coordinates":[[[[73.615597,18.928207],[73.616504,18.931338],[73.616697,18.931722],[73.617082,18.931751],[73.617052,18.932385],[73.617458,18.932279],[73.617692,18.934499],[73.617844,18.934729],[73.617336,18.935854],[73.617174,18.935786],[73.616067,18.936353],[73.614949,18.936507],[73.612552,18.937227],[73.611667,18.936708],[73.610383,18.936233],[73.607712,18.934436],[73.606229,18.933831],[73.606016,18.933936],[73.605528,18.935128],[73.605599,18.937049],[73.606138,18.938558],[73.60695,18.939941],[73.60694,18.940527],[73.607255,18.940671],[73.607306,18.940047],[73.607001,18.938971],[73.606229,18.937462],[73.606077,18.936156],[73.606361,18.934993],[73.606788,18.934561],[73.607285,18.934609],[73.60826,18.935772],[73.608941,18.936165],[73.610393,18.936578],[73.612425,18.937683],[73.615127,18.936992],[73.615939,18.936982],[73.617209,18.936703],[73.617767,18.936271],[73.618285,18.935551],[73.618478,18.935627],[73.618925,18.934273],[73.618712,18.933177],[73.618174,18.931967],[73.617818,18.931698],[73.617473,18.931083],[73.617439,18.930452],[73.617217,18.93015],[73.617307,18.929796],[73.616863,18.929415],[73.616551,18.927945],[73.615469,18.926849],[73.613769,18.925858],[73.613762,18.925655],[73.614116,18.924369],[73.614456,18.924132],[73.61431,18.924119],[73.614372,18.924027],[73.615732,18.923168],[73.615954,18.922748],[73.616891,18.922255],[73.617876,18.921133],[73.61798,18.9207],[73.618209,18.920497],[73.618098,18.920352],[73.618327,18.919657],[73.618757,18.918889],[73.619367,18.918639],[73.619458,18.918941],[73.619936,18.919053],[73.619929,18.919388],[73.620484,18.920149],[73.620678,18.92009],[73.620588,18.919926],[73.621011,18.91944],[73.621261,18.919473],[73.621532,18.919794],[73.621573,18.92032],[73.621886,18.920766],[73.622801,18.920956],[73.62344,18.921744],[73.62371,18.921829],[73.622607,18.9203],[73.622267,18.919053],[73.622281,18.91881],[73.62251,18.918771],[73.622864,18.917983],[73.622628,18.915732],[73.622767,18.915017],[73.623017,18.91482],[73.623676,18.91499],[73.626416,18.913481],[73.626395,18.913717],[73.626707,18.913868],[73.626617,18.913993],[73.626784,18.914203],[73.627137,18.913383],[73.627484,18.913173],[73.627651,18.912752],[73.628879,18.911683],[73.628775,18.911296],[73.628913,18.911085],[73.629253,18.911046],[73.629461,18.910213],[73.629878,18.90972],[73.629947,18.908867],[73.630363,18.908362],[73.630662,18.908329],[73.63087,18.9085],[73.630738,18.909044],[73.630911,18.909609],[73.630551,18.909898],[73.630849,18.911164],[73.631473,18.911053],[73.631577,18.911328],[73.631834,18.911033],[73.63155,18.910291],[73.632195,18.910232],[73.632465,18.909576],[73.633804,18.909412],[73.634602,18.908966],[73.635025,18.908447],[73.635143,18.906859],[73.635754,18.906511],[73.635289,18.906235],[73.635081,18.905632],[73.635476,18.904575],[73.637439,18.905382],[73.638168,18.906249],[73.638466,18.907332],[73.63898,18.907909],[73.639202,18.907857],[73.639479,18.906032],[73.639098,18.904962],[73.638681,18.904746],[73.638418,18.904273],[73.638182,18.90344],[73.637405,18.903544],[73.637065,18.903433],[73.635802,18.902796],[73.635358,18.902311],[73.634894,18.902087],[73.632847,18.902147],[73.632327,18.902002],[73.632105,18.901687],[73.631765,18.901582],[73.631557,18.901228],[73.631619,18.899981],[73.631348,18.899121],[73.631473,18.899003],[73.632001,18.899042],[73.632639,18.899351],[73.635358,18.901785],[73.636517,18.901733],[73.637405,18.902192],[73.637571,18.902107],[73.637578,18.901398],[73.638168,18.900132],[73.638022,18.899022],[73.637592,18.898346],[73.637682,18.897716],[73.638196,18.897375],[73.63864,18.897473],[73.639458,18.898077],[73.639614,18.898511],[73.639884,18.898514],[73.640363,18.898077],[73.640783,18.89803],[73.641057,18.898355],[73.641647,18.89858],[73.641776,18.898927],[73.642049,18.898894],[73.642539,18.899338],[73.64292,18.899278],[73.642936,18.899474],[73.643427,18.899311],[73.643572,18.899423],[73.643919,18.9],[73.643732,18.901175],[73.64428,18.901425],[73.644623,18.902836],[73.645585,18.903343],[73.645842,18.903201],[73.645842,18.902287],[73.64551,18.901427],[73.645757,18.900463],[73.645645,18.900318],[73.645529,18.90042],[73.645605,18.899022],[73.645785,18.898425],[73.646222,18.898117],[73.646604,18.898182],[73.64745,18.898793],[73.647991,18.898143],[73.648588,18.897841],[73.650579,18.897913],[73.651529,18.898534],[73.652058,18.899663],[73.65218,18.900388],[73.652784,18.90109],[73.65303,18.901293],[73.653554,18.901097],[73.653957,18.901339],[73.65405,18.900694],[73.653825,18.900308],[73.653554,18.900167],[73.653514,18.8999],[73.653738,18.899363],[73.654088,18.899211],[73.65401,18.898743],[73.654407,18.898058],[73.655207,18.897498],[73.655465,18.897472],[73.655573,18.897862],[73.655723,18.897791],[73.656615,18.896915],[73.656858,18.896423],[73.657392,18.896056],[73.658432,18.896469],[73.658812,18.89723],[73.659424,18.897611],[73.660437,18.89939],[73.660833,18.899501],[73.660819,18.898615],[73.661034,18.898077],[73.661651,18.897775],[73.662539,18.897762],[73.662754,18.897519],[73.662553,18.896016],[73.663483,18.89532],[73.663497,18.895137],[73.662824,18.894113],[73.662609,18.893305],[73.661769,18.89175],[73.659896,18.889288],[73.659681,18.888553],[73.660583,18.888665],[73.66161,18.889406],[73.661804,18.888527],[73.662352,18.888599],[73.66299,18.889295],[73.663178,18.889892],[73.664128,18.891264],[73.665633,18.891934],[73.666646,18.892761],[73.667319,18.893056],[73.667701,18.893515],[73.667833,18.893463],[73.667354,18.892446],[73.666542,18.89192],[73.666078,18.891297],[73.665023,18.890535],[73.664697,18.889715],[73.664808,18.889479],[73.6646,18.889032],[73.664718,18.888593],[73.664288,18.888442],[73.66374,18.887726],[73.663601,18.886597],[73.664098,18.885973],[73.664731,18.885769],[73.666118,18.885933],[73.666622,18.886154],[73.667037,18.885813],[73.666133,18.885291],[73.666145,18.884721],[73.665768,18.884388],[73.665556,18.884382],[73.665443,18.88374],[73.666447,18.884194],[73.667002,18.883649],[73.667578,18.884034],[73.667654,18.884296],[73.667534,18.884436],[73.667846,18.884365],[73.668917,18.884581],[73.668818,18.884784],[73.668931,18.885967],[73.669757,18.886564],[73.670202,18.886506],[73.670422,18.88698],[73.670942,18.887272],[73.671232,18.887825],[73.671225,18.888803],[73.671614,18.889229],[73.672377,18.889505],[73.672703,18.890102],[73.672904,18.891303],[73.673202,18.891947],[73.673702,18.892511],[73.674583,18.893122],[73.674819,18.893476],[73.674784,18.893758],[73.674992,18.893771],[73.675374,18.894185],[73.677025,18.894743],[73.677379,18.89471],[73.675714,18.893981],[73.675235,18.893594],[73.674853,18.8928],[73.673882,18.892137],[73.673348,18.891317],[73.67341,18.890181],[73.673147,18.889334],[73.672828,18.889269],[73.672312,18.888752],[73.67202,18.888092],[73.672388,18.887696],[73.672423,18.887285],[73.672852,18.887031],[73.674048,18.886772],[73.67533,18.886843],[73.675808,18.886701],[73.674456,18.886513],[73.673705,18.886249],[73.67337,18.885848],[73.673098,18.885882],[73.672106,18.884365],[73.671385,18.883827],[73.669914,18.883696],[73.669234,18.883348],[73.669144,18.883453],[73.668381,18.882777],[73.666848,18.882075],[73.665772,18.882068],[73.664406,18.881759],[73.663573,18.881175],[73.663323,18.880263],[73.663476,18.879941],[73.663296,18.879665],[73.663198,18.878727],[73.66358,18.878405],[73.663837,18.878576],[73.664614,18.877992],[73.665557,18.877637],[73.66598,18.877814],[73.666625,18.878602],[73.667368,18.87897],[73.667736,18.879508],[73.667666,18.880328],[73.668062,18.879856],[73.668547,18.88002],[73.668166,18.879396],[73.66861,18.878694],[73.670073,18.87897],[73.671426,18.880447],[73.672349,18.880591],[73.672307,18.880342],[73.671933,18.880132],[73.671891,18.879941],[73.672231,18.879219],[73.671704,18.879646],[73.671433,18.879567],[73.671142,18.878346],[73.671509,18.877893],[73.670753,18.878044],[73.67008,18.877151],[73.670462,18.876469],[73.670906,18.876114],[73.671211,18.875983],[73.671829,18.876114],[73.671926,18.875438],[73.671322,18.875248],[73.671024,18.874946],[73.670927,18.874224],[73.670566,18.873331],[73.671281,18.873134],[73.671558,18.872825],[73.672099,18.872832],[73.672481,18.873357],[73.67255,18.873797],[73.672862,18.873725],[73.673265,18.873889],[73.673847,18.874979],[73.674208,18.875123],[73.674673,18.874696],[73.674999,18.874762],[73.675284,18.875536],[73.675977,18.876094],[73.676282,18.876561],[73.676116,18.875891],[73.675505,18.875307],[73.675436,18.875064],[73.675617,18.874585],[73.675443,18.874348],[73.67452,18.874046],[73.674347,18.873876],[73.674229,18.873226],[73.674215,18.87251],[73.674611,18.872064],[73.675589,18.87169],[73.67613,18.871657],[73.677018,18.871946],[73.677455,18.872359],[73.67776,18.873784],[73.67844,18.874499],[73.677954,18.873613],[73.678052,18.873265],[73.677927,18.872917],[73.67878,18.873108],[73.678558,18.872839],[73.678052,18.872628],[73.677372,18.871073],[73.677968,18.870291],[73.67792,18.870154],[73.677469,18.870016],[73.673813,18.870101],[73.674014,18.869431],[73.674749,18.86909],[73.675748,18.868322],[73.677226,18.869189],[73.678315,18.868841],[73.67921,18.86823],[73.679377,18.868256],[73.680119,18.868827],[73.679946,18.869123],[73.679682,18.869083],[73.67921,18.869773],[73.679363,18.870055],[73.681597,18.870127],[73.682145,18.870593],[73.682311,18.870311],[73.682651,18.870337],[73.682332,18.870685],[73.682471,18.87104],[73.681791,18.872615],[73.681819,18.872957],[73.682228,18.872432],[73.682734,18.871316],[73.682769,18.870718],[73.68297,18.870528],[73.682922,18.871263],[73.683719,18.871361],[73.684039,18.871191],[73.683886,18.870908],[73.683969,18.870685],[73.685322,18.870817],[73.685842,18.871204],[73.686043,18.870849],[73.686807,18.870718],[73.687861,18.871164],[73.688499,18.871841],[73.688506,18.872175],[73.688,18.872661],[73.688014,18.873068],[73.688701,18.872353],[73.688881,18.871913],[73.688735,18.871473],[73.687764,18.870541],[73.686765,18.870101],[73.684496,18.869839],[73.684184,18.869235],[73.683747,18.868834],[73.685364,18.867823],[73.686349,18.867915],[73.686175,18.86756],[73.686557,18.867009],[73.687708,18.866458],[73.688916,18.866136],[73.688902,18.865985],[73.687084,18.866392],[73.685683,18.867055],[73.685579,18.866871],[73.685482,18.867154],[73.684836,18.867429],[73.684545,18.867304],[73.684434,18.867567],[73.68338,18.867941],[73.682471,18.867981],[73.681735,18.867488],[73.681423,18.866838],[73.681215,18.864278],[73.681479,18.86374],[73.681964,18.863799],[73.681964,18.863405],[73.682394,18.863379],[73.683053,18.862289],[73.683102,18.861849],[73.683865,18.862046],[73.685038,18.862808],[73.685378,18.862644],[73.685891,18.862709],[73.686467,18.863129],[73.686536,18.863451],[73.686807,18.863523],[73.686994,18.863116],[73.687306,18.863385],[73.68741,18.863247],[73.687833,18.863379],[73.687778,18.863057],[73.687424,18.862886],[73.687126,18.862256],[73.687965,18.86177],[73.688701,18.861639],[73.686925,18.86135],[73.686266,18.860641],[73.686203,18.860352],[73.686439,18.859926],[73.687376,18.860431],[73.688777,18.860608],[73.689041,18.860976],[73.689311,18.860805],[73.689762,18.860897],[73.690046,18.860759],[73.690816,18.861101],[73.69149,18.860976],[73.692086,18.86158],[73.692988,18.861698],[73.693356,18.862322],[73.693071,18.861482],[73.692065,18.861376],[73.691656,18.860772],[73.690872,18.86072],[73.69031,18.860234],[73.689651,18.859926],[73.687938,18.857825],[73.687528,18.857621],[73.688243,18.857063],[73.689103,18.856709],[73.689512,18.856958],[73.689804,18.857536],[73.69038,18.857923],[73.690837,18.85879],[73.691032,18.858816],[73.691129,18.858363],[73.690976,18.857162],[73.692447,18.857621],[73.692697,18.857457],[73.691725,18.856604],[73.691205,18.855455],[73.690643,18.855021],[73.690588,18.854483],[73.690678,18.854345],[73.69108,18.854549],[73.691621,18.854417],[73.691954,18.853977],[73.692613,18.854247],[73.692086,18.853551],[73.692086,18.852894],[73.692558,18.853006],[73.693252,18.853557],[73.693245,18.852914],[73.693959,18.853045],[73.69466,18.852835],[73.694008,18.852139],[73.693439,18.851949],[73.692953,18.851404],[73.692988,18.850866],[73.692495,18.850754],[73.691899,18.850275],[73.691982,18.849323],[73.692558,18.84906],[73.693263,18.849089],[73.693136,18.848364],[73.692415,18.847181],[73.692516,18.846806],[73.69307,18.847561],[73.693628,18.847926],[73.693649,18.84858],[73.694065,18.849094],[73.694065,18.849512],[73.694573,18.849695],[73.694543,18.849411],[73.694837,18.849277],[73.69535,18.848561],[73.695513,18.848575],[73.696102,18.849267],[73.695949,18.850406],[73.69631,18.850315],[73.696605,18.850022],[73.696935,18.850055],[73.696884,18.850339],[73.696335,18.850632],[73.69634,18.851007],[73.696041,18.851262],[73.696269,18.851377],[73.696102,18.851637],[73.696422,18.851819],[73.696498,18.852295],[73.696889,18.851728],[73.697209,18.851882],[73.697508,18.851541],[73.697767,18.851531],[73.697925,18.852199],[73.697564,18.852588],[73.6976,18.853026],[73.69699,18.853203],[73.696899,18.853525],[73.697458,18.853478],[73.697859,18.853651],[73.697752,18.85417],[73.697062,18.854386],[73.697854,18.854573],[73.697996,18.855025],[73.697178,18.855885],[73.696874,18.855991],[73.696929,18.856347],[73.696274,18.857274],[73.696381,18.857356],[73.697387,18.856399],[73.69796,18.856635],[73.697869,18.855914],[73.698219,18.855631],[73.698611,18.855616],[73.699052,18.855933],[73.699321,18.857072],[73.699987,18.857664],[73.700053,18.859259],[73.70021,18.859572],[73.700312,18.857654],[73.700068,18.857303],[73.699758,18.857169],[73.699428,18.856597],[73.699509,18.855741],[73.698666,18.854809],[73.698773,18.853915],[73.699052,18.854112],[73.699342,18.854011],[73.699672,18.854174],[73.699484,18.85378],[73.69887,18.853295],[73.69919,18.851454],[73.69957,18.851281],[73.699956,18.851877],[73.699697,18.852675],[73.699774,18.853059],[73.700622,18.852819],[73.701124,18.853016],[73.701632,18.854477],[73.702069,18.854761],[73.702831,18.856063],[73.703273,18.856481],[73.703415,18.856448],[73.702887,18.855933],[73.702623,18.855025],[73.702094,18.854203],[73.702237,18.853482],[73.702541,18.853357],[73.703131,18.853631],[73.70372,18.85415],[73.70438,18.854371],[73.704563,18.85427],[73.704258,18.853814],[73.70372,18.853703],[73.702028,18.852122],[73.702252,18.85206],[73.702948,18.852468],[73.703288,18.852487],[73.702877,18.852084],[73.702653,18.851512],[73.702704,18.851401],[73.703125,18.851449],[73.702816,18.850925],[73.704837,18.850743],[73.704547,18.850416],[73.704019,18.850286],[73.703557,18.850378],[73.702359,18.850051],[73.702155,18.849863],[73.702049,18.849392],[73.701754,18.8497],[73.701302,18.849623],[73.700901,18.848912],[73.701053,18.848368],[73.700622,18.848119],[73.700799,18.847494],[73.70049,18.847196],[73.699931,18.847095],[73.698966,18.845855],[73.698783,18.84536],[73.698885,18.84511],[73.699123,18.845023],[73.699631,18.845759],[73.700845,18.846422],[73.701668,18.847422],[73.702348,18.847537],[73.702628,18.847278],[73.703003,18.847628],[73.703003,18.847984],[73.703247,18.848436],[73.70339,18.848147],[73.703334,18.846994],[73.703958,18.846787],[73.703979,18.846576],[73.704182,18.846542],[73.704166,18.846249],[73.703938,18.845879],[73.702684,18.845961],[73.702643,18.844889],[73.702445,18.844557],[73.702318,18.84461],[73.702658,18.843937],[73.703019,18.843605],[73.70342,18.843533],[73.703308,18.843125],[73.703628,18.842707],[73.704095,18.843341],[73.704492,18.843432],[73.704263,18.843783],[73.704298,18.844072],[73.704629,18.844019],[73.704507,18.844418],[73.704852,18.84448],[73.704771,18.845364],[73.705395,18.845364],[73.705787,18.843985],[73.706305,18.843649],[73.706437,18.843788],[73.706655,18.844461],[73.706579,18.844821],[73.706294,18.84523],[73.705954,18.845143],[73.706274,18.845336],[73.706081,18.845629],[73.706345,18.846138],[73.705812,18.846427],[73.705482,18.846912],[73.705898,18.846806],[73.706147,18.847095],[73.706071,18.847451],[73.70568,18.847672],[73.705853,18.847965],[73.706025,18.848037],[73.706503,18.847753],[73.706889,18.84722],[73.706823,18.846931],[73.707117,18.847181],[73.707361,18.846917],[73.707706,18.847176],[73.708133,18.846633],[73.7086,18.846432],[73.709012,18.846662],[73.709169,18.847148],[73.708732,18.847455],[73.708229,18.847523],[73.70795,18.847888],[73.708433,18.848022],[73.708529,18.848311],[73.708864,18.848296],[73.708981,18.84871],[73.708834,18.849243],[73.708986,18.84958],[73.708879,18.849508],[73.708717,18.849753],[73.706107,18.850219],[73.705416,18.850478],[73.706828,18.850546],[73.706899,18.850748],[73.707112,18.850743],[73.707229,18.850916],[73.707656,18.850695],[73.707884,18.851291],[73.708382,18.850627],[73.7089,18.850815],[73.708961,18.851089],[73.709377,18.851094],[73.709621,18.851531],[73.709722,18.852396],[73.709672,18.852757],[73.709448,18.85293],[73.709722,18.853266],[73.709377,18.854501],[73.709961,18.854237],[73.710251,18.853828],[73.710383,18.852723],[73.710941,18.852353],[73.711165,18.852411],[73.711739,18.853338],[73.712079,18.854914],[73.712109,18.855967],[73.712485,18.855804],[73.712917,18.85516],[73.713135,18.855318],[73.71347,18.856116],[73.713312,18.857498],[73.713525,18.85814],[73.713461,18.859045],[73.714051,18.859151],[73.714476,18.858989],[73.714557,18.858678],[73.714801,18.858596],[73.714826,18.859091],[73.714938,18.859168],[73.715157,18.859004],[73.715024,18.860268],[73.715416,18.859543],[73.715598,18.859552],[73.71634,18.860191],[73.716741,18.860225],[73.718737,18.861859],[73.718767,18.862114],[73.718234,18.862647],[73.717904,18.863584],[73.718051,18.863926],[73.718625,18.86432],[73.7189,18.864142],[73.718295,18.863748],[73.718336,18.863262],[73.719148,18.862022],[73.719072,18.861701],[73.716787,18.859591],[73.716599,18.859365],[73.716624,18.859086],[73.715994,18.858461],[73.715923,18.857904],[73.715629,18.857625],[73.715629,18.856895],[73.715984,18.856645],[73.716055,18.856366],[73.715812,18.855866],[73.715771,18.85528],[73.716066,18.854828],[73.716736,18.854703],[73.716248,18.854126],[73.716238,18.853742],[73.715994,18.853742],[73.715812,18.853444],[73.716168,18.853041],[73.715699,18.853064],[73.715552,18.85294],[73.715746,18.852905],[73.715446,18.852703],[73.715746,18.852446],[73.715659,18.852186],[73.715877,18.852124],[73.715802,18.85173],[73.715918,18.851689],[73.71584,18.851854],[73.715996,18.85194],[73.716121,18.851777],[73.715909,18.851635],[73.715962,18.851295],[73.715796,18.85126],[73.715946,18.850313],[73.715549,18.849132],[73.715349,18.848789],[73.715093,18.848801],[73.71519,18.848544],[73.714952,18.848295],[73.714724,18.848313],[73.714671,18.848603],[73.713805,18.848144],[73.714352,18.847816],[73.714258,18.847224],[73.714471,18.846973],[73.714783,18.846914],[73.714818,18.846603],[73.715024,18.846934],[73.715446,18.847115],[73.715212,18.847677],[73.715821,18.848709],[73.716912,18.849609],[73.716809,18.850011],[73.717384,18.850268],[73.717681,18.850783],[73.717962,18.850479],[73.718516,18.850772],[73.718563,18.851251],[73.718231,18.851662],[73.718225,18.851928],[73.718541,18.851822],[73.719013,18.852381],[73.7188,18.85291],[73.718353,18.853407],[73.719301,18.852869],[73.719432,18.852552],[73.719782,18.852348],[73.720126,18.852396],[73.720595,18.852724],[73.720532,18.853316],[73.719882,18.853742],[73.719516,18.853804],[73.719647,18.854079],[73.71936,18.854443],[73.71956,18.854555],[73.720001,18.854014],[73.720345,18.853928],[73.720482,18.854064],[73.72037,18.854413],[73.719779,18.8551],[73.719813,18.85539],[73.720488,18.854694],[73.720764,18.854697],[73.720742,18.854393],[73.721004,18.854153],[73.721089,18.853712],[73.721467,18.85352],[73.721501,18.854952],[73.721986,18.855623],[73.721564,18.856094],[73.721567,18.856511],[73.721626,18.856206],[73.722374,18.855647],[73.72203,18.854328],[73.72228,18.853857],[73.72278,18.853896],[73.722964,18.854292],[73.722986,18.854751],[73.722577,18.855895],[73.722724,18.856673],[73.722974,18.856313],[73.722814,18.855898],[73.722917,18.855668],[73.723318,18.855348],[73.723727,18.855413],[73.723962,18.855638],[73.723883,18.856534],[73.724337,18.855381],[73.723843,18.854878],[73.723768,18.85462],[73.72389,18.854573],[73.724874,18.854907],[73.72574,18.855644],[73.726012,18.856218],[73.72569,18.857366],[73.725787,18.857919],[73.725284,18.858182],[73.72614,18.858203],[73.72615,18.859351],[73.726328,18.860019],[73.726991,18.860782],[73.727425,18.861055],[73.727572,18.861368],[73.727563,18.861049],[73.726781,18.860404],[73.726541,18.859818],[73.726694,18.858076],[73.726484,18.856898],[73.726625,18.856821],[73.727904,18.857301],[73.728235,18.85802],[73.728394,18.857259],[73.72951,18.857203],[73.730333,18.857842],[73.731455,18.857851],[73.73193,18.858046],[73.732043,18.857803],[73.731292,18.857531],[73.73048,18.857523],[73.729848,18.856907],[73.728491,18.856756],[73.727272,18.856386],[73.727031,18.856023],[73.7272,18.855419],[73.728566,18.854996],[73.729304,18.854546],[73.728185,18.854943],[73.727782,18.854582],[73.727635,18.854958],[73.726522,18.855209],[73.726172,18.85494],[73.726078,18.854644],[73.726512,18.853756],[73.726159,18.854212],[73.7257,18.85439],[73.725259,18.853913],[73.72343,18.852946],[73.722556,18.851611],[73.722604,18.851328],[73.723024,18.851349],[73.723524,18.851966],[73.72447,18.852274],[73.725204,18.851977],[73.725725,18.8521],[73.725774,18.851703],[73.725737,18.851596],[73.724603,18.851665],[73.724514,18.851446],[73.724183,18.851494],[73.723988,18.851268],[73.724054,18.850866],[73.724538,18.850678],[73.724569,18.850395],[73.724755,18.850259],[73.724665,18.849916],[73.723749,18.850385],[73.72275,18.850105],[73.722688,18.849898],[73.725259,18.848887],[73.722573,18.849006],[73.72262,18.848649],[73.723239,18.847776],[73.723206,18.847462],[73.721475,18.84868],[73.721519,18.848088],[73.720882,18.848257],[73.721017,18.847795],[73.720445,18.847739],[73.719949,18.84727],[73.720098,18.846992],[73.720688,18.846749],[73.720964,18.847094],[73.721309,18.847165],[73.721453,18.846484],[73.721665,18.84635],[73.722078,18.846494],[73.722463,18.846339],[73.722918,18.846684],[73.723111,18.845896],[73.723674,18.845858],[73.723853,18.845496],[73.723031,18.845059],[73.722911,18.844787],[73.722167,18.845132],[73.721694,18.84468],[73.721291,18.845099],[73.720922,18.844864],[73.72071,18.84495],[73.720526,18.844787],[73.719693,18.84476],[73.719527,18.844611],[73.719669,18.84417],[73.719207,18.844233],[73.718592,18.843975],[73.718559,18.843678],[73.718718,18.843628],[73.718239,18.843544],[73.718108,18.843287],[73.718287,18.843069],[73.71848,18.84344],[73.719764,18.84377],[73.720544,18.843391],[73.720422,18.843247],[73.71977,18.843189],[73.719406,18.842636],[73.719494,18.842484],[73.720144,18.842356],[73.719987,18.841699],[73.720129,18.841695],[73.720281,18.841222],[73.720705,18.840854],[73.720632,18.841138],[73.720825,18.840965],[73.720942,18.841128],[73.720509,18.841628],[73.721139,18.841898],[73.721066,18.842138],[73.7214,18.842402],[73.721503,18.842983],[73.721711,18.843086],[73.721866,18.842645],[73.722248,18.842289],[73.722472,18.842224],[73.722567,18.842406],[73.722834,18.842427],[73.723027,18.842695],[73.722965,18.843153],[73.723446,18.843471],[73.723303,18.843563],[73.723449,18.843739],[73.723038,18.844074],[73.723922,18.844283],[73.724054,18.844841],[73.724667,18.844954],[73.72428,18.84536],[73.724377,18.845891],[73.724023,18.846134],[73.723712,18.846977],[73.723935,18.847044],[73.724561,18.846504],[73.724826,18.846538],[73.725188,18.846327],[73.72523,18.847678],[73.725527,18.847433],[73.725834,18.847477],[73.726002,18.847212],[73.726439,18.847567],[73.727109,18.847724],[73.72726,18.848304],[73.727467,18.84795],[73.727898,18.847979],[73.727527,18.847657],[73.727483,18.847373],[73.72686,18.847025],[73.726101,18.845921],[73.726106,18.845737],[73.726475,18.845969],[73.726501,18.845622],[73.726731,18.845517],[73.727169,18.845967],[73.727246,18.845415],[73.726871,18.845385],[73.726574,18.845149],[73.726736,18.844758],[73.726526,18.844732],[73.727289,18.843888],[73.726574,18.843359],[73.725958,18.844253],[73.725739,18.843778],[73.725818,18.84321],[73.725509,18.842845],[73.725953,18.842375],[73.725624,18.8419],[73.725688,18.840812],[73.725266,18.840762],[73.724649,18.840291],[73.724408,18.840013],[73.724483,18.839791],[73.723738,18.839168],[73.723838,18.839021],[73.724477,18.839038],[73.724437,18.838678],[73.725042,18.838986],[73.724077,18.831908],[73.723784,18.832038],[73.723659,18.831755],[73.723418,18.831744],[73.722912,18.832003],[73.722403,18.832009],[73.721353,18.832889],[73.721265,18.832683],[73.721588,18.831961],[73.721509,18.831569],[73.721282,18.831413],[73.720726,18.830043],[73.720361,18.829834],[73.720458,18.829079],[73.720108,18.828558],[73.719805,18.82764],[73.720135,18.829085],[73.720011,18.829472],[73.719793,18.82948],[73.71977,18.830051],[73.720249,18.830499],[73.720547,18.831293],[73.720308,18.831524],[73.71992,18.831146],[73.719567,18.831112],[73.719929,18.832465],[73.719532,18.832571],[73.718393,18.832],[73.717843,18.831335],[73.717416,18.831371],[73.71721,18.83109],[73.717037,18.831193],[73.717237,18.831608],[73.71759,18.831747],[73.717713,18.83241],[73.718328,18.832772],[73.718246,18.833485],[73.718369,18.833685],[73.718199,18.833835],[73.718837,18.83408],[73.718993,18.834604],[73.718196,18.834941],[73.718081,18.83522],[73.718205,18.835565],[73.717719,18.835373],[73.71759,18.835712],[73.717725,18.83603],[73.717178,18.836422],[73.716851,18.836367],[73.716748,18.837174],[73.71576,18.83735],[73.715704,18.836999],[73.715366,18.836784],[73.715245,18.835949],[73.714827,18.835712],[73.714665,18.835033],[73.714312,18.834682],[73.714174,18.834175],[73.713933,18.834036],[73.713824,18.833582],[73.71358,18.833621],[73.713071,18.833128],[73.713103,18.833822],[73.713303,18.834003],[73.713256,18.834367],[73.713468,18.834568],[73.713559,18.835662],[73.713224,18.83559],[73.712756,18.835771],[73.712514,18.835612],[73.712365,18.836134],[73.712812,18.837247],[73.712517,18.837729],[73.713008,18.838002],[73.713038,18.838589],[73.713176,18.838475],[73.71343,18.838589],[73.713133,18.838703],[73.713,18.838972],[73.712616,18.839025],[73.712409,18.839514],[73.712259,18.839355],[73.712104,18.839314],[73.712129,18.839494],[73.711888,18.839339],[73.711772,18.839127],[73.71194,18.838617],[73.711444,18.838544],[73.710936,18.837794],[73.710898,18.83706],[73.710493,18.83666],[73.710251,18.835319],[73.710023,18.835278],[73.710019,18.834785],[73.709782,18.834716],[73.709536,18.834263],[73.709424,18.833203],[73.708739,18.831385],[73.708709,18.832999],[73.708929,18.834434],[73.708869,18.834654],[73.708563,18.83474],[73.708873,18.834956],[73.709024,18.835294],[73.709084,18.83684],[73.708115,18.837117],[73.70886,18.83761],[73.708929,18.838842],[73.709097,18.839135],[73.70886,18.839592],[73.708446,18.839371],[73.707968,18.838597],[73.707253,18.838348],[73.707184,18.838507],[73.706758,18.838642],[73.706857,18.839441],[73.706504,18.839771],[73.706008,18.839702],[73.705578,18.839094],[73.705293,18.839176],[73.705427,18.8396],[73.705194,18.839575],[73.704453,18.838674],[73.703643,18.837993],[73.703609,18.837455],[73.704212,18.837284],[73.703704,18.83686],[73.703648,18.836265],[73.703359,18.836134],[73.703036,18.835449],[73.703006,18.834867],[73.702713,18.83474],[73.702127,18.83538],[73.702299,18.836118],[73.701907,18.836416],[73.700921,18.836195],[73.70043,18.836628],[73.700189,18.836652],[73.700352,18.836913],[73.700146,18.836831],[73.700482,18.837182],[73.700762,18.838246],[73.700447,18.838246],[73.700503,18.838462],[73.700365,18.838585],[73.699138,18.838206],[73.698263,18.837496],[73.69797,18.837541],[73.698138,18.838556],[73.698569,18.839355],[73.698621,18.840073],[73.698552,18.840252],[73.698018,18.840505],[73.697531,18.840586],[73.696979,18.840419],[73.696019,18.839522],[73.695967,18.839074],[73.695605,18.8392],[73.695347,18.838634],[73.694929,18.838898],[73.69483,18.839249],[73.694468,18.839168],[73.694442,18.838678],[73.694343,18.838703],[73.6938,18.839314],[73.693818,18.839706],[73.6934,18.840305],[73.693094,18.840484],[73.69278,18.840403],[73.6925,18.84068],[73.69222,18.84055],[73.69225,18.840183],[73.691784,18.839885],[73.691263,18.839212],[73.691121,18.839298],[73.691289,18.839518],[73.691358,18.840118],[73.691005,18.840309],[73.691082,18.840802],[73.690764,18.840362],[73.690359,18.840627],[73.690509,18.841475],[73.689579,18.8411],[73.689562,18.840505],[73.689239,18.840505],[73.689174,18.840794],[73.689045,18.840806],[73.688416,18.840639],[73.687908,18.840244],[73.687731,18.840293],[73.687623,18.840452],[73.688511,18.841308],[73.688614,18.841716],[73.688463,18.841781],[73.687929,18.841491],[73.687774,18.841997],[73.686826,18.842176],[73.686564,18.842095],[73.686611,18.842237],[73.686447,18.84225],[73.686542,18.842478],[73.687451,18.843134],[73.68755,18.843909],[73.686943,18.843795],[73.684983,18.84256],[73.684509,18.842743],[73.68453,18.842947],[73.685198,18.843514],[73.685146,18.844235],[73.685551,18.844635],[73.68565,18.844953],[73.685452,18.845242],[73.684716,18.845328],[73.683858,18.845189],[73.683161,18.844806],[73.683019,18.844981],[73.682428,18.844708],[73.682312,18.844467],[73.681394,18.844084],[73.680559,18.844431],[73.680481,18.844512],[73.680804,18.844895],[73.682174,18.845438],[73.682204,18.845686],[73.681623,18.845348],[73.681506,18.845454],[73.682467,18.846074],[73.682209,18.846351],[73.680761,18.846604],[73.680356,18.846828],[73.682377,18.846746],[73.682812,18.84651],[73.683126,18.84653],[73.683281,18.847643],[73.683527,18.847721],[73.683876,18.84748],[73.684125,18.847521],[73.684436,18.848031],[73.68444,18.848569],[73.684647,18.848707],[73.684444,18.849066],[73.683945,18.849213],[73.683484,18.849576],[73.683992,18.8498],[73.684186,18.849686],[73.68416,18.849951],[73.684427,18.850061],[73.686568,18.849902],[73.68721,18.850236],[73.687184,18.850639],[73.686469,18.850876],[73.686185,18.851451],[73.685771,18.851699],[73.685159,18.851516],[73.684922,18.851854],[73.684716,18.851891],[73.684263,18.851638],[73.684621,18.852335],[73.684397,18.852963],[73.684569,18.853285],[73.684362,18.853652],[73.683695,18.854019],[73.683208,18.85388],[73.682583,18.853163],[73.682144,18.853106],[73.681597,18.851769],[73.681041,18.851532],[73.681476,18.852013],[73.681425,18.853057],[73.680611,18.8532],[73.680162,18.853497],[73.681196,18.853738],[73.681291,18.854068],[73.68111,18.854357],[73.681222,18.854834],[73.68105,18.855226],[73.6803,18.855368],[73.680175,18.856387],[73.680283,18.856844],[73.680033,18.857032],[73.679198,18.857113],[73.677716,18.856709],[73.677462,18.85644],[73.677406,18.856701],[73.67704,18.856762],[73.675726,18.8564],[73.676398,18.856832],[73.677638,18.85728],[73.678172,18.858002],[73.679357,18.858792],[73.677759,18.859324],[73.677061,18.859121],[73.67707,18.859479],[73.676837,18.859724],[73.677431,18.859748],[73.677836,18.85996],[73.678138,18.859895],[73.678362,18.860751],[73.67794,18.861232],[73.676501,18.862023],[73.676139,18.861958],[73.675441,18.861436],[73.675993,18.862316],[73.676027,18.862789],[73.67582,18.862952],[73.675502,18.862765],[73.675054,18.863686],[73.674709,18.863523],[73.674317,18.862989],[73.673438,18.861171],[73.673395,18.861762],[73.673214,18.861831],[73.671823,18.861248],[73.67315,18.862345],[73.673322,18.862687],[73.673275,18.863246],[73.672719,18.863213],[73.672224,18.863491],[73.671688,18.863341],[73.671487,18.863496],[73.673029,18.86426],[73.673405,18.864993],[73.67326,18.865466],[73.671742,18.865682],[73.671366,18.865588],[73.67058,18.865034],[73.670824,18.865915],[73.670599,18.866407],[73.670937,18.866803],[73.670475,18.867448],[73.671623,18.867189],[73.671699,18.867499],[73.670572,18.868448],[73.670046,18.868692],[73.669655,18.868656],[73.669349,18.869098],[73.669145,18.869006],[73.669177,18.868839],[73.669537,18.868199],[73.668153,18.868605],[73.668013,18.868402],[73.667994,18.867095],[73.668241,18.866697],[73.668091,18.866446],[73.668311,18.866209],[73.668061,18.866171],[73.667774,18.865841],[73.667348,18.865222],[73.66737,18.865001],[73.667211,18.865024],[73.666635,18.866321],[73.665967,18.866336],[73.665774,18.865892],[73.665395,18.865963],[73.665138,18.866336],[73.665157,18.866915],[73.664387,18.866618],[73.663673,18.866722],[73.663252,18.866623],[73.66314,18.866311],[73.663502,18.86559],[73.663491,18.865286],[73.66288,18.864788],[73.662783,18.864524],[73.662783,18.863737],[73.663142,18.863072],[73.662965,18.863022],[73.662627,18.863108],[73.66201,18.863712],[73.66185,18.864169],[73.661603,18.864225],[73.66163,18.864448],[73.661426,18.864413],[73.661313,18.863753],[73.661002,18.863341],[73.660878,18.863402],[73.660986,18.863798],[73.660707,18.863636],[73.660128,18.863621],[73.660642,18.86425],[73.660653,18.864737],[73.659693,18.864935],[73.659312,18.864717],[73.659151,18.864864],[73.659248,18.865291],[73.659414,18.865341],[73.660787,18.86525],[73.661732,18.865641],[73.66185,18.865834],[73.661694,18.867235],[73.661141,18.867616],[73.661866,18.867814],[73.66245,18.86827],[73.663598,18.868641],[73.663979,18.869377],[73.663984,18.869956],[73.663781,18.870113],[73.662531,18.87021],[73.661597,18.869473],[73.661249,18.869809],[73.660712,18.869905],[73.660031,18.870276],[73.659784,18.870174],[73.659768,18.870504],[73.659602,18.87058],[73.658625,18.87024],[73.657537,18.87056],[73.657579,18.870824],[73.658073,18.870707],[73.658545,18.870814],[73.659226,18.871265],[73.66119,18.871397],[73.661796,18.871682],[73.661892,18.871991],[73.659226,18.873615],[73.657917,18.874083],[73.656651,18.874067],[73.655675,18.873803],[73.656013,18.874311],[73.656887,18.8746],[73.65693,18.874976],[73.656528,18.875352],[73.655514,18.875819],[73.654371,18.876595],[73.65391,18.876646],[73.653669,18.876976],[73.653213,18.877189],[73.653272,18.877382],[73.656093,18.87626],[73.656394,18.876265],[73.656625,18.876702],[73.65663,18.876199],[73.656796,18.875981],[73.65692,18.876042],[73.657864,18.875549],[73.658169,18.875839],[73.658556,18.87591],[73.658894,18.875392],[73.659999,18.87462],[73.663325,18.873367],[73.663706,18.873407],[73.663834,18.873879],[73.664349,18.873945],[73.664435,18.874377],[73.66347,18.875057],[73.663232,18.8754],[73.662789,18.875544],[73.661803,18.876448],[73.661008,18.876894],[73.659909,18.87855],[73.659529,18.878772],[73.65907,18.878654],[73.65897,18.878846],[73.659347,18.87932],[73.658729,18.88008],[73.657751,18.880874],[73.659293,18.880004],[73.659983,18.879733],[73.660312,18.879829],[73.660969,18.882768],[73.660554,18.883961],[73.659305,18.884502],[73.656991,18.88478],[73.656744,18.885106],[73.656188,18.885369],[73.655886,18.885376],[73.655538,18.885132],[73.654931,18.885469],[73.654348,18.885287],[73.654265,18.886599],[73.65374,18.886825],[73.65295,18.886777],[73.652938,18.886914],[73.653337,18.887199],[73.654406,18.887533],[73.655131,18.888003],[73.655969,18.888963],[73.655875,18.8895],[73.655503,18.889715],[73.65342,18.889636],[73.653234,18.890037],[73.654034,18.890215],[73.655182,18.890856],[73.657076,18.89116],[73.65733,18.891327],[73.657386,18.891603],[73.655183,18.891814],[73.652709,18.893035],[73.65193,18.892918],[73.651498,18.892571],[73.651064,18.892948],[73.651013,18.893475],[73.650715,18.893822],[73.649029,18.894446],[73.647671,18.894365],[73.646421,18.893587],[73.646276,18.893791],[73.645893,18.893831],[73.645677,18.892772],[73.645501,18.892798],[73.644871,18.892998],[73.644585,18.893846],[73.643927,18.894565],[73.643265,18.894672],[73.642803,18.894406],[73.642658,18.895221],[73.642447,18.895336],[73.640363,18.894472],[73.640132,18.894032],[73.640042,18.892764],[73.639839,18.892301],[73.639537,18.89236],[73.639584,18.892783],[73.639361,18.892898],[73.639094,18.893768],[73.63886,18.894057],[73.638644,18.89425],[73.638069,18.894054],[73.637231,18.893353],[73.636866,18.892557],[73.636279,18.891997],[73.636005,18.89069],[73.63541,18.890141],[73.63537,18.889734],[73.635194,18.889689],[73.634583,18.8902],[73.633965,18.890026],[73.633608,18.890263],[73.634936,18.890549],[73.63521,18.890819],[73.634834,18.892053],[73.635194,18.892286],[73.63548,18.892757],[73.635966,18.894561],[73.635926,18.895147],[73.636306,18.895436],[73.636271,18.895747],[73.635648,18.896577],[73.635539,18.898089],[73.634907,18.89847],[73.634445,18.898311],[73.633919,18.897834],[73.633088,18.897585],[73.632447,18.897058],[73.632184,18.89662],[73.630806,18.896888],[73.630323,18.896252],[73.630217,18.895655],[73.629923,18.895884],[73.629649,18.895824],[73.627389,18.89461],[73.62722,18.895754],[73.62782,18.895943],[73.629061,18.896769],[73.629145,18.897366],[73.629565,18.897774],[73.629828,18.8986],[73.629734,18.898868],[73.628966,18.899067],[73.629828,18.899316],[73.630175,18.899624],[73.629933,18.9004],[73.629124,18.901097],[73.629197,18.901196],[73.629565,18.901037],[73.629839,18.901206],[73.63007,18.902151],[73.631132,18.903176],[73.631017,18.903275],[73.63129,18.903604],[73.631279,18.904151],[73.631879,18.903544],[73.63232,18.903405],[73.63292,18.903584],[73.633582,18.90428],[73.633572,18.907334],[73.633372,18.907613],[73.632825,18.907762],[73.631153,18.906807],[73.630365,18.906698],[73.629271,18.907384],[73.628251,18.908369],[73.62763,18.908438],[73.627168,18.907961],[73.626936,18.908001],[73.627136,18.90817],[73.627168,18.908866],[73.626737,18.909573],[73.626569,18.909672],[73.62517,18.909533],[73.62436,18.909901],[73.624486,18.910169],[73.623656,18.910249],[73.624129,18.910677],[73.62436,18.911124],[73.62517,18.911323],[73.625128,18.911771],[73.624886,18.912169],[73.624634,18.912378],[73.624707,18.911851],[73.624623,18.911691],[73.624402,18.911761],[73.624245,18.912726],[73.623624,18.913243],[73.623161,18.913412],[73.622289,18.913323],[73.622099,18.913582],[73.620848,18.914059],[73.620711,18.91581],[73.6215,18.916427],[73.621353,18.916974],[73.620859,18.917292],[73.620059,18.917521],[73.61845,18.917511],[73.617357,18.917959],[73.616999,18.917859],[73.616631,18.918526],[73.616737,18.918804],[73.616484,18.918903],[73.616568,18.919152],[73.616758,18.919083],[73.617136,18.919381],[73.616915,18.920455],[73.616842,18.920575],[73.616063,18.920167],[73.616032,18.920535],[73.616558,18.920973],[73.616106,18.92145],[73.615433,18.921758],[73.615022,18.921301],[73.614602,18.92137],[73.614854,18.921052],[73.614108,18.920455],[73.613866,18.920426],[73.613435,18.920664],[73.612867,18.920595],[73.612877,18.920724],[73.613393,18.920883],[73.614223,18.920774],[73.61436,18.921699],[73.615086,18.922057],[73.615149,18.922226],[73.615065,18.922644],[73.613971,18.92343],[73.613393,18.924384],[73.61313,18.925011],[73.613193,18.926745],[73.613759,18.926899],[73.613922,18.926745],[73.614591,18.927012],[73.61565,18.92799],[73.615597,18.928207]],[[73.671865,18.886503],[73.670636,18.885173],[73.67084,18.884813],[73.671436,18.884864],[73.67164,18.88531],[73.672047,18.885569],[73.672342,18.886346],[73.671865,18.886503]]]]}},{"type":"Feature","properties":{"id":"wb_chaskaman","name":"Chaskaman Reservoir","district":"Pune","kind":"reservoir","tier":1,"drinking_water":false,"urban":false,"source":"osm","osm_id":"way/215353870","osm_name":"Chaskaman"},"geometry":{"type":"MultiPolygon","coordinates":[[[[73.725332,18.99875],[73.725,18.99875],[73.7245,18.998],[73.724,18.99825],[73.72425,18.99875],[73.724,18.99925],[73.72325,18.99975],[73.723,18.9995],[73.72225,18.9995],[73.7215,19.0015],[73.72225,19.00175],[73.7225,19.002],[73.71975,19.003],[73.72,19.00325],[73.71875,19.00425],[73.71875,19.00475],[73.7175,19.0055],[73.718,19.00625],[73.71725,19.00725],[73.7175,19.00825],[73.71675,19.01],[73.71275,19.01],[73.71075,19.01075],[73.71075,19.01125],[73.71,19.01075],[73.70975,19.012],[73.709,19.0135],[73.7075,19.01225],[73.708,19.01175],[73.70775,19.0115],[73.707,19.012],[73.707,19.0115],[73.70675,19.011],[73.70625,19.012],[73.70325,19.01075],[73.703,19.0105],[73.7025,19.01075],[73.70325,19.0115],[73.703,19.01175],[73.70225,19.01125],[73.70125,19.01175],[73.70025,19.0125],[73.6985,19.01125],[73.6965,19.01125],[73.69575,19.011],[73.69375,19.0145],[73.6945,19.015],[73.69475,19.01675],[73.69425,19.01725],[73.687314,19.014524],[73.686853,19.01409],[73.680947,19.014187],[73.680392,19.013847],[73.6795,19.01475],[73.67925,19.0145],[73.67875,19.01475],[73.6785,19.01625],[73.67775,19.017],[73.677,19.01725],[73.677,19.0185],[73.67775,19.019],[73.678,19.0195],[73.6765,19.02075],[73.67475,19.02075],[73.674,19.02025],[73.67275,19.021],[73.67225,19.02075],[73.6705,19.01875],[73.67025,19.016],[73.66825,19.01675],[73.669,19.017],[73.66875,19.0175],[73.66775,19.01775],[73.66575,19.01725],[73.66475,19.01675],[73.6645,19.01625],[73.66425,19.0165],[73.66425,19.016],[73.664,19.01575],[73.662,19.01575],[73.6605,19.01725],[73.65925,19.01675],[73.65625,19.01675],[73.65425,19.0195],[73.65225,19.02025],[73.65175,19.021],[73.64925,19.021],[73.64875,19.0215],[73.64825,19.0215],[73.645,19.02275],[73.64525,19.0235],[73.647,19.0225],[73.6485,19.02225],[73.64875,19.022],[73.64875,19.0225],[73.649,19.02275],[73.6495,19.02175],[73.65,19.02175],[73.6505,19.0225],[73.65125,19.02175],[73.6525,19.02175],[73.654,19.02125],[73.6545,19.02],[73.65775,19.0175],[73.6585,19.018],[73.65925,19.01775],[73.65975,19.018],[73.6605,19.0195],[73.66325,19.017],[73.666,19.019],[73.6665,19.0185],[73.667,19.0185],[73.66675,19.019],[73.667,19.0195],[73.66825,19.0185],[73.67,19.01975],[73.671,19.022],[73.67175,19.02175],[73.673,19.0225],[73.67375,19.022],[73.6765,19.02175],[73.677,19.0215],[73.67725,19.022],[73.67925,19.0195],[73.6805,19.01625],[73.6805,19.01575],[73.681,19.01575],[73.6815,19.01675],[73.6815,19.0155],[73.6825,19.016],[73.68375,19.015],[73.68425,19.0155],[73.6875,19.0155],[73.68725,19.01675],[73.68825,19.01675],[73.68875,19.0165],[73.688,19.01825],[73.68825,19.0185],[73.689,19.018],[73.68975,19.0185],[73.69075,19.01825],[73.691,19.019],[73.6915,19.0185],[73.69175,19.01875],[73.692,19.0195],[73.6925,19.01875],[73.69325,19.01975],[73.694,19.019],[73.69475,19.0195],[73.69525,19.0195],[73.69575,19.01775],[73.697,19.0175],[73.696,19.0145],[73.69625,19.01375],[73.697,19.01325],[73.699,19.014],[73.69925,19.0145],[73.70175,19.0145],[73.702,19.01575],[73.70225,19.016],[73.70275,19.015],[73.704,19.01425],[73.7055,19.015],[73.70625,19.01475],[73.70575,19.0155],[73.706,19.016],[73.70775,19.01575],[73.70825,19.0165],[73.70925,19.01725],[73.71125,19.016],[73.71175,19.0165],[73.712,19.01525],[73.712425,19.015039],[73.712801,19.01494],[73.71325,19.0155],[73.713584,19.015202],[73.713562,19.014289],[73.713219,19.013376],[73.713198,19.012848],[73.713455,19.012077],[73.713788,19.011958],[73.714163,19.012605],[73.715547,19.012526],[73.715837,19.01299],[73.716352,19.013355],[73.717146,19.013031],[73.717714,19.013621],[73.718133,19.013518],[73.718337,19.013723],[73.71839,19.013295],[73.718154,19.013254],[73.71779,19.012747],[73.718455,19.012686],[73.719785,19.013538],[73.720397,19.013642],[73.720633,19.01354],[73.721041,19.014108],[73.722371,19.01421],[73.722285,19.013804],[73.72162,19.013865],[73.721212,19.013723],[73.720869,19.012952],[73.720343,19.012869],[73.719635,19.011408],[73.719828,19.011002],[73.720558,19.011854],[73.720686,19.011428],[73.721255,19.011633],[73.721416,19.011388],[73.720879,19.011205],[73.720665,19.01082],[73.720858,19.010353],[73.72045,19.010252],[73.720515,19.010049],[73.72103,19.009765],[73.720858,19.009136],[73.720879,19.007614],[73.72177,19.007332],[73.721824,19.007066],[73.722231,19.006965],[73.722446,19.0066],[73.722682,19.006519],[73.723412,19.006661],[73.723873,19.007048],[73.724055,19.006843],[73.724098,19.006113],[73.724334,19.00589],[73.724399,19.005443],[73.724506,19.005342],[73.724678,19.005768],[73.724721,19.005322],[73.725075,19.005324],[73.724978,19.005017],[73.725343,19.00447],[73.725064,19.004287],[73.725042,19.003133],[73.725525,19.002483],[73.725525,19.00224],[73.726083,19.002139],[73.72633,19.001812],[73.726544,19.001822],[73.727124,19.002676],[73.727124,19.002157],[73.727606,19.002281],[73.727724,19.00239],[73.727617,19.002847],[73.727843,19.002869],[73.728046,19.002593],[73.728111,19.001986],[73.727767,19.001226],[73.7281,19.000982],[73.728712,19.001499],[73.728476,19.001132],[73.728679,19.000525],[73.728862,19.000412],[73.729184,19.000615],[73.729398,19.002045],[73.729613,19.00227],[73.729591,19.001976],[73.729784,19.001954],[73.729795,19.001802],[73.729656,19.000736],[73.730214,19.001163],[73.731372,19.001266],[73.73163,19.001601],[73.731812,19.001296],[73.730514,19.000706],[73.730557,19.000221],[73.730278,19.000199],[73.730214,18.999998],[73.730675,18.999935],[73.730696,18.999805],[73.730342,18.999326],[73.730643,18.999083],[73.730857,18.999146],[73.730954,18.999377],[73.731168,18.999235],[73.73119,18.99874],[73.731394,18.998517],[73.732274,18.998923],[73.732832,18.998789],[73.73267,18.998505],[73.732714,18.998142],[73.733121,18.997744],[73.733475,18.997847],[73.733851,18.997736],[73.73369,18.99735],[73.73399,18.997054],[73.734183,18.996366],[73.734527,18.996326],[73.735321,18.996833],[73.735567,18.996689],[73.736275,18.995463],[73.736479,18.995461],[73.736919,18.996032],[73.736812,18.994863],[73.737016,18.994439],[73.737359,18.994406],[73.737595,18.994104],[73.737574,18.993678],[73.738078,18.993727],[73.73855,18.994043],[73.738754,18.994703],[73.739247,18.994642],[73.739365,18.994753],[73.739419,18.995605],[73.73988,18.994794],[73.740224,18.994571],[73.740535,18.994662],[73.740492,18.995017],[73.740728,18.995047],[73.741554,18.994794],[73.74252,18.994865],[73.742691,18.995068],[73.742927,18.994885],[73.741962,18.993566],[73.740943,18.993475],[73.740578,18.993282],[73.740438,18.992917],[73.74076,18.991678],[73.741243,18.991639],[73.741554,18.990846],[73.7412,18.989932],[73.740846,18.989496],[73.740524,18.989255],[73.740213,18.989364],[73.73929,18.988778],[73.739194,18.988878],[73.738883,18.988431],[73.739076,18.987774],[73.739591,18.987185],[73.739569,18.986919],[73.739795,18.986911],[73.739934,18.987153],[73.740427,18.987084],[73.740631,18.987378],[73.741415,18.987804],[73.741243,18.988959],[73.741597,18.989356],[73.741382,18.989588],[73.742391,18.989742],[73.742917,18.989486],[73.74311,18.990036],[73.743646,18.989772],[73.74415,18.990077],[73.744204,18.990685],[73.743989,18.991061],[73.744665,18.99169],[73.745577,18.992126],[73.745738,18.992684],[73.746167,18.992775],[73.746425,18.993161],[73.746382,18.993759],[73.746575,18.993597],[73.746736,18.993759],[73.746758,18.993211],[73.746983,18.992674],[73.746693,18.992268],[73.746071,18.992309],[73.745974,18.992085],[73.746618,18.990929],[73.746843,18.990807],[73.747004,18.990422],[73.747369,18.990462],[73.747605,18.990969],[73.748367,18.991],[73.748528,18.991436],[73.748474,18.991811],[73.748624,18.992014],[73.748871,18.991953],[73.749322,18.991649],[73.749268,18.991456],[73.748957,18.991335],[73.749193,18.990503],[73.748678,18.990097],[73.748796,18.98963],[73.749504,18.989356],[73.749386,18.9889],[73.748807,18.988403],[73.74797,18.988281],[73.747788,18.987774],[73.747219,18.987155],[73.747069,18.9868],[73.747294,18.986252],[73.746876,18.98545],[73.746865,18.985075],[73.747208,18.984659],[73.749332,18.987591],[73.750491,18.987459],[73.75106,18.987266],[73.751489,18.986861],[73.751446,18.986363],[73.751607,18.985866],[73.752433,18.985623],[73.753088,18.983736],[73.753141,18.982924],[73.753291,18.982671],[73.753892,18.982486],[73.754697,18.982742],[73.756338,18.983959],[73.757014,18.983249],[73.757325,18.983168],[73.757733,18.983381],[73.758506,18.98333],[73.758731,18.983675],[73.75901,18.983787],[73.75901,18.984507],[73.759257,18.984253],[73.759739,18.984284],[73.759933,18.984395],[73.759986,18.984974],[73.760372,18.984608],[73.761241,18.984548],[73.761638,18.985116],[73.761574,18.985775],[73.762014,18.986171],[73.76196,18.986698],[73.762347,18.98685],[73.762411,18.986658],[73.762733,18.986617],[73.762615,18.986455],[73.762883,18.986455],[73.763763,18.986932],[73.764181,18.987469],[73.764793,18.987642],[73.763773,18.98613],[73.763612,18.985552],[73.763055,18.985136],[73.762432,18.984274],[73.762379,18.983685],[73.761971,18.982772],[73.762046,18.982387],[73.762604,18.98193],[73.762851,18.981585],[73.763022,18.980875],[73.763237,18.980743],[73.763183,18.979505],[73.763398,18.977243],[73.763838,18.977202],[73.764664,18.977659],[73.765887,18.977537],[73.766617,18.977709],[73.76784,18.97847],[73.769674,18.979323],[73.7699,18.979495],[73.769556,18.98051],[73.770168,18.979505],[73.770468,18.979292],[73.770715,18.979607],[73.771251,18.979495],[73.771563,18.979647],[73.772636,18.979069],[73.773462,18.978876],[73.77726,18.975589],[73.778579,18.97494],[73.779813,18.974757],[73.780693,18.975843],[73.780907,18.976319],[73.780811,18.976817],[73.780371,18.977922],[73.779459,18.979028],[73.779749,18.97913],[73.779588,18.979444],[73.778955,18.979637],[73.778504,18.980124],[73.778365,18.980763],[73.777946,18.981291],[73.778204,18.982143],[73.777528,18.982985],[73.777785,18.983513],[73.778064,18.983513],[73.777828,18.982985],[73.778451,18.982194],[73.778236,18.981321],[73.778579,18.980875],[73.778708,18.980997],[73.778944,18.980144],[73.779126,18.980246],[73.779448,18.980002],[73.779513,18.980226],[73.779706,18.979982],[73.780146,18.979962],[73.779856,18.98057],[73.780167,18.980297],[73.780317,18.980479],[73.780274,18.980956],[73.780478,18.980814],[73.780328,18.979921],[73.7808,18.979211],[73.780897,18.979729],[73.781165,18.979759],[73.781304,18.979475],[73.781894,18.979363],[73.781573,18.978998],[73.783815,18.978998],[73.784502,18.978815],[73.785167,18.978004],[73.785403,18.976746],[73.785918,18.976999],[73.785918,18.977273],[73.7864,18.977557],[73.787216,18.977314],[73.787548,18.977679],[73.78801,18.977882],[73.788117,18.977243],[73.788418,18.977243],[73.789104,18.978734],[73.789329,18.978531],[73.790306,18.979079],[73.790381,18.978998],[73.789866,18.97847],[73.78934,18.976502],[73.789222,18.976431],[73.788986,18.976827],[73.788578,18.976817],[73.78846,18.976705],[73.788707,18.976208],[73.788536,18.976137],[73.788418,18.976482],[73.787452,18.975934],[73.787109,18.975477],[73.787548,18.975041],[73.787119,18.974615],[73.786883,18.974585],[73.786551,18.973834],[73.786004,18.973448],[73.785843,18.973154],[73.785424,18.970699],[73.785607,18.970242],[73.785875,18.97012],[73.785574,18.970141],[73.78536,18.969938],[73.785564,18.969146],[73.785113,18.968548],[73.785424,18.968365],[73.785403,18.968051],[73.785821,18.967888],[73.785714,18.967553],[73.786132,18.96732],[73.785928,18.966955],[73.785864,18.966092],[73.785617,18.966224],[73.78522,18.965626],[73.784748,18.965443],[73.784287,18.96472],[73.784469,18.964296],[73.784909,18.96398],[73.785628,18.963515],[73.78625,18.963353],[73.783203,18.955467],[73.77683,18.957121],[73.776315,18.956948],[73.775575,18.957537],[73.774459,18.958016],[73.774052,18.95849],[73.772711,18.959264],[73.772389,18.959333],[73.772035,18.959193],[73.771777,18.959322],[73.771917,18.959525],[73.771573,18.959708],[73.771766,18.959944],[73.77152,18.960165],[73.77167,18.960459],[73.771573,18.960631],[73.771756,18.960784],[73.771702,18.961342],[73.772668,18.963503],[73.772764,18.964426],[73.773322,18.965159],[73.77314,18.96537],[73.771831,18.964974],[73.770404,18.965238],[73.769739,18.965837],[73.768891,18.965857],[73.768859,18.965646],[73.768344,18.965634],[73.767947,18.965199],[73.767217,18.965076],[73.764889,18.964122],[73.764632,18.963677],[73.76431,18.96383],[73.763537,18.963117],[73.763494,18.962752],[73.763076,18.962925],[73.762797,18.962277],[73.762411,18.961993],[73.762368,18.961717],[73.762068,18.96181],[73.76254,18.963138],[73.762582,18.964347],[73.762057,18.964651],[73.761821,18.96539],[73.761284,18.965329],[73.761799,18.965816],[73.762186,18.967044],[73.761917,18.967198],[73.759911,18.967348],[73.759053,18.967724],[73.757991,18.967805],[73.756338,18.968477],[73.755995,18.968769],[73.755577,18.969997],[73.753742,18.97166],[73.751918,18.971569],[73.7515,18.971784],[73.751092,18.971387],[73.750255,18.971305],[73.749214,18.970607],[73.749,18.970271],[73.748635,18.97025],[73.748109,18.96942],[73.747541,18.969438],[73.747498,18.969763],[73.748184,18.971356],[73.747015,18.971752],[73.746436,18.971236],[73.746124,18.971153],[73.74665,18.97215],[73.746489,18.972839],[73.746296,18.973426],[73.745996,18.97374],[73.745652,18.974846],[73.745116,18.975506],[73.745148,18.975709],[73.744783,18.976003],[73.744376,18.975741],[73.744043,18.977708],[73.743593,18.978884],[73.744215,18.978937],[73.744354,18.979128],[73.74356,18.980682],[73.742917,18.981421],[73.74297,18.982131],[73.742348,18.982265],[73.74223,18.981877],[73.741929,18.981877],[73.741221,18.982192],[73.740309,18.981918],[73.739559,18.982407],[73.738883,18.982516],[73.738571,18.982851],[73.737541,18.982872],[73.737724,18.983249],[73.737606,18.983561],[73.73737,18.983685],[73.737391,18.983409],[73.737177,18.983369],[73.73693,18.983026],[73.736705,18.983054],[73.73561,18.984748],[73.735374,18.985491],[73.735009,18.985724],[73.734527,18.985785],[73.734226,18.984444],[73.733475,18.983411],[73.733464,18.983076],[73.732209,18.981958],[73.731147,18.981492],[73.731072,18.981268],[73.730203,18.981299],[73.730138,18.981035],[73.729817,18.980964],[73.729752,18.98066],[73.729055,18.980378],[73.728079,18.980376],[73.727596,18.979678],[73.727381,18.979726],[73.727317,18.980254],[73.727124,18.980497],[73.726598,18.980713],[73.726362,18.980345],[73.726008,18.980315],[73.725815,18.980082],[73.725525,18.980092],[73.725418,18.980427],[73.725096,18.980325],[73.725675,18.981106],[73.725064,18.981654],[73.72442,18.981806],[73.72383,18.980345],[73.723077,18.980694],[73.723334,18.984265],[73.722958,18.984562],[73.723301,18.985287],[73.723479,18.985424],[73.723809,18.985177],[73.723776,18.984769],[73.723969,18.984586],[73.72486,18.984333],[73.727049,18.984779],[73.727682,18.985418],[73.728872,18.98558],[73.729141,18.985996],[73.729109,18.986382],[73.729506,18.987508],[73.729817,18.987721],[73.730235,18.987652],[73.73031,18.988015],[73.73002,18.988147],[73.729978,18.988685],[73.730546,18.98904],[73.731346,18.990318],[73.732177,18.990229],[73.733379,18.991008],[73.733314,18.991272],[73.733003,18.991373],[73.733025,18.991566],[73.732606,18.991698],[73.732703,18.991951],[73.732091,18.992296],[73.732338,18.992582],[73.732188,18.993037],[73.731791,18.992976],[73.731973,18.993463],[73.73148,18.993422],[73.731394,18.993668],[73.731608,18.99383],[73.731673,18.994335],[73.731244,18.994794],[73.730536,18.995117],[73.730128,18.995045],[73.730031,18.995188],[73.730353,18.995593],[73.729591,18.996052],[73.729173,18.995636],[73.729398,18.996395],[73.729087,18.996488],[73.728143,18.995715],[73.728647,18.996478],[73.728551,18.997016],[73.728207,18.997452],[73.727649,18.997229],[73.727649,18.997582],[73.727456,18.997858],[73.727735,18.998282],[73.727371,18.999002],[73.726641,18.999326],[73.726469,18.998992],[73.726212,18.999215],[73.725858,18.999215],[73.725375,18.99802],[73.725107,18.997906],[73.725332,18.99875]]]]}},{"type":"Feature","properties":{"id":"wb_shirota","name":"Shirota (Shirawta) Reservoir","district":"Pune","kind":"reservoir","tier":1,"drinking_water":false,"urban":false,"source":"osm","osm_id":"relation/1894396","osm_name":"Shirota  Lake"},"geometry":{"type":"MultiPolygon","coordinates":[[[[73.424335,18.833251],[73.424957,18.832825],[73.424849,18.832642],[73.424699,18.832825],[73.424871,18.832541],[73.424742,18.832297],[73.424914,18.832297],[73.424914,18.831972],[73.425257,18.831525],[73.425043,18.831403],[73.424871,18.830753],[73.425043,18.830266],[73.425085,18.828885],[73.425236,18.828702],[73.425965,18.828946],[73.426201,18.828844],[73.425901,18.82856],[73.42603,18.827951],[73.425643,18.827585],[73.425794,18.827321],[73.426115,18.827179],[73.426309,18.826793],[73.42648,18.827118],[73.426695,18.826956],[73.426909,18.827402],[73.427124,18.827321],[73.427532,18.826732],[73.427617,18.826407],[73.427489,18.826245],[73.427854,18.825778],[73.428111,18.825778],[73.428755,18.825168],[73.429098,18.825371],[73.42927,18.825168],[73.42957,18.82525],[73.430128,18.824965],[73.430364,18.824498],[73.430815,18.824356],[73.431115,18.82395],[73.43133,18.824112],[73.431609,18.824011],[73.43148,18.824742],[73.43163,18.824965],[73.432145,18.824884],[73.432574,18.825128],[73.432832,18.825046],[73.433111,18.824214],[73.43281,18.823929],[73.43296,18.823706],[73.433239,18.823645],[73.433454,18.822792],[73.434205,18.822081],[73.434484,18.822223],[73.434548,18.822447],[73.435492,18.822081],[73.436265,18.821228],[73.436694,18.821025],[73.437038,18.820984],[73.437381,18.821309],[73.438196,18.821391],[73.438754,18.821797],[73.439462,18.821858],[73.439376,18.822426],[73.439591,18.822589],[73.439462,18.823604],[73.439033,18.824498],[73.439226,18.824762],[73.43957,18.824721],[73.439741,18.824965],[73.439977,18.824457],[73.440299,18.824478],[73.440814,18.824762],[73.441114,18.824721],[73.441157,18.824965],[73.441458,18.824884],[73.442102,18.825087],[73.443046,18.825087],[73.443732,18.824234],[73.443947,18.824315],[73.444269,18.824011],[73.444355,18.823686],[73.444762,18.823218],[73.44502,18.823137],[73.445427,18.821736],[73.445256,18.821411],[73.445535,18.821106],[73.445921,18.821025],[73.446936,18.822507],[73.447337,18.822569],[73.447801,18.823208],[73.448925,18.822609],[73.449161,18.822751],[73.44912,18.823169],[73.449483,18.823726],[73.448804,18.824627],[73.448839,18.825656],[73.44856,18.82592],[73.44856,18.826204],[73.44826,18.826326],[73.44826,18.826935],[73.44856,18.826976],[73.44871,18.827199],[73.450255,18.827281],[73.450513,18.827727],[73.451242,18.827605],[73.451371,18.828052],[73.451972,18.827687],[73.452487,18.828052],[73.452744,18.827971],[73.453066,18.828276],[73.453131,18.82858],[73.45326,18.828499],[73.453517,18.828865],[73.453732,18.828865],[73.454225,18.828601],[73.454568,18.827869],[73.455448,18.827159],[73.455427,18.827382],[73.45562,18.827565],[73.456264,18.827362],[73.456607,18.826712],[73.457165,18.826468],[73.457551,18.826509],[73.457594,18.826306],[73.458259,18.826529],[73.458238,18.826915],[73.458838,18.826712],[73.459332,18.825757],[73.460104,18.824823],[73.461027,18.824193],[73.461885,18.82399],[73.462014,18.823828],[73.4624,18.823909],[73.462572,18.823625],[73.46283,18.823706],[73.462958,18.823584],[73.462937,18.823726],[73.463173,18.823868],[73.46343,18.823665],[73.463645,18.823787],[73.463538,18.823523],[73.463666,18.823239],[73.463559,18.82334],[73.463495,18.823239],[73.464074,18.823218],[73.464139,18.823036],[73.463924,18.822873],[73.464074,18.822731],[73.464246,18.822609],[73.464589,18.82269],[73.464954,18.822426],[73.46504,18.821858],[73.464911,18.821776],[73.465083,18.821655],[73.464954,18.821614],[73.464997,18.821126],[73.464611,18.819908],[73.464739,18.819705],[73.464739,18.818933],[73.465018,18.818588],[73.465061,18.818994],[73.465405,18.818953],[73.465919,18.819441],[73.466649,18.819603],[73.467679,18.820294],[73.468173,18.821126],[73.46873,18.821451],[73.468537,18.821594],[73.469868,18.821391],[73.470597,18.821066],[73.471112,18.820619],[73.471713,18.820659],[73.471756,18.820863],[73.472185,18.821066],[73.472357,18.820984],[73.4724,18.821188],[73.472614,18.821228],[73.472571,18.821025],[73.473043,18.821025],[73.473902,18.820538],[73.474374,18.820659],[73.47506,18.819969],[73.47549,18.820294],[73.475833,18.819969],[73.476048,18.820416],[73.476198,18.820314],[73.476112,18.820111],[73.476262,18.820091],[73.476541,18.820233],[73.476648,18.820578],[73.478193,18.820334],[73.478386,18.820477],[73.478365,18.820741],[73.47918,18.820538],[73.478987,18.820395],[73.479095,18.820253],[73.479438,18.820375],[73.479352,18.820091],[73.479438,18.820213],[73.480253,18.820213],[73.480425,18.819969],[73.480682,18.819969],[73.481118,18.819546],[73.478907,18.800168],[73.478365,18.79986],[73.477893,18.799901],[73.477206,18.799535],[73.476691,18.799738],[73.475962,18.799616],[73.47579,18.799738],[73.475769,18.799515],[73.475897,18.799474],[73.475726,18.799353],[73.47579,18.798966],[73.475189,18.799657],[73.473516,18.800388],[73.472786,18.800429],[73.472443,18.799941],[73.471971,18.800104],[73.471649,18.799962],[73.471627,18.799779],[73.470984,18.79986],[73.471091,18.800124],[73.470941,18.800266],[73.470426,18.800226],[73.469782,18.80047],[73.468838,18.801323],[73.468022,18.801363],[73.467121,18.800673],[73.466435,18.800632],[73.465962,18.801038],[73.465748,18.800754],[73.465254,18.800571],[73.465362,18.800023],[73.464718,18.800023],[73.464203,18.80047],[73.463645,18.80047],[73.463602,18.800632],[73.462915,18.800916],[73.462701,18.800591],[73.462572,18.800795],[73.462186,18.800673],[73.461692,18.801831],[73.461993,18.802196],[73.461821,18.802968],[73.461263,18.803781],[73.461177,18.80439],[73.460598,18.80506],[73.460019,18.804877],[73.459847,18.804106],[73.459482,18.804004],[73.459311,18.803598],[73.458838,18.803598],[73.458366,18.803313],[73.457165,18.804735],[73.456693,18.804938],[73.456435,18.804817],[73.456006,18.804898],[73.455663,18.805223],[73.455062,18.804938],[73.454804,18.805101],[73.454075,18.804938],[73.45401,18.804715],[73.454268,18.804187],[73.45386,18.804451],[73.45356,18.804207],[73.45326,18.804248],[73.453023,18.803699],[73.453152,18.803577],[73.452659,18.803679],[73.452444,18.803313],[73.451929,18.803679],[73.451672,18.803151],[73.451285,18.803313],[73.451028,18.80311],[73.45062,18.80374],[73.450384,18.803842],[73.450213,18.803232],[73.449612,18.803801],[73.449311,18.803882],[73.449032,18.80374],[73.449011,18.803232],[73.448539,18.803435],[73.448195,18.803395],[73.447959,18.803577],[73.448431,18.803943],[73.447938,18.803963],[73.447895,18.80441],[73.447509,18.804004],[73.447165,18.804288],[73.446844,18.804309],[73.446758,18.804674],[73.446972,18.805121],[73.446715,18.805406],[73.446844,18.806056],[73.446586,18.806218],[73.446372,18.807031],[73.446543,18.807153],[73.446286,18.807234],[73.4462,18.807762],[73.44635,18.807863],[73.44635,18.807741],[73.446651,18.807741],[73.446758,18.808046],[73.446221,18.808473],[73.445578,18.808473],[73.445642,18.808777],[73.445299,18.809021],[73.445063,18.809488],[73.444333,18.809163],[73.443925,18.809956],[73.442016,18.811519],[73.441114,18.811519],[73.440943,18.811154],[73.440599,18.811194],[73.440363,18.81093],[73.440363,18.810687],[73.439891,18.810281],[73.439612,18.809529],[73.439226,18.809854],[73.438668,18.80957],[73.438153,18.809935],[73.43766,18.809752],[73.437531,18.810443],[73.437831,18.81093],[73.437552,18.811276],[73.437188,18.811296],[73.437231,18.81158],[73.43693,18.811784],[73.43663,18.812555],[73.4359,18.813449],[73.436372,18.813896],[73.436265,18.815907],[73.435149,18.815785],[73.434806,18.815094],[73.43442,18.815094],[73.434162,18.814688],[73.433862,18.814769],[73.433583,18.814627],[73.433583,18.814018],[73.433068,18.813774],[73.43296,18.813347],[73.432789,18.813591],[73.432596,18.81353],[73.432617,18.813388],[73.431673,18.813429],[73.431459,18.812738],[73.431201,18.812982],[73.431094,18.812759],[73.431094,18.813165],[73.430943,18.813307],[73.430772,18.813063],[73.430514,18.813226],[73.430171,18.812941],[73.429999,18.813266],[73.429313,18.813226],[73.428969,18.812819],[73.428411,18.813226],[73.428025,18.813144],[73.427575,18.813774],[73.427532,18.814424],[73.427274,18.814262],[73.427103,18.81548],[73.427575,18.815724],[73.427532,18.816008],[73.427703,18.816049],[73.427661,18.816374],[73.427854,18.816638],[73.42824,18.816394],[73.428454,18.816557],[73.428626,18.816313],[73.428905,18.816496],[73.428948,18.816821],[73.42869,18.816902],[73.428647,18.817308],[73.428798,18.817613],[73.429034,18.817105],[73.429334,18.817024],[73.429291,18.817227],[73.429592,18.817674],[73.429205,18.817755],[73.429098,18.818913],[73.429334,18.81873],[73.42972,18.817836],[73.430128,18.81745],[73.430557,18.817532],[73.430579,18.817714],[73.429377,18.819502],[73.42869,18.82007],[73.428369,18.820659],[73.427939,18.820984],[73.427789,18.820923],[73.428175,18.820395],[73.428433,18.819705],[73.428326,18.819563],[73.427789,18.82003],[73.426974,18.82137],[73.425901,18.822061],[73.425815,18.822345],[73.425515,18.822467],[73.425,18.823279],[73.424034,18.824153],[73.423798,18.82397],[73.423862,18.823462],[73.423605,18.823625],[73.423348,18.823543],[73.423305,18.823787],[73.423111,18.823767],[73.423068,18.824295],[73.422596,18.824661],[73.422639,18.824945],[73.422918,18.824843],[73.42294,18.825026],[73.422661,18.825006],[73.422253,18.825432],[73.42236,18.825615],[73.422575,18.825412],[73.422725,18.825676],[73.421974,18.826062],[73.42191,18.826326],[73.42133,18.826549],[73.421159,18.826834],[73.420687,18.826915],[73.420451,18.82726],[73.420494,18.827666],[73.4203,18.827808],[73.420172,18.827687],[73.419936,18.828073],[73.420386,18.828621],[73.420601,18.828702],[73.420816,18.82858],[73.42088,18.828885],[73.421502,18.829271],[73.421802,18.829108],[73.422124,18.829494],[73.422103,18.829636],[73.421459,18.829393],[73.42118,18.829819],[73.421631,18.830286],[73.421953,18.830185],[73.422425,18.830713],[73.422468,18.831525],[73.422296,18.831769],[73.422596,18.832703],[73.42294,18.832825],[73.422854,18.832947],[73.423262,18.833536],[73.423948,18.833414],[73.424077,18.833211],[73.424335,18.833251]],[[73.436909,18.813794],[73.436952,18.813672],[73.437188,18.813693],[73.437123,18.813794],[73.436909,18.813794]],[[73.437059,18.814465],[73.436673,18.814302],[73.436909,18.813957],[73.436973,18.814383],[73.437059,18.814465]],[[73.429248,18.818446],[73.429313,18.818303],[73.429377,18.818446],[73.429248,18.818446]],[[73.426974,18.826163],[73.426652,18.826387],[73.426824,18.825859],[73.426952,18.825859],[73.426974,18.826163]],[[73.427274,18.826773],[73.427103,18.826732],[73.42721,18.826549],[73.427274,18.826773]],[[73.425665,18.826834],[73.425815,18.827057],[73.425536,18.827159],[73.425429,18.827016],[73.425665,18.826834]],[[73.420966,18.828316],[73.420773,18.828458],[73.420579,18.828357],[73.420687,18.828255],[73.420966,18.828316]],[[73.423133,18.832926],[73.423176,18.833089],[73.423068,18.832947],[73.423133,18.832926]],[[73.462937,18.801302],[73.462873,18.801445],[73.462637,18.801343],[73.462744,18.801241],[73.462937,18.801302]],[[73.447208,18.80506],[73.447359,18.805162],[73.447123,18.805467],[73.446972,18.805324],[73.447208,18.80506]],[[73.437617,18.811824],[73.437746,18.811702],[73.437681,18.811885],[73.437617,18.811824]],[[73.437231,18.811824],[73.437338,18.811723],[73.437381,18.812007],[73.437231,18.811824]],[[73.437252,18.812819],[73.437445,18.813205],[73.437338,18.813591],[73.436801,18.813287],[73.436887,18.812677],[73.437402,18.812515],[73.437016,18.812393],[73.437038,18.812129],[73.437231,18.812068],[73.437209,18.812332],[73.437467,18.812169],[73.437917,18.812271],[73.437016,18.812759],[73.437123,18.812982],[73.437252,18.812819]],[[73.440385,18.823422],[73.440599,18.823625],[73.440256,18.823787],[73.440149,18.823686],[73.440385,18.823422]],[[73.44929,18.826245],[73.449097,18.826549],[73.448861,18.826488],[73.449011,18.826062],[73.44929,18.826245]],[[73.450148,18.826651],[73.449869,18.826712],[73.449955,18.826509],[73.450148,18.826651]]]]}},{"type":"Feature","properties":{"id":"wb_mula_mutha","name":"Mula-Mutha river stretch (Pune city)","district":"Pune","kind":"river_stretch","tier":1,"drinking_water":false,"urban":true,"source":"osm","osm_id":"way/206255002","osm_name":"Mula-Mutha River"},"geometry":{"type":"MultiPolygon","coordinates":[[[[73.874646,18.540107],[73.874305,18.541876],[73.876555,18.542707],[73.879769,18.543571],[73.882418,18.544076],[73.8843,18.543898],[73.885165,18.54402],[73.885711,18.544291],[73.888374,18.544416],[73.891314,18.544377],[73.896395,18.54304],[73.90074,18.54227],[73.904179,18.541868],[73.905889,18.542251],[73.908191,18.541698],[73.911399,18.541321],[73.913881,18.540597],[73.915068,18.540798],[73.915806,18.540646],[73.915357,18.53873],[73.91315,18.539289],[73.904381,18.540676],[73.901712,18.540656],[73.900345,18.540913],[73.898295,18.540911],[73.897703,18.541011],[73.897916,18.541262],[73.897299,18.541503],[73.897224,18.541412],[73.896948,18.541867],[73.895474,18.541918],[73.89497,18.541776],[73.894468,18.542045],[73.89432,18.542295],[73.893642,18.542488],[73.89323,18.542302],[73.892947,18.542373],[73.893075,18.542691],[73.892708,18.542535],[73.892267,18.542705],[73.892241,18.542937],[73.892079,18.543001],[73.88944,18.543211],[73.88845,18.542993],[73.888413,18.54316],[73.888163,18.542949],[73.888148,18.543233],[73.887629,18.542847],[73.886413,18.543004],[73.885975,18.542832],[73.884696,18.54276],[73.884387,18.542977],[73.8842,18.542645],[73.883517,18.542806],[73.882801,18.542325],[73.882297,18.542749],[73.882231,18.542662],[73.882725,18.542218],[73.881062,18.542043],[73.880381,18.541774],[73.878967,18.541558],[73.874646,18.540107]]]]}},{"type":"Feature","properties":{"id":"wb_indrayani_alandi","name":"Indrayani river stretch (Alandi)","district":"Pune","kind":"river_stretch","tier":1,"drinking_water":false,"urban":true,"source":"osm","osm_id":"way/948375716","osm_name":"Indrayani river"},"geometry":{"type":"MultiPolygon","coordinates":[[[[73.798079,18.704937],[73.798821,18.703823],[73.799263,18.70358],[73.799643,18.703096],[73.799345,18.703229],[73.80098,18.701945],[73.801937,18.70156],[73.803293,18.701346],[73.80407,18.70162],[73.804539,18.702074],[73.805087,18.702223],[73.806586,18.703511],[73.808121,18.704209],[73.810638,18.704384],[73.810814,18.704097],[73.811653,18.703704],[73.811988,18.704191],[73.811722,18.704495],[73.810233,18.704884],[73.808052,18.704703],[73.808093,18.704435],[73.807396,18.704152],[73.807035,18.704421],[73.804967,18.702891],[73.804151,18.702484],[73.802783,18.702278],[73.801921,18.702354],[73.80036,18.703433],[73.798577,18.705434],[73.798221,18.705531],[73.798567,18.705163],[73.798079,18.704937]]]]}},{"type":"Feature","properties":{"id":"wb_manikdoh","name":"Manikdoh Reservoir","district":"Pune","kind":"reservoir","tier":2,"drinking_water":false,"urban":false,"source":"osm","osm_id":"relation/7953581","osm_name":"Manikdoh"},"geometry":{"type":"MultiPolygon","coordinates":[[[[73.752654,19.242526],[73.752562,19.242769],[73.752756,19.243113],[73.751736,19.243939],[73.751083,19.245169],[73.750948,19.246497],[73.750733,19.246882],[73.75113,19.247763],[73.750744,19.248801],[73.751784,19.24869],[73.752503,19.248923],[73.753287,19.250472],[73.753308,19.251029],[73.753222,19.251288],[73.75246,19.251977],[73.751141,19.252068],[73.75069,19.25228],[73.750631,19.252984],[73.750374,19.252924],[73.750535,19.252529],[73.750202,19.252306],[73.750095,19.252447],[73.749312,19.252387],[73.748882,19.25186],[73.748593,19.250969],[73.748196,19.250908],[73.748011,19.250575],[73.747607,19.250392],[73.747284,19.249852],[73.747155,19.249804],[73.74697,19.250104],[73.74673,19.249995],[73.746696,19.249583],[73.746246,19.249135],[73.74572,19.247862],[73.744478,19.247482],[73.744014,19.247641],[73.743145,19.247623],[73.742115,19.246076],[73.741174,19.245162],[73.741005,19.245258],[73.741391,19.245995],[73.742,19.24657],[73.742,19.24725],[73.742233,19.24739],[73.742287,19.247629],[73.742222,19.248135],[73.743156,19.248601],[73.744585,19.248707],[73.744832,19.248956],[73.744811,19.249576],[73.745186,19.249979],[73.745122,19.250971],[73.745345,19.251351],[73.746393,19.252197],[73.74598,19.252911],[73.74613,19.25306],[73.746745,19.253126],[73.747077,19.253739],[73.746632,19.254311],[73.746653,19.254499],[73.747721,19.254904],[73.748099,19.254613],[73.748628,19.254678],[73.749,19.254491],[73.749601,19.255408],[73.74921,19.25618],[73.749682,19.256851],[73.750958,19.256947],[73.751379,19.25741],[73.75198,19.257233],[73.752275,19.257499],[73.753123,19.257393],[73.753547,19.257745],[73.753482,19.258084],[73.753209,19.258363],[73.752855,19.258254],[73.752605,19.258659],[73.752401,19.258714],[73.751605,19.258375],[73.750764,19.258444],[73.749613,19.258075],[73.748346,19.257261],[73.747438,19.25728],[73.747516,19.25788],[73.74721,19.258169],[73.746534,19.258341],[73.745687,19.258984],[73.74486,19.258908],[73.744522,19.259141],[73.744163,19.259162],[73.74419,19.259541],[73.745815,19.260417],[73.747666,19.260331],[73.747881,19.260007],[73.748186,19.259941],[73.748127,19.259562],[73.748251,19.259496],[73.74891,19.260017],[73.749576,19.259795],[73.749694,19.260149],[73.750686,19.260463],[73.750737,19.260664],[73.750528,19.260623],[73.750716,19.261317],[73.750383,19.26192],[73.749648,19.261965],[73.749407,19.261099],[73.748377,19.260983],[73.747985,19.261332],[73.747749,19.261813],[73.747862,19.262355],[73.747384,19.262497],[73.747261,19.262816],[73.746612,19.262826],[73.746344,19.262593],[73.745754,19.262776],[73.745432,19.262355],[73.74482,19.262269],[73.744386,19.261844],[73.744418,19.262137],[73.744166,19.262462],[73.74283,19.261682],[73.742294,19.261565],[73.74106,19.261742],[73.739724,19.26036],[73.739209,19.260426],[73.738812,19.260147],[73.738683,19.260552],[73.738329,19.260826],[73.738737,19.26118],[73.739445,19.261332],[73.739627,19.261626],[73.739456,19.262087],[73.739091,19.262112],[73.739086,19.262512],[73.739885,19.262735],[73.740421,19.262588],[73.740631,19.262877],[73.741805,19.263403],[73.742632,19.263322],[73.742878,19.263641],[73.74283,19.264178],[73.742256,19.264523],[73.741811,19.264457],[73.741194,19.26467],[73.741376,19.264406],[73.74128,19.264052],[73.740856,19.263783],[73.740378,19.264315],[73.740314,19.264112],[73.740749,19.263373],[73.740244,19.263049],[73.740057,19.263069],[73.739812,19.263634],[73.739625,19.263593],[73.739177,19.264239],[73.738391,19.264077],[73.737291,19.264323],[73.736964,19.264105],[73.736575,19.264269],[73.736586,19.264436],[73.736886,19.264391],[73.737085,19.264594],[73.736889,19.264789],[73.73643,19.264809],[73.736688,19.265082],[73.736519,19.26573],[73.736368,19.265761],[73.736411,19.266267],[73.735435,19.26729],[73.734813,19.267918],[73.732892,19.267948],[73.732592,19.268293],[73.73257,19.268759],[73.733053,19.26885],[73.733515,19.268698],[73.734094,19.269336],[73.733558,19.26966],[73.732302,19.269569],[73.732407,19.270098],[73.732222,19.27045],[73.73263,19.271065],[73.732254,19.272005],[73.730041,19.272243],[73.729685,19.272427],[73.729505,19.272787],[73.729714,19.272827],[73.729974,19.272539],[73.730618,19.272443],[73.731262,19.27262],[73.731996,19.272483],[73.732753,19.273192],[73.733697,19.273197],[73.734191,19.272691],[73.734748,19.272853],[73.735403,19.273238],[73.735929,19.273825],[73.736808,19.275192],[73.736926,19.276246],[73.736368,19.27662],[73.734759,19.276559],[73.734073,19.276853],[73.733021,19.276884],[73.732302,19.277076],[73.729942,19.276752],[73.726841,19.276884],[73.724835,19.277876],[73.723998,19.278868],[73.723762,19.280084],[73.721842,19.281086],[73.721938,19.281329],[73.72344,19.280793],[73.724202,19.280317],[73.725232,19.280742],[73.724739,19.279638],[73.724792,19.278615],[73.72697,19.277521],[73.727528,19.277653],[73.730135,19.277562],[73.73197,19.27818],[73.733536,19.2782],[73.734684,19.277866],[73.735306,19.277856],[73.735929,19.278119],[73.73654,19.278868],[73.737055,19.278747],[73.736937,19.2782],[73.737023,19.277562],[73.737914,19.276739],[73.738563,19.27821],[73.739021,19.278043],[73.738844,19.277689],[73.7393,19.276225],[73.738914,19.275972],[73.738935,19.275668],[73.738656,19.275628],[73.738265,19.274002],[73.738437,19.273516],[73.73805,19.273172],[73.738066,19.272853],[73.737723,19.272787],[73.736516,19.271835],[73.736334,19.271491],[73.736597,19.271106],[73.736157,19.271015],[73.736023,19.270417],[73.736081,19.269556],[73.736334,19.269202],[73.736334,19.268817],[73.736849,19.268412],[73.737465,19.268331],[73.736983,19.268067],[73.737219,19.267693],[73.737358,19.267561],[73.738388,19.267799],[73.738587,19.267657],[73.737895,19.266492],[73.737836,19.266011],[73.737578,19.266401],[73.737262,19.266417],[73.737171,19.266275],[73.737364,19.265287],[73.737747,19.264866],[73.738597,19.264949],[73.738822,19.265441],[73.739106,19.265172],[73.739396,19.266466],[73.739707,19.265542],[73.740115,19.265157],[73.74034,19.265137],[73.740222,19.26541],[73.740544,19.266008],[73.74078,19.26539],[73.741306,19.265775],[73.741596,19.265238],[73.741703,19.265268],[73.741735,19.265785],[73.741982,19.26618],[73.742218,19.26617],[73.742464,19.265592],[73.742937,19.265096],[73.743741,19.264944],[73.743924,19.265734],[73.743784,19.266585],[73.743527,19.266787],[73.743441,19.267486],[73.743645,19.268155],[73.743967,19.268185],[73.744557,19.26781],[73.745061,19.266889],[73.745399,19.266711],[73.745533,19.266253],[73.746925,19.265445],[73.747204,19.266512],[73.747145,19.267307],[73.747335,19.267491],[73.747537,19.267319],[73.747357,19.267248],[73.747604,19.266836],[73.747791,19.266866],[73.747574,19.267129],[73.747711,19.26736],[73.748234,19.267231],[73.748462,19.266886],[73.748521,19.266549],[73.748215,19.26619],[73.748679,19.266299],[73.74847,19.265762],[73.748623,19.265749],[73.748583,19.265448],[73.748996,19.265479],[73.748931,19.265071],[73.749232,19.264714],[73.749615,19.263369],[73.749586,19.263],[73.750042,19.262934],[73.750288,19.263357],[73.750248,19.265278],[73.750361,19.265481],[73.750511,19.265071],[73.750712,19.264927],[73.750889,19.265033],[73.750846,19.264438],[73.751648,19.264088],[73.751648,19.263562],[73.752112,19.263455],[73.752155,19.263222],[73.751903,19.263033],[73.751836,19.262605],[73.751959,19.26248],[73.752389,19.262541],[73.752257,19.261779],[73.752544,19.261657],[73.753019,19.261847],[73.753405,19.263129],[73.753824,19.263671],[73.754542,19.262658],[73.754907,19.26284],[73.755122,19.263316],[73.755047,19.264572],[73.755251,19.264693],[73.755884,19.264623],[73.756399,19.264228],[73.756388,19.263772],[73.756699,19.263286],[73.756163,19.261939],[73.756677,19.261949],[73.757128,19.262283],[73.757407,19.263164],[73.757976,19.263347],[73.758598,19.263924],[73.759025,19.263907],[73.759225,19.265417],[73.759579,19.265933],[73.759869,19.265792],[73.760191,19.263705],[73.759933,19.262905],[73.760041,19.262763],[73.760716,19.262956],[73.761006,19.262459],[73.761682,19.263138],[73.7615,19.263584],[73.762133,19.26409],[73.762594,19.264222],[73.762894,19.26488],[73.763313,19.264779],[73.76298,19.263847],[73.763109,19.263756],[73.763989,19.264759],[73.765383,19.265417],[73.766295,19.266197],[73.766564,19.266014],[73.765566,19.264961],[73.764697,19.264465],[73.761982,19.261902],[73.76195,19.261599],[73.762229,19.261426],[73.762219,19.261133],[73.761907,19.260981],[73.761875,19.260626],[73.761639,19.260606],[73.760309,19.261366],[73.760266,19.261173],[73.759794,19.261194],[73.759805,19.260363],[73.758356,19.260444],[73.758014,19.260773],[73.757277,19.260779],[73.756836,19.26024],[73.756825,19.259835],[73.756541,19.260118],[73.755988,19.260123],[73.755935,19.26031],[73.755623,19.260042],[73.755715,19.259551],[73.755527,19.259353],[73.756278,19.2591],[73.755554,19.256877],[73.755119,19.25604],[73.754695,19.255627],[73.753193,19.254797],[73.753451,19.254452],[73.754116,19.254321],[73.754942,19.254422],[73.755221,19.254635],[73.755425,19.254463],[73.755801,19.254635],[73.757388,19.254594],[73.758804,19.254868],[73.759191,19.254098],[73.759159,19.253825],[73.757608,19.253526],[73.75742,19.253136],[73.756798,19.253161],[73.755849,19.252796],[73.75557,19.252477],[73.755779,19.251545],[73.756015,19.251343],[73.756455,19.251424],[73.7566,19.250887],[73.757807,19.250057],[73.757871,19.249763],[73.757603,19.249454],[73.756428,19.249555],[73.756047,19.249246],[73.75579,19.249236],[73.755522,19.248446],[73.754701,19.24719],[73.754352,19.246142],[73.754293,19.245833],[73.754569,19.245316],[73.75627,19.245245],[73.756565,19.245428],[73.756543,19.245767],[73.757203,19.245944],[73.757445,19.245509],[73.758147,19.245007],[73.758625,19.245336],[73.759236,19.245367],[73.759435,19.245691],[73.759982,19.245782],[73.760556,19.244491],[73.760846,19.244572],[73.761693,19.244374],[73.762299,19.24405],[73.762675,19.244278],[73.763388,19.243665],[73.763834,19.243523],[73.764043,19.243776],[73.763995,19.244237],[73.763383,19.245488],[73.763587,19.24642],[73.763544,19.247104],[73.763683,19.247165],[73.764172,19.246937],[73.764182,19.246],[73.764424,19.245124],[73.76488,19.244774],[73.765314,19.244693],[73.765169,19.244202],[73.765502,19.243559],[73.766017,19.243062],[73.766317,19.243108],[73.766816,19.243483],[73.766945,19.244248],[73.767894,19.244192],[73.768222,19.244445],[73.768785,19.246025],[73.769118,19.246425],[73.769413,19.247175],[73.769305,19.247631],[73.768678,19.248051],[73.769021,19.248714],[73.768984,19.249185],[73.768479,19.24915],[73.768292,19.249459],[73.767954,19.249565],[73.768286,19.24996],[73.768369,19.25074],[73.768348,19.250963],[73.767908,19.251419],[73.768133,19.252027],[73.767897,19.252351],[73.767887,19.252736],[73.768208,19.25311],[73.769271,19.253353],[73.769453,19.253556],[73.769635,19.254397],[73.769893,19.25469],[73.770697,19.253262],[73.770794,19.252158],[73.770987,19.251976],[73.771406,19.252006],[73.771706,19.253212],[73.771051,19.254812],[73.771395,19.25544],[73.771792,19.255643],[73.772307,19.254924],[73.772586,19.254144],[73.773047,19.253992],[73.773133,19.253617],[73.77382,19.253333],[73.774088,19.253435],[73.774753,19.254751],[73.774989,19.254873],[73.775515,19.254782],[73.775912,19.252908],[73.776116,19.252543],[73.776491,19.252432],[73.776877,19.252746],[73.777253,19.252695],[73.777478,19.252482],[73.777741,19.250788],[73.779248,19.250768],[73.779758,19.251406],[73.780337,19.251325],[73.780922,19.250712],[73.780922,19.250094],[73.781206,19.249446],[73.782156,19.248616],[73.781823,19.24819],[73.781877,19.247729],[73.782381,19.247699],[73.782445,19.247385],[73.783234,19.246813],[73.784393,19.246332],[73.78509,19.246737],[73.785299,19.247],[73.785321,19.247425],[73.786125,19.248302],[73.786061,19.24898],[73.78634,19.249315],[73.786195,19.249649],[73.786624,19.250328],[73.786686,19.250707],[73.786646,19.251206],[73.786198,19.252239],[73.786225,19.254093],[73.786402,19.254093],[73.786493,19.252726],[73.787215,19.25167],[73.787678,19.251401],[73.788462,19.251353],[73.789197,19.250201],[73.789988,19.250234],[73.789763,19.249687],[73.789398,19.249454],[73.789162,19.249008],[73.789162,19.247621],[73.789291,19.247509],[73.79017,19.24756],[73.790353,19.247367],[73.790363,19.247053],[73.789655,19.246506],[73.789473,19.24601],[73.789087,19.245899],[73.789012,19.245372],[73.789205,19.244886],[73.790009,19.244622],[73.790192,19.24442],[73.790181,19.244126],[73.788819,19.243488],[73.78869,19.243285],[73.788808,19.2421],[73.788014,19.241968],[73.787005,19.242485],[73.786716,19.242434],[73.786426,19.242293],[73.786147,19.241847],[73.785267,19.241705],[73.784827,19.241391],[73.784817,19.240408],[73.785632,19.240945],[73.78722,19.240874],[73.788733,19.241563],[73.78899,19.241533],[73.789226,19.241391],[73.789569,19.240702],[73.79016,19.238099],[73.790481,19.237866],[73.790846,19.237906],[73.791297,19.238271],[73.791286,19.239902],[73.791586,19.240236],[73.79414,19.241442],[73.794279,19.241796],[73.794247,19.242647],[73.794516,19.243326],[73.79488,19.243316],[73.796007,19.242515],[73.79649,19.242546],[73.796962,19.24291],[73.797863,19.244511],[73.798131,19.245605],[73.7987,19.246182],[73.798721,19.246537],[73.799247,19.246395],[73.799547,19.24597],[73.800331,19.245818],[73.800974,19.245423],[73.801103,19.244683],[73.800685,19.243397],[73.800066,19.242368],[73.800159,19.242009],[73.800406,19.241857],[73.800438,19.240935],[73.801146,19.24053],[73.80135,19.240175],[73.801479,19.239284],[73.801695,19.239009],[73.80369,19.239405],[73.804244,19.239844],[73.804705,19.239864],[73.805923,19.238977],[73.806403,19.23896],[73.806521,19.237329],[73.8068,19.236428],[73.807071,19.236054],[73.8075,19.23625],[73.807942,19.235587],[73.808636,19.238726],[73.808656,19.239588],[73.809064,19.240327],[73.809407,19.240378],[73.810362,19.241158],[73.810343,19.239407],[73.81075,19.239],[73.81125,19.239],[73.812795,19.240593],[73.813299,19.240654],[73.813567,19.240603],[73.81375,19.24025],[73.814,19.239],[73.815,19.23825],[73.813456,19.232851],[73.812157,19.231745],[73.811874,19.23174],[73.809855,19.229917],[73.807,19.23],[73.806161,19.230259],[73.804463,19.230254],[73.804461,19.230816],[73.802175,19.231518],[73.800423,19.231056],[73.799788,19.231049],[73.79971,19.231343],[73.79989,19.232171],[73.79975,19.23275],[73.80055,19.233311],[73.800596,19.233807],[73.79982,19.234228],[73.798112,19.234795],[73.797014,19.234836],[73.796736,19.234202],[73.795722,19.232941],[73.79675,19.2325],[73.795826,19.232343],[73.795048,19.231978],[73.7944,19.232064],[73.79403,19.231829],[73.793564,19.231998],[73.792938,19.232979],[73.792463,19.231946],[73.791988,19.231586],[73.791033,19.231097],[73.790132,19.230915],[73.78933,19.230953],[73.788877,19.230702],[73.788753,19.230117],[73.78775,19.2305],[73.7865,19.2295],[73.78625,19.22975],[73.7845,19.22975],[73.78375,19.23025],[73.784,19.232],[73.7835,19.23275],[73.78275,19.233],[73.78125,19.232],[73.7815,19.231],[73.781,19.23],[73.77875,19.229],[73.77825,19.22925],[73.77825,19.23025],[73.778,19.2305],[73.7785,19.2325],[73.77875,19.23275],[73.77725,19.23375],[73.779786,19.234628],[73.779763,19.235544],[73.779226,19.236395],[73.778493,19.237094],[73.778081,19.236777],[73.777523,19.237223],[73.776869,19.238347],[73.776879,19.238722],[73.777083,19.238986],[73.778027,19.239421],[73.778381,19.240779],[73.778017,19.240829],[73.777126,19.241731],[73.775892,19.242653],[73.775163,19.242794],[73.774658,19.243463],[73.775141,19.244658],[73.774433,19.246005],[73.775302,19.247241],[73.774326,19.247282],[73.773886,19.247494],[73.773628,19.247444],[73.77351,19.247221],[73.773832,19.245853],[73.773886,19.244668],[73.77439,19.243828],[73.77409,19.243392],[73.772781,19.242622],[73.772727,19.242116],[73.77292,19.241488],[73.773392,19.241376],[73.773242,19.240738],[73.773339,19.240161],[73.773167,19.240039],[73.772212,19.241153],[73.771633,19.241599],[73.771064,19.241781],[73.770506,19.241386],[73.77027,19.240748],[73.769702,19.240617],[73.769541,19.240343],[73.769552,19.239796],[73.769895,19.239219],[73.769036,19.238945],[73.768843,19.238429],[73.768446,19.238165],[73.767738,19.237973],[73.767492,19.238216],[73.767191,19.237628],[73.766644,19.23778],[73.766504,19.238196],[73.766762,19.238631],[73.767631,19.239411],[73.767663,19.239816],[73.767298,19.24007],[73.766419,19.239978],[73.76629,19.239614],[73.766429,19.23929],[73.765399,19.23933],[73.764756,19.240009],[73.763972,19.240257],[73.762985,19.240444],[73.762315,19.240384],[73.761896,19.240617],[73.761103,19.240525],[73.760765,19.240769],[73.760464,19.240642],[73.759971,19.24131],[73.759584,19.240996],[73.759354,19.241017],[73.758399,19.241543],[73.757836,19.240956],[73.757519,19.241067],[73.757369,19.240971],[73.757133,19.240606],[73.756843,19.240738],[73.756988,19.241321],[73.756827,19.241974],[73.75606,19.242111],[73.755454,19.241923],[73.755073,19.242171],[73.754633,19.242161],[73.754188,19.242369],[73.753458,19.242516],[73.75326,19.24242],[73.752836,19.242637],[73.752654,19.242526]]]]}},{"type":"Feature","properties":{"id":"wb_yedgaon","name":"Yedgaon Reservoir","district":"Pune","kind":"reservoir","tier":2,"drinking_water":false,"urban":false,"source":"osm","osm_id":"relation/278467","osm_name":"Yedgaon Reservoir"},"geometry":{"type":"MultiPolygon","coordinates":[[[[73.970859,19.184037],[73.970773,19.184527],[73.971462,19.184395],[73.971835,19.184481],[73.971669,19.184904],[73.971929,19.185196],[73.971481,19.185705],[73.971119,19.185748],[73.971124,19.185935],[73.970717,19.186252],[73.97021,19.185994],[73.969995,19.186055],[73.970328,19.186422],[73.970701,19.186424],[73.97125,19.186166],[73.971594,19.186232],[73.971771,19.186034],[73.971878,19.186133],[73.971953,19.185842],[73.972537,19.18571],[73.973047,19.184685],[73.973667,19.184134],[73.973387,19.184726],[73.973485,19.185086],[73.972951,19.185701],[73.973076,19.18601],[73.973278,19.186095],[73.972947,19.186305],[73.97305,19.186663],[73.972813,19.186802],[73.972838,19.187054],[73.971877,19.18717],[73.971439,19.187037],[73.971014,19.18743],[73.970714,19.187205],[73.970129,19.18743],[73.970143,19.187531],[73.970566,19.187427],[73.971197,19.187704],[73.971352,19.187379],[73.97165,19.187319],[73.971604,19.187461],[73.971894,19.187397],[73.972826,19.187638],[73.972689,19.188464],[73.972921,19.188787],[73.972979,19.188385],[73.973183,19.188305],[73.973163,19.187906],[73.972983,19.187909],[73.973089,19.187732],[73.973152,19.187853],[73.973305,19.187761],[73.973341,19.186906],[73.973973,19.186841],[73.973906,19.186402],[73.974072,19.186326],[73.974075,19.186057],[73.974831,19.186283],[73.974853,19.185791],[73.975067,19.185492],[73.975373,19.185419],[73.975531,19.18591],[73.975925,19.186011],[73.975998,19.185426],[73.97644,19.185229],[73.976797,19.185287],[73.976993,19.185525],[73.977454,19.185561],[73.977768,19.185112],[73.977886,19.185485],[73.978012,19.185464],[73.978095,19.184836],[73.978578,19.184119],[73.979074,19.183873],[73.979262,19.183476],[73.979552,19.182381],[73.979587,19.181381],[73.979243,19.180741],[73.978576,19.180191],[73.976954,19.179609],[73.976722,19.179319],[73.977008,19.179093],[73.977418,19.179189],[73.979168,19.178633],[73.9785,19.179772],[73.979463,19.180332],[73.979756,19.180015],[73.980171,19.17999],[73.980407,19.179686],[73.980703,19.179683],[73.981625,19.179121],[73.981928,19.179088],[73.981982,19.178837],[73.982062,19.179017],[73.982935,19.178769],[73.982604,19.178346],[73.98241,19.178419],[73.982895,19.177891],[73.983057,19.178053],[73.98293,19.178127],[73.982954,19.17839],[73.983275,19.178523],[73.983296,19.178363],[73.983433,19.178633],[73.983783,19.178303],[73.983977,19.178315],[73.984114,19.178856],[73.98331,19.179383],[73.98309,19.179802],[73.983094,19.179953],[73.983251,19.179967],[73.983063,19.180258],[73.983149,19.180476],[73.982703,19.180573],[73.982592,19.180798],[73.982828,19.181298],[73.983076,19.181238],[73.982839,19.18079],[73.983626,19.18106],[73.983948,19.180781],[73.984136,19.180987],[73.984605,19.180714],[73.984588,19.180982],[73.984707,19.181119],[73.98492,19.181058],[73.984922,19.181269],[73.984781,19.181314],[73.984769,19.181153],[73.984278,19.18134],[73.984041,19.1812],[73.984019,19.181517],[73.98431,19.181688],[73.984514,19.182509],[73.984356,19.182531],[73.984341,19.18298],[73.98415,19.183051],[73.984519,19.183148],[73.984144,19.183243],[73.984106,19.183549],[73.983842,19.18377],[73.984036,19.183734],[73.98414,19.184052],[73.983566,19.184164],[73.983699,19.184412],[73.98324,19.184698],[73.982953,19.184514],[73.983009,19.184982],[73.982281,19.185363],[73.982325,19.185621],[73.981664,19.185763],[73.982344,19.185747],[73.98264,19.185505],[73.982918,19.185951],[73.982939,19.185407],[73.983069,19.185829],[73.983548,19.185853],[73.983601,19.185315],[73.984232,19.185044],[73.984325,19.184839],[73.984681,19.184731],[73.984711,19.184417],[73.984974,19.184434],[73.984985,19.184289],[73.985715,19.183851],[73.986161,19.183878],[73.986729,19.184188],[73.98652,19.18443],[73.986525,19.185036],[73.98692,19.184866],[73.986999,19.18503],[73.986948,19.184665],[73.987057,19.185016],[73.987446,19.184896],[73.988111,19.183749],[73.988587,19.183639],[73.98896,19.183815],[73.989113,19.183505],[73.988911,19.183386],[73.988964,19.182756],[73.989971,19.180702],[73.990432,19.180671],[73.990962,19.178906],[73.9915,19.178599],[73.991926,19.179221],[73.992117,19.179178],[73.992157,19.178889],[73.992349,19.17897],[73.992567,19.178725],[73.992913,19.179237],[73.9936,19.179109],[73.993527,19.179558],[73.992606,19.179945],[73.992527,19.180561],[73.99287,19.180815],[73.994033,19.180626],[73.994048,19.181068],[73.993723,19.181158],[73.993305,19.181574],[73.993617,19.182471],[73.993982,19.182304],[73.994372,19.182357],[73.994159,19.182768],[73.993873,19.182877],[73.994122,19.183016],[73.994175,19.18341],[73.99423,19.183235],[73.994629,19.18337],[73.994517,19.183639],[73.99475,19.183632],[73.994653,19.183844],[73.9948,19.183881],[73.99366,19.184186],[73.993108,19.183667],[73.991214,19.184132],[73.992657,19.183987],[73.992615,19.184108],[73.992243,19.184123],[73.992106,19.184355],[73.992457,19.184293],[73.992029,19.184719],[73.992601,19.184592],[73.992453,19.185464],[73.992789,19.185624],[73.992469,19.185587],[73.991972,19.185843],[73.991903,19.185985],[73.992236,19.186346],[73.992098,19.186507],[73.991218,19.186526],[73.991093,19.186628],[73.991193,19.186649],[73.990898,19.186674],[73.991147,19.18684],[73.991544,19.186778],[73.991702,19.186875],[73.991646,19.187035],[73.991986,19.187207],[73.992217,19.187161],[73.992206,19.186817],[73.992335,19.186746],[73.992703,19.18682],[73.992805,19.187055],[73.992512,19.187174],[73.992528,19.187331],[73.993077,19.187061],[73.992752,19.187709],[73.992353,19.18799],[73.992467,19.188157],[73.992827,19.188136],[73.992498,19.188356],[73.992464,19.188588],[73.992716,19.188626],[73.99335,19.188311],[73.993573,19.188536],[73.993263,19.189049],[73.993391,19.189192],[73.993904,19.188597],[73.994234,19.188792],[73.994447,19.188701],[73.994006,19.189179],[73.99401,19.189424],[73.994338,19.189428],[73.994692,19.190071],[73.994207,19.190145],[73.994284,19.190343],[73.994569,19.190348],[73.994344,19.190638],[73.994065,19.190577],[73.994093,19.190935],[73.993839,19.190823],[73.994049,19.191143],[73.993968,19.191253],[73.993573,19.191073],[73.993556,19.191423],[73.993378,19.191306],[73.992874,19.191745],[73.992807,19.191298],[73.992586,19.191413],[73.992272,19.191234],[73.992465,19.191867],[73.992133,19.19201],[73.992308,19.192384],[73.992007,19.192669],[73.991811,19.19255],[73.991523,19.192733],[73.991013,19.192612],[73.991362,19.192802],[73.990884,19.193692],[73.991418,19.192945],[73.991729,19.192788],[73.992009,19.192899],[73.992007,19.193126],[73.992286,19.193138],[73.992292,19.192793],[73.992448,19.192847],[73.992847,19.192474],[73.992661,19.192344],[73.992703,19.192206],[73.992886,19.192113],[73.992897,19.192301],[73.993006,19.19228],[73.993206,19.192013],[73.993243,19.192281],[73.993373,19.192272],[73.993612,19.192047],[73.993466,19.192438],[73.993937,19.192446],[73.994179,19.192149],[73.994368,19.192631],[73.993503,19.192903],[73.993679,19.192988],[73.993412,19.193413],[73.993493,19.19383],[73.992932,19.193844],[73.993074,19.194129],[73.992278,19.194596],[73.993071,19.19451],[73.993212,19.194785],[73.992763,19.195085],[73.992854,19.195279],[73.993506,19.194747],[73.993336,19.194772],[73.993401,19.194343],[73.993907,19.194553],[73.994345,19.194125],[73.994213,19.193809],[73.994549,19.19357],[73.994756,19.193631],[73.994551,19.193974],[73.994784,19.194181],[73.99447,19.194784],[73.994649,19.194988],[73.99428,19.195985],[73.99404,19.196206],[73.994087,19.196511],[73.993593,19.196405],[73.99344,19.196159],[73.993282,19.196262],[73.993188,19.1964],[73.993435,19.196478],[73.993269,19.196659],[73.993662,19.196879],[73.993306,19.197036],[73.993043,19.19687],[73.992889,19.196974],[73.992729,19.19677],[73.992695,19.197059],[73.992904,19.197205],[73.992729,19.197357],[73.99288,19.197454],[73.992381,19.197423],[73.992472,19.197683],[73.992276,19.197899],[73.991935,19.197683],[73.992001,19.19805],[73.99173,19.197832],[73.99163,19.198138],[73.991485,19.198147],[73.991812,19.19831],[73.991339,19.198329],[73.991526,19.198587],[73.991366,19.198778],[73.991185,19.198673],[73.991138,19.198799],[73.990859,19.198511],[73.990951,19.198849],[73.990597,19.198611],[73.990832,19.199238],[73.990735,19.199436],[73.990152,19.199372],[73.990218,19.199607],[73.99002,19.199631],[73.989699,19.199464],[73.989613,19.199217],[73.989386,19.19938],[73.988791,19.198781],[73.988871,19.199213],[73.988608,19.199088],[73.988635,19.199312],[73.988492,19.19927],[73.98845,19.199454],[73.988689,19.199564],[73.988096,19.199466],[73.987889,19.199599],[73.987999,19.199727],[73.987895,19.199811],[73.987581,19.199637],[73.987448,19.200001],[73.986967,19.19983],[73.98689,19.199599],[73.986728,19.199834],[73.986805,19.200211],[73.986538,19.200127],[73.986182,19.200264],[73.986154,19.200701],[73.985686,19.200678],[73.985454,19.200238],[73.985512,19.200624],[73.985313,19.200601],[73.985371,19.200766],[73.984829,19.201108],[73.985001,19.201311],[73.98553,19.201385],[73.985644,19.201633],[73.984857,19.201508],[73.984885,19.201767],[73.984537,19.201878],[73.984398,19.201471],[73.984598,19.201092],[73.984521,19.200934],[73.984149,19.201224],[73.984113,19.201508],[73.98354,19.201272],[73.983401,19.201551],[73.983971,19.201841],[73.983574,19.202123],[73.983074,19.201989],[73.983005,19.201577],[73.982345,19.201192],[73.982424,19.201539],[73.982711,19.20177],[73.982552,19.201871],[73.982642,19.202063],[73.982526,19.202232],[73.982744,19.202336],[73.982655,19.202645],[73.982435,19.202714],[73.981759,19.203725],[73.98131,19.203774],[73.981464,19.204336],[73.981035,19.20379],[73.98105,19.204146],[73.980673,19.204305],[73.980826,19.204853],[73.980532,19.205077],[73.980657,19.205139],[73.981003,19.204875],[73.981521,19.204916],[73.981598,19.205863],[73.981436,19.206437],[73.981659,19.207002],[73.981197,19.207255],[73.980999,19.20699],[73.98074,19.207905],[73.980401,19.207936],[73.980807,19.20829],[73.980583,19.208352],[73.980521,19.208597],[73.980651,19.20871],[73.980374,19.20872],[73.980484,19.208843],[73.98031,19.209034],[73.979805,19.209065],[73.979395,19.209362],[73.979555,19.209802],[73.979246,19.21016],[73.979007,19.210118],[73.979038,19.210403],[73.978447,19.210785],[73.97853,19.210872],[73.97828,19.211382],[73.978366,19.21252],[73.977608,19.212865],[73.976742,19.21295],[73.975628,19.213315],[73.975703,19.213511],[73.974902,19.21388],[73.974519,19.214253],[73.974323,19.214196],[73.97434,19.214361],[73.973169,19.215116],[73.972283,19.216528],[73.971174,19.216489],[73.970203,19.216076],[73.970266,19.216241],[73.970055,19.216443],[73.970545,19.216416],[73.971057,19.21673],[73.971716,19.216861],[73.971941,19.217151],[73.97202,19.217652],[73.971826,19.217884],[73.971924,19.218227],[73.971743,19.21892],[73.971862,19.220427],[73.971755,19.221018],[73.972015,19.220745],[73.972279,19.221681],[73.972452,19.221857],[73.97254,19.221781],[73.97298,19.22263],[73.974032,19.22379],[73.97416,19.224276],[73.973975,19.224811],[73.972425,19.226817],[73.967892,19.230048],[73.968755,19.230517],[73.969141,19.230065],[73.969241,19.230184],[73.969346,19.230027],[73.969842,19.230032],[73.970228,19.229794],[73.970959,19.229078],[73.972763,19.228659],[73.973621,19.228168],[73.974317,19.227445],[73.974763,19.226388],[73.974987,19.226486],[73.975276,19.22701],[73.975243,19.227869],[73.975582,19.227359],[73.974996,19.225939],[73.97504,19.225387],[73.975421,19.2251],[73.975646,19.224558],[73.975786,19.223581],[73.97412,19.222713],[73.973628,19.222174],[73.972614,19.21968],[73.972662,19.218679],[73.97297,19.217968],[73.973275,19.217989],[73.973487,19.217398],[73.973898,19.217494],[73.973725,19.217376],[73.973711,19.217084],[73.974606,19.21596],[73.97468,19.21545],[73.975561,19.214948],[73.975932,19.21456],[73.976135,19.214676],[73.976572,19.214024],[73.97701,19.214082],[73.977051,19.213801],[73.977665,19.213891],[73.977845,19.214229],[73.977981,19.213982],[73.978718,19.213972],[73.97894,19.214122],[73.978837,19.214294],[73.979363,19.214627],[73.979139,19.213952],[73.979693,19.213426],[73.979895,19.212446],[73.979746,19.211763],[73.979408,19.211382],[73.979486,19.211206],[73.980044,19.210852],[73.980368,19.211009],[73.980354,19.210843],[73.981044,19.210696],[73.98147,19.209755],[73.981793,19.209792],[73.982014,19.209597],[73.982101,19.209896],[73.982322,19.210023],[73.982717,19.209858],[73.982569,19.210773],[73.983098,19.210695],[73.983126,19.211181],[73.982925,19.211728],[73.983468,19.211185],[73.983875,19.211495],[73.98395,19.21215],[73.983065,19.21358],[73.982403,19.21365],[73.982304,19.213507],[73.982101,19.213647],[73.981512,19.213481],[73.981504,19.213804],[73.980606,19.214455],[73.9798,19.214919],[73.979482,19.214835],[73.979588,19.215076],[73.979427,19.215337],[73.979333,19.215277],[73.979347,19.215461],[73.979872,19.216234],[73.980112,19.216261],[73.979925,19.216286],[73.98009,19.216449],[73.979174,19.216511],[73.978905,19.217376],[73.979642,19.217878],[73.979895,19.217812],[73.980095,19.217962],[73.980221,19.218567],[73.979863,19.219357],[73.978672,19.220323],[73.978939,19.220824],[73.979408,19.220985],[73.979618,19.22092],[73.978872,19.220674],[73.978767,19.220442],[73.980229,19.219324],[73.980649,19.218334],[73.980454,19.217565],[73.979711,19.217175],[73.980313,19.216933],[73.980519,19.216513],[73.98053,19.216082],[73.980248,19.215721],[73.980237,19.215331],[73.981027,19.214638],[73.982184,19.214205],[73.982635,19.215619],[73.983092,19.216162],[73.98285,19.215533],[73.982919,19.214708],[73.983362,19.214724],[73.983619,19.214439],[73.98398,19.214465],[73.983711,19.214036],[73.983946,19.213901],[73.984315,19.213248],[73.984707,19.213488],[73.9853,19.213491],[73.985243,19.213335],[73.984795,19.213222],[73.98479,19.212938],[73.984515,19.212895],[73.984404,19.212532],[73.98457,19.212453],[73.984584,19.212126],[73.985048,19.212168],[73.985113,19.211904],[73.984722,19.211619],[73.984742,19.211234],[73.984581,19.210984],[73.9842,19.210831],[73.984319,19.210586],[73.98367,19.210124],[73.983723,19.209897],[73.983468,19.209892],[73.983386,19.209395],[73.983586,19.209305],[73.983654,19.209043],[73.984712,19.208367],[73.985086,19.207836],[73.985351,19.208123],[73.985198,19.20841],[73.985288,19.208667],[73.985113,19.208829],[73.985528,19.208725],[73.985706,19.208839],[73.985799,19.208639],[73.986181,19.208594],[73.986233,19.208975],[73.986424,19.209045],[73.986483,19.209246],[73.986251,19.209559],[73.986929,19.210607],[73.986817,19.211467],[73.987177,19.211551],[73.987028,19.211406],[73.987177,19.211095],[73.987509,19.211336],[73.987998,19.211324],[73.988179,19.21179],[73.988893,19.212281],[73.988925,19.212799],[73.9893,19.213196],[73.989099,19.212877],[73.98921,19.21244],[73.989071,19.212003],[73.988599,19.211681],[73.988286,19.211075],[73.98764,19.210836],[73.987743,19.210438],[73.987484,19.209579],[73.987758,19.209407],[73.987199,19.209324],[73.987057,19.209151],[73.987217,19.208583],[73.986787,19.208345],[73.986823,19.207803],[73.986589,19.2079],[73.98628,19.207681],[73.986157,19.20782],[73.985863,19.207764],[73.985583,19.20727],[73.984979,19.207056],[73.984632,19.206588],[73.983771,19.205987],[73.983122,19.204511],[73.983339,19.204668],[73.98387,19.204609],[73.984227,19.204151],[73.98461,19.204113],[73.985247,19.203725],[73.985406,19.203709],[73.985488,19.203929],[73.985662,19.203775],[73.986668,19.203971],[73.986857,19.203491],[73.987148,19.203542],[73.986736,19.202939],[73.986737,19.20275],[73.98703,19.202574],[73.986979,19.202216],[73.987498,19.202004],[73.987899,19.2014],[73.988168,19.201401],[73.988171,19.201186],[73.988407,19.200968],[73.988576,19.200975],[73.988493,19.201285],[73.988632,19.201781],[73.989044,19.201585],[73.98909,19.201409],[73.989637,19.201322],[73.989532,19.201227],[73.989731,19.20098],[73.991272,19.200557],[73.990896,19.201032],[73.990698,19.201067],[73.990973,19.201262],[73.990911,19.201427],[73.98976,19.201789],[73.989814,19.202088],[73.990494,19.202146],[73.99057,19.202696],[73.990735,19.202672],[73.991014,19.201974],[73.991642,19.201874],[73.991733,19.202207],[73.991996,19.202241],[73.991968,19.20188],[73.991674,19.201524],[73.991979,19.201338],[73.991815,19.201173],[73.993278,19.199779],[73.993407,19.199708],[73.993439,19.199968],[73.993609,19.199846],[73.993645,19.199218],[73.994331,19.19868],[73.994264,19.198966],[73.994529,19.199104],[73.994324,19.199319],[73.994596,19.199298],[73.9946,19.199493],[73.994414,19.199547],[73.994618,19.199726],[73.994081,19.199774],[73.99384,19.200294],[73.993639,19.200301],[73.993687,19.200426],[73.993501,19.200555],[73.993974,19.200569],[73.993824,19.201118],[73.993963,19.201151],[73.994335,19.200288],[73.994521,19.200443],[73.994722,19.200364],[73.994759,19.200768],[73.99504,19.200873],[73.994928,19.201053],[73.995055,19.201139],[73.994792,19.2012],[73.994916,19.201353],[73.994734,19.201632],[73.995058,19.20151],[73.99539,19.201767],[73.995233,19.202117],[73.994787,19.202308],[73.995074,19.202399],[73.994636,19.203236],[73.994744,19.203325],[73.993781,19.203746],[73.993845,19.204308],[73.993912,19.20391],[73.994883,19.203713],[73.995602,19.20332],[73.995707,19.203548],[73.996101,19.203667],[73.996069,19.20463],[73.996275,19.203566],[73.996182,19.203333],[73.996502,19.202903],[73.996027,19.202321],[73.996165,19.2016],[73.99605,19.20118],[73.995697,19.200948],[73.995849,19.200747],[73.995774,19.200457],[73.995553,19.200408],[73.995374,19.200107],[73.995508,19.200078],[73.995469,19.199673],[73.995814,19.199607],[73.995915,19.200235],[73.996261,19.200314],[73.99621,19.200978],[73.997049,19.201837],[73.99724,19.201291],[73.997891,19.201129],[73.99806,19.201352],[73.9981,19.20069],[73.997968,19.200453],[73.99688,19.200627],[73.997128,19.20035],[73.997587,19.200184],[73.99789,19.199338],[73.997502,19.199261],[73.998059,19.199165],[73.998063,19.199033],[73.997144,19.199208],[73.997332,19.199271],[73.997095,19.199428],[73.997189,19.199599],[73.996932,19.199846],[73.996743,19.199817],[73.99657,19.199648],[73.996774,19.19932],[73.996405,19.199364],[73.996351,19.199196],[73.99649,19.199109],[73.996285,19.198813],[73.996485,19.198644],[73.996696,19.198782],[73.996658,19.198482],[73.996849,19.198292],[73.996491,19.198357],[73.996322,19.198217],[73.995548,19.198906],[73.995247,19.198844],[73.994981,19.198407],[73.995028,19.198184],[73.995381,19.198258],[73.995417,19.198029],[73.995838,19.19801],[73.995881,19.197822],[73.99542,19.197642],[73.995327,19.197443],[73.996144,19.197788],[73.996397,19.197727],[73.995968,19.197243],[73.995955,19.197021],[73.996228,19.197257],[73.996793,19.197343],[73.997016,19.197283],[73.997075,19.196876],[73.99735,19.197041],[73.997504,19.196814],[73.997761,19.197102],[73.997905,19.196922],[73.998127,19.197385],[73.998602,19.197405],[73.998701,19.197949],[73.999286,19.19794],[73.999459,19.197203],[73.999243,19.196633],[73.999478,19.196394],[73.999892,19.196327],[73.999865,19.195969],[74.000123,19.196323],[74.000313,19.196193],[74.000482,19.195665],[74.001156,19.19583],[74.002391,19.195774],[73.999341,19.19526],[73.999065,19.19507],[73.998933,19.195138],[73.998943,19.195669],[73.998601,19.196501],[73.998062,19.196194],[73.997979,19.196333],[73.99776,19.196258],[73.997753,19.195848],[73.99737,19.195855],[73.997366,19.195426],[73.998322,19.195152],[73.998341,19.194852],[73.998701,19.194591],[73.998486,19.194593],[73.998424,19.194408],[73.998751,19.194387],[73.998974,19.194138],[73.998478,19.193735],[73.997486,19.193711],[73.996641,19.193332],[73.996636,19.19268],[73.996935,19.192189],[73.997305,19.191996],[73.998767,19.192015],[73.999601,19.192293],[73.999467,19.192009],[73.99892,19.191682],[73.998097,19.191682],[73.99689,19.191336],[73.996876,19.190447],[73.997166,19.19027],[73.997093,19.189806],[73.996981,19.189662],[73.996423,19.189652],[73.996434,19.189505],[73.997638,19.189269],[73.997472,19.189135],[73.997904,19.189066],[73.997654,19.18896],[73.997933,19.188638],[73.997791,19.188458],[73.9977,19.188598],[73.997383,19.188342],[73.996957,19.18842],[73.996753,19.188231],[73.996895,19.188137],[73.997136,19.188261],[73.997252,19.188041],[73.996664,19.187742],[73.996691,19.187476],[73.99701,19.187306],[73.997043,19.187113],[73.996672,19.186865],[73.996388,19.187108],[73.996131,19.18685],[73.99598,19.186967],[73.995712,19.186744],[73.996128,19.186733],[73.996037,19.18646],[73.995597,19.186386],[73.995613,19.186222],[73.995272,19.186305],[73.995559,19.185806],[73.995905,19.185581],[73.996077,19.18569],[73.996112,19.186024],[73.996806,19.186115],[73.996648,19.185829],[73.996377,19.185827],[73.996452,19.185576],[73.996211,19.185512],[73.996415,19.185036],[73.996085,19.185061],[73.996147,19.184925],[73.996654,19.184811],[73.996798,19.185087],[73.996991,19.184925],[73.996938,19.184631],[73.997394,19.184527],[73.997681,19.183998],[73.997303,19.183549],[73.996879,19.183554],[73.997008,19.183164],[73.996822,19.182275],[73.997501,19.181809],[73.998306,19.18174],[73.99848,19.181446],[73.999381,19.18154],[73.99933,19.180894],[73.999615,19.18058],[73.999864,19.179577],[74.000452,19.178726],[74.000532,19.177274],[74.001345,19.17809],[74.001803,19.177981],[74.001838,19.177416],[74.002149,19.177021],[74.002034,19.17636],[74.002549,19.175146],[74.002694,19.175075],[74.003158,19.175306],[74.003523,19.175736],[74.003426,19.175237],[74.003558,19.174776],[74.004196,19.174394],[74.004756,19.174406],[74.005408,19.174006],[74.005647,19.174482],[74.00636,19.174346],[74.006414,19.174617],[74.00676,19.174883],[74.00658,19.17527],[74.006787,19.175387],[74.006889,19.176109],[74.006556,19.176132],[74.006264,19.176398],[74.006291,19.176628],[74.006001,19.176684],[74.006103,19.176836],[74.005982,19.177114],[74.006433,19.177583],[74.007337,19.177644],[74.007594,19.177213],[74.007921,19.177297],[74.007892,19.177462],[74.008072,19.17754],[74.008125,19.17698],[74.008343,19.177198],[74.00874,19.177234],[74.008828,19.177545],[74.009,19.177254],[74.009947,19.177213],[74.009783,19.177348],[74.00992,19.177563],[74.010561,19.177593],[74.010086,19.177847],[74.011116,19.177593],[74.017183,19.174883],[74.021663,19.172106],[74.022188,19.171414],[74.021239,19.170981],[74.02064,19.170406],[74.020442,19.169892],[74.020643,19.169869],[74.020619,19.168653],[74.020659,19.168873],[74.021268,19.1686],[74.022202,19.169229],[74.023257,19.169456],[74.023489,19.168035],[74.022486,19.167932],[74.021716,19.167423],[74.020488,19.167064],[74.020493,19.166527],[74.020245,19.167062],[74.018405,19.167819],[74.018019,19.168147],[74.017981,19.168363],[74.017718,19.168223],[74.017777,19.167867],[74.017615,19.16787],[74.01762,19.168282],[74.017482,19.168361],[74.017663,19.168424],[74.017075,19.168661],[74.01693,19.16887],[74.017049,19.169016],[74.016263,19.169148],[74.01495,19.168844],[74.014458,19.168313],[74.01431,19.16784],[74.014619,19.167605],[74.014643,19.167323],[74.014461,19.167303],[74.014588,19.167036],[74.014156,19.167144],[74.014095,19.166691],[74.014614,19.166358],[74.014624,19.166702],[74.014936,19.166765],[74.014903,19.166289],[74.015217,19.166259],[74.014936,19.166023],[74.015222,19.165843],[74.014884,19.165711],[74.014734,19.165412],[74.015244,19.165114],[74.014783,19.165272],[74.014828,19.164907],[74.014718,19.164804],[74.01464,19.165278],[74.014505,19.165343],[74.014635,19.165586],[74.014367,19.165853],[74.014138,19.165842],[74.01419,19.165677],[74.014032,19.16567],[74.013817,19.16517],[74.013497,19.165195],[74.013385,19.165834],[74.013238,19.165553],[74.013168,19.164464],[74.013002,19.164274],[74.013283,19.164048],[74.013217,19.16355],[74.01298,19.163502],[74.013004,19.163858],[74.012701,19.163859],[74.012574,19.163669],[74.012691,19.163411],[74.012315,19.16295],[74.012513,19.162803],[74.012251,19.162755],[74.012413,19.162618],[74.012155,19.161948],[74.012556,19.161131],[74.012515,19.160736],[74.012233,19.161325],[74.011758,19.161641],[74.011854,19.161796],[74.011673,19.161819],[74.01191,19.162362],[74.011812,19.162804],[74.011954,19.163355],[74.011815,19.163473],[74.012062,19.163567],[74.012119,19.164223],[74.012438,19.164622],[74.012314,19.164812],[74.011992,19.164812],[74.01217,19.164899],[74.012163,19.165176],[74.011817,19.165157],[74.012072,19.165687],[74.011736,19.16582],[74.011933,19.165908],[74.011945,19.166192],[74.011942,19.166432],[74.011647,19.166686],[74.01176,19.167],[74.011432,19.167],[74.011171,19.166224],[74.01099,19.166575],[74.010659,19.166739],[74.010085,19.166378],[74.009995,19.166179],[74.010153,19.165716],[74.010039,19.165597],[74.009677,19.165803],[74.009749,19.165573],[74.009611,19.165336],[74.009741,19.165252],[74.009566,19.165284],[74.009579,19.165675],[74.009224,19.16567],[74.008707,19.16621],[74.00841,19.166221],[74.008504,19.165937],[74.008171,19.166261],[74.008225,19.165902],[74.007967,19.165782],[74.008053,19.16616],[74.007908,19.166266],[74.007672,19.165841],[74.007796,19.165509],[74.007567,19.165342],[74.007814,19.164392],[74.007559,19.164361],[74.00749,19.164574],[74.007398,19.164475],[74.007187,19.164675],[74.007278,19.164346],[74.007031,19.1639],[74.006924,19.164042],[74.006736,19.163902],[74.006827,19.164513],[74.006688,19.164468],[74.006717,19.164161],[74.00636,19.163918],[74.006245,19.164305],[74.006006,19.164128],[74.006092,19.163269],[74.006465,19.163076],[74.006363,19.163006],[74.005937,19.163297],[74.005754,19.164272],[74.005395,19.164637],[74.004276,19.164668],[74.003676,19.165144],[74.002656,19.165002],[74.002544,19.165438],[74.002823,19.165509],[74.002807,19.165686],[74.002367,19.165747],[74.002951,19.166127],[74.003649,19.166249],[74.003686,19.166548],[74.003418,19.166846],[74.002844,19.167029],[74.001819,19.166882],[74.000951,19.16596],[74.000135,19.165554],[73.999717,19.165605],[73.999711,19.166147],[73.998102,19.166117],[73.998072,19.166274],[73.999636,19.166487],[73.999239,19.166725],[73.999132,19.167237],[73.999287,19.168301],[73.999561,19.168564],[73.999121,19.169111],[73.998655,19.169091],[73.998086,19.167937],[73.997316,19.167261],[73.997106,19.167323],[73.997099,19.167655],[73.996621,19.168489],[73.996519,19.16814],[73.996161,19.168184],[73.995666,19.167278],[73.995401,19.167433],[73.995123,19.167249],[73.994839,19.167449],[73.994732,19.167599],[73.994881,19.1678],[73.994595,19.167718],[73.994921,19.168854],[73.994962,19.168149],[73.995228,19.168232],[73.995247,19.168434],[73.995117,19.168377],[73.994973,19.168915],[73.994462,19.168844],[73.994176,19.168593],[73.99402,19.168776],[73.993742,19.168665],[73.993633,19.168878],[73.993448,19.168885],[73.993641,19.168484],[73.99312,19.168517],[73.992915,19.168306],[73.992774,19.168569],[73.992509,19.16812],[73.992657,19.1687],[73.992497,19.168806],[73.992467,19.169379],[73.992339,19.169626],[73.992052,19.169418],[73.992031,19.169664],[73.99278,19.170006],[73.992508,19.170125],[73.992315,19.170459],[73.992405,19.170982],[73.993067,19.170791],[73.993373,19.17097],[73.993336,19.17144],[73.992976,19.17164],[73.993534,19.171721],[73.993751,19.171906],[73.993542,19.172369],[73.993861,19.172554],[73.993931,19.172787],[73.993263,19.173677],[73.99403,19.174014],[73.993558,19.17448],[73.993175,19.174498],[73.992837,19.174779],[73.99218,19.174776],[73.992032,19.174447],[73.991767,19.174503],[73.991906,19.174693],[73.991868,19.17525],[73.991619,19.175491],[73.991053,19.175432],[73.990562,19.174865],[73.990206,19.174796],[73.989889,19.174275],[73.989572,19.174358],[73.989441,19.174224],[73.988749,19.174353],[73.988848,19.174883],[73.989251,19.175222],[73.988476,19.175012],[73.988304,19.17522],[73.988416,19.17542],[73.988081,19.175536],[73.988223,19.175035],[73.987856,19.174181],[73.987741,19.174487],[73.987529,19.174313],[73.987145,19.174566],[73.9867,19.174224],[73.986512,19.174297],[73.986662,19.175133],[73.986306,19.175212],[73.986241,19.175554],[73.986453,19.175688],[73.986407,19.175838],[73.986998,19.176215],[73.986593,19.176448],[73.986113,19.176316],[73.985761,19.176],[73.985501,19.176104],[73.985944,19.175247],[73.985951,19.174946],[73.985662,19.174477],[73.984726,19.173978],[73.984865,19.173624],[73.984578,19.173317],[73.985091,19.173373],[73.985201,19.173031],[73.984844,19.172988],[73.984731,19.172451],[73.985539,19.171939],[73.985675,19.171353],[73.985858,19.171277],[73.985461,19.171338],[73.985565,19.171049],[73.984967,19.170619],[73.985163,19.171004],[73.985032,19.17166],[73.984192,19.171574],[73.984036,19.171997],[73.9838,19.171891],[73.983556,19.171267],[73.983587,19.170338],[73.982981,19.170119],[73.983127,19.169908],[73.98299,19.169671],[73.982722,19.169586],[73.98291,19.169341],[73.98282,19.169091],[73.982246,19.168861],[73.982706,19.169225],[73.982495,19.169632],[73.982848,19.169895],[73.982695,19.170293],[73.98321,19.1704],[73.983259,19.17053],[73.983288,19.170919],[73.983114,19.171025],[73.983292,19.171076],[73.982918,19.17121],[73.982727,19.171203],[73.982183,19.170502],[73.98247,19.171067],[73.982453,19.171474],[73.983092,19.171537],[73.983244,19.171849],[73.983083,19.171908],[73.983202,19.172163],[73.983078,19.172309],[73.983134,19.172734],[73.98363,19.173474],[73.983381,19.173822],[73.983564,19.173938],[73.983433,19.174101],[73.983225,19.174072],[73.983374,19.174353],[73.983247,19.174452],[73.983264,19.174875],[73.982597,19.174239],[73.982255,19.174133],[73.981618,19.174702],[73.981735,19.174226],[73.981397,19.173374],[73.980849,19.173781],[73.98044,19.173217],[73.979561,19.172807],[73.979308,19.171995],[73.978777,19.171589],[73.979217,19.172333],[73.97909,19.172463],[73.979292,19.172796],[73.979078,19.17278],[73.979123,19.172891],[73.979627,19.173065],[73.979505,19.173233],[73.979863,19.173607],[73.980363,19.173553],[73.980393,19.174042],[73.980555,19.174224],[73.980863,19.174191],[73.981191,19.174392],[73.981086,19.174729],[73.980751,19.174904],[73.980382,19.174672],[73.980157,19.174972],[73.979821,19.174799],[73.980033,19.174988],[73.979892,19.174914],[73.979982,19.175189],[73.98013,19.175188],[73.979929,19.175622],[73.980205,19.176859],[73.97996,19.176474],[73.979579,19.176506],[73.979702,19.176697],[73.97936,19.176824],[73.979188,19.17661],[73.97827,19.176603],[73.977835,19.176374],[73.977871,19.176185],[73.97772,19.176149],[73.977654,19.176355],[73.977451,19.176412],[73.977517,19.176674],[73.977299,19.176523],[73.977331,19.176837],[73.976745,19.176614],[73.976793,19.176439],[73.977141,19.1767],[73.976756,19.176224],[73.976554,19.176242],[73.976682,19.176472],[73.976577,19.176622],[73.976343,19.176243],[73.976296,19.176427],[73.975963,19.176063],[73.975971,19.176219],[73.975808,19.176179],[73.975936,19.175744],[73.975699,19.175798],[73.975391,19.175524],[73.9754,19.17582],[73.975213,19.175795],[73.975272,19.174986],[73.974777,19.175718],[73.974957,19.175947],[73.974697,19.176059],[73.975038,19.176297],[73.97521,19.17703],[73.974912,19.177205],[73.974684,19.177031],[73.974153,19.177118],[73.974071,19.176824],[73.973888,19.176832],[73.973444,19.176106],[73.973265,19.176637],[73.97261,19.176463],[73.972408,19.175579],[73.972274,19.175646],[73.972252,19.176058],[73.972105,19.176168],[73.971902,19.175947],[73.971877,19.176052],[73.972176,19.17637],[73.972059,19.17651],[73.972145,19.176838],[73.972905,19.177184],[73.973258,19.177579],[73.97319,19.177861],[73.972834,19.177876],[73.973021,19.178347],[73.973207,19.178273],[73.973399,19.178429],[73.973046,19.178863],[73.971256,19.17812],[73.970993,19.177346],[73.970843,19.177859],[73.970377,19.178118],[73.970077,19.178045],[73.969795,19.177467],[73.970341,19.177093],[73.969915,19.176912],[73.969577,19.176049],[73.969665,19.175036],[73.969484,19.174705],[73.969691,19.174161],[73.968442,19.172236],[73.968468,19.172499],[73.968875,19.17302],[73.969056,19.173787],[73.969463,19.174156],[73.969394,19.174382],[73.969146,19.174352],[73.968996,19.174512],[73.969231,19.174446],[73.969314,19.174563],[73.969153,19.175196],[73.969292,19.175411],[73.969197,19.176334],[73.969353,19.176474],[73.969139,19.17647],[73.969224,19.17677],[73.969074,19.177075],[73.969318,19.177277],[73.969109,19.177682],[73.969299,19.17784],[73.968537,19.178042],[73.968426,19.178247],[73.968175,19.178065],[73.967987,19.177558],[73.967767,19.177807],[73.96794,19.178029],[73.967876,19.178249],[73.967544,19.178016],[73.96766,19.178573],[73.967439,19.178636],[73.967113,19.178453],[73.967338,19.178101],[73.967049,19.177944],[73.966565,19.17714],[73.966837,19.177707],[73.966664,19.177861],[73.96684,19.178134],[73.965956,19.178633],[73.96681,19.178475],[73.966901,19.178735],[73.966405,19.178852],[73.965862,19.178749],[73.965081,19.178971],[73.9647,19.179301],[73.964558,19.179134],[73.964326,19.179318],[73.964023,19.179136],[73.963456,19.179581],[73.963068,19.17935],[73.962922,19.17964],[73.962005,19.179425],[73.961659,19.179892],[73.961136,19.179875],[73.960752,19.180043],[73.960479,19.179953],[73.960275,19.180432],[73.959992,19.180333],[73.959237,19.179457],[73.959725,19.18031],[73.96007,19.180619],[73.960367,19.180608],[73.960548,19.180263],[73.960752,19.180198],[73.961427,19.18019],[73.961531,19.180359],[73.961531,19.180209],[73.962331,19.179863],[73.961641,19.180628],[73.961719,19.181794],[73.961069,19.181967],[73.96129,19.182011],[73.961128,19.182239],[73.960672,19.182034],[73.959745,19.182255],[73.959923,19.183118],[73.958942,19.183488],[73.957525,19.183344],[73.957374,19.183143],[73.957483,19.182979],[73.957398,19.182379],[73.957112,19.182075],[73.956705,19.18207],[73.95669,19.182385],[73.956203,19.182595],[73.955978,19.182518],[73.956018,19.182076],[73.955783,19.181996],[73.955643,19.182038],[73.955703,19.18236],[73.955566,19.182504],[73.954829,19.182334],[73.954629,19.182443],[73.954209,19.18181],[73.954291,19.181124],[73.954064,19.180612],[73.9542,19.181325],[73.954008,19.181764],[73.954098,19.181872],[73.953942,19.18192],[73.954189,19.182315],[73.954079,19.183015],[73.9549,19.183078],[73.955644,19.183446],[73.955649,19.183862],[73.955011,19.184241],[73.95487,19.184503],[73.955142,19.184357],[73.955272,19.184708],[73.955753,19.184661],[73.955856,19.185718],[73.956844,19.185767],[73.95726,19.1864],[73.956926,19.186481],[73.95676,19.186238],[73.956129,19.186402],[73.956211,19.186784],[73.956037,19.186885],[73.955452,19.186626],[73.954024,19.186825],[73.95419,19.187581],[73.953937,19.187721],[73.953693,19.188269],[73.953659,19.189402],[73.953442,19.189512],[73.95328,19.189357],[73.952545,19.189376],[73.951676,19.189788],[73.951528,19.190137],[73.95277,19.189701],[73.953436,19.189753],[73.953576,19.189487],[73.953833,19.189516],[73.953918,19.189023],[73.955015,19.188616],[73.955079,19.1876],[73.955876,19.187711],[73.956404,19.187537],[73.957499,19.187544],[73.957716,19.188575],[73.958457,19.188474],[73.958588,19.187488],[73.958893,19.187301],[73.96006,19.186875],[73.962148,19.186863],[73.963225,19.185716],[73.963319,19.18475],[73.963188,19.183952],[73.963709,19.184147],[73.963857,19.184052],[73.96379,19.183656],[73.964102,19.18317],[73.963668,19.181145],[73.964285,19.181873],[73.964341,19.182163],[73.964836,19.181973],[73.964845,19.18172],[73.96497,19.18215],[73.965156,19.182222],[73.965628,19.1819],[73.965785,19.181294],[73.96613,19.18126],[73.966401,19.180636],[73.966553,19.180614],[73.966406,19.180865],[73.966645,19.18085],[73.967007,19.180253],[73.967365,19.1803],[73.967279,19.1805],[73.967407,19.180494],[73.967518,19.180883],[73.967687,19.180863],[73.967727,19.18031],[73.968,19.180175],[73.968199,19.179259],[73.968426,19.17926],[73.968695,19.17969],[73.968686,19.179547],[73.969216,19.180377],[73.969233,19.180274],[73.969646,19.180325],[73.969687,19.180122],[73.969827,19.180228],[73.97018,19.18009],[73.970715,19.180609],[73.970635,19.180009],[73.970727,19.180156],[73.971262,19.180234],[73.971182,19.18047],[73.971396,19.181107],[73.971623,19.181097],[73.971494,19.181177],[73.971014,19.181115],[73.971012,19.181448],[73.970839,19.181635],[73.971627,19.182084],[73.971788,19.182042],[73.971882,19.182151],[73.971755,19.182261],[73.972236,19.182351],[73.972159,19.182546],[73.972325,19.182721],[73.972322,19.183045],[73.971972,19.183376],[73.971358,19.183445],[73.970859,19.184037]],[[73.980776,19.176258],[73.980678,19.176081],[73.98114,19.175798],[73.980917,19.17547],[73.980824,19.175541],[73.98068,19.175422],[73.981285,19.175437],[73.981498,19.176018],[73.981343,19.175973],[73.981035,19.176286],[73.980776,19.176258]],[[73.983605,19.177168],[73.983516,19.176503],[73.983708,19.176463],[73.983949,19.176945],[73.983605,19.177168]],[[73.989414,19.177553],[73.989396,19.177811],[73.989827,19.178173],[73.989401,19.178161],[73.989157,19.177535],[73.989256,19.177294],[73.989634,19.177355],[73.989414,19.177553]],[[73.997225,19.189117],[73.996582,19.189148],[73.996642,19.188837],[73.996789,19.188844],[73.997225,19.189117]],[[73.994211,19.191132],[73.994158,19.191223],[73.994107,19.191142],[73.994211,19.191132]],[[73.993729,19.191504],[73.993588,19.191398],[73.993641,19.19136],[73.993729,19.191504]],[[73.99827,19.194709],[73.997865,19.194971],[73.997657,19.1948],[73.997544,19.19427],[73.998001,19.194173],[73.998034,19.194552],[73.99827,19.194709]]]]}},{"type":"Feature","properties":{"id":"wb_wadaj","name":"Wadaj Reservoir","district":"Pune","kind":"reservoir","tier":2,"drinking_water":false,"urban":false,"source":"osm","osm_id":"way/41853747","osm_name":"Vadaj Reservoir"},"geometry":{"type":"MultiPolygon","coordinates":[[[[73.816398,19.192028],[73.815851,19.19294],[73.81519,19.193486],[73.813877,19.194055],[73.811881,19.194369],[73.810948,19.194987],[73.809103,19.19521],[73.807644,19.194886],[73.806689,19.196203],[73.805755,19.196304],[73.804661,19.196203],[73.802494,19.1968],[73.801571,19.197236],[73.800209,19.197439],[73.798096,19.198138],[73.796797,19.198249],[73.7961,19.199516],[73.795856,19.199727],[73.794609,19.200124],[73.794609,19.200326],[73.79566,19.200225],[73.798163,19.198988],[73.803138,19.197459],[73.803567,19.197074],[73.804407,19.197468],[73.806109,19.197337],[73.807991,19.195988],[73.809182,19.196171],[73.811864,19.195097],[73.813115,19.195929],[73.815862,19.194508],[73.81718,19.193336],[73.817918,19.192115],[73.819813,19.190731],[73.820663,19.18971],[73.821858,19.188662],[73.821819,19.187972],[73.821971,19.18779],[73.821812,19.187401],[73.821843,19.186859],[73.822793,19.185999],[73.823235,19.18515],[73.823706,19.184967],[73.825777,19.184994],[73.826336,19.184592],[73.82675,19.18375],[73.8275,19.18],[73.82825,19.1795],[73.83225,19.17975],[73.8335,19.17925],[73.834,19.17925],[73.83625,19.177],[73.837,19.1775],[73.84,19.1775],[73.841,19.178],[73.841,19.17725],[73.8395,19.17575],[73.84,19.175],[73.84375,19.17425],[73.845,19.17275],[73.8455,19.17275],[73.84775,19.1705],[73.84925,19.1695],[73.84975,19.16825],[73.849,19.16775],[73.84875,19.16725],[73.85175,19.164],[73.852,19.16325],[73.85425,19.16125],[73.85525,19.16125],[73.85625,19.1605],[73.85675,19.16125],[73.857,19.16],[73.859,19.159],[73.85814,19.157003],[73.857794,19.155788],[73.85525,19.15225],[73.84825,19.14825],[73.84725,19.149],[73.846,19.149],[73.84575,19.15025],[73.84525,19.15],[73.84425,19.15025],[73.844,19.1505],[73.8445,19.1515],[73.843,19.15225],[73.8425,19.15275],[73.84275,19.15325],[73.841,19.15425],[73.8405,19.1555],[73.840608,19.1588],[73.839889,19.159783],[73.840061,19.160969],[73.83725,19.16225],[73.837,19.1625],[73.83725,19.163],[73.83875,19.163],[73.83825,19.164],[73.8385,19.16525],[73.83575,19.166],[73.8355,19.16625],[73.83825,19.168],[73.84075,19.16775],[73.84075,19.1685],[73.8385,19.17075],[73.838,19.1705],[73.837,19.17125],[73.838,19.17175],[73.83675,19.17275],[73.837,19.17325],[73.83675,19.17425],[73.836,19.1735],[73.8355,19.17375],[73.835,19.17375],[73.83425,19.172],[73.833,19.171],[73.83175,19.1715],[73.83125,19.171],[73.8305,19.172],[73.82925,19.17225],[73.829,19.1725],[73.82975,19.173],[73.83175,19.17225],[73.83175,19.17275],[73.834,19.17525],[73.83325,19.17575],[73.83375,19.17625],[73.83275,19.17675],[73.833,19.17725],[73.83275,19.1775],[73.8315,19.17675],[73.8295,19.17725],[73.8285,19.179],[73.82775,19.17875],[73.82725,19.179],[73.82675,19.1795],[73.82575,19.18325],[73.82575,19.18375],[73.82525,19.18425],[73.82375,19.184],[73.822074,19.185077],[73.822212,19.185289],[73.821386,19.186405],[73.821012,19.186546],[73.819681,19.188401],[73.819059,19.188664],[73.816903,19.190539],[73.816398,19.192028]]]]}},{"type":"Feature","properties":{"id":"wb_valvan","name":"Valvan Reservoir (Lonavala)","district":"Pune","kind":"reservoir","tier":2,"drinking_water":false,"urban":false,"source":"osm","osm_id":"way/1286534028","osm_name":"valvan dam"},"geometry":{"type":"MultiPolygon","coordinates":[[[[73.426012,18.780221],[73.427396,18.781009],[73.428926,18.783348],[73.429537,18.783589],[73.430089,18.78447],[73.429916,18.785176],[73.431549,18.786528],[73.432879,18.788893],[73.43435,18.790633],[73.436091,18.790982],[73.43781,18.790377],[73.439141,18.787316],[73.441898,18.782883],[73.44152,18.77977],[73.4398,18.776504],[73.437335,18.774528],[73.436999,18.773432],[73.438027,18.773105],[73.438027,18.771569],[73.437378,18.770412],[73.436578,18.769951],[73.435734,18.769142],[73.4359,18.768937],[73.435497,18.768256],[73.426868,18.765307],[73.423668,18.764426],[73.423416,18.76586],[73.423693,18.767197],[73.424652,18.767711],[73.423946,18.768463],[73.422104,18.768631],[73.421019,18.770506],[73.418887,18.771342],[73.418647,18.772967],[73.419883,18.773158],[73.420375,18.773851],[73.419959,18.774985],[73.418597,18.775869],[73.419164,18.777314],[73.417221,18.777482],[73.416061,18.777744],[73.416048,18.779428],[73.416793,18.779596],[73.416957,18.780611],[73.415796,18.781435],[73.416111,18.782331],[73.416515,18.781913],[73.416099,18.783585],[73.414597,18.78343],[73.412188,18.784409],[73.413929,18.784851],[73.413626,18.786738],[73.414989,18.78798],[73.416364,18.790166],[73.418433,18.792077],[73.420691,18.793175],[73.420678,18.787705],[73.421334,18.786129],[73.421473,18.784194],[73.423365,18.781363],[73.424185,18.780587],[73.426012,18.780221]]]]}},{"type":"Feature","properties":{"id":"wb_uksan","name":"Uksan Lake","district":"Pune","kind":"lake","tier":2,"drinking_water":false,"urban":false,"source":"osm","osm_id":"relation/8053616","osm_name":"Uksan"},"geometry":{"type":"MultiPolygon","coordinates":[[[[73.481959,18.84436],[73.479556,18.845253],[73.479202,18.845507],[73.478955,18.846249],[73.478633,18.846634],[73.477802,18.846868],[73.477823,18.847421],[73.477024,18.847497],[73.476986,18.847782],[73.477295,18.847858],[73.477906,18.848482],[73.47781,18.849061],[73.478885,18.850285],[73.478872,18.850617],[73.478078,18.851138],[73.474301,18.850815],[73.474221,18.851374],[73.475594,18.851511],[73.475787,18.851678],[73.477308,18.851754],[73.477823,18.85194],[73.478276,18.852384],[73.479888,18.851853],[73.480387,18.851264],[73.480795,18.851158],[73.481077,18.850439],[73.480776,18.850376],[73.480076,18.849681],[73.480554,18.849081],[73.479934,18.848957],[73.479757,18.848754],[73.479953,18.847932],[73.479744,18.847683],[73.479736,18.847388],[73.480001,18.846975],[73.480481,18.84682],[73.481173,18.846045],[73.482316,18.845672],[73.482831,18.845926],[73.482772,18.846233],[73.483386,18.84697],[73.483418,18.847421],[73.483692,18.847878],[73.483727,18.848348],[73.483257,18.848744],[73.484024,18.848901],[73.484322,18.848645],[73.485057,18.848698],[73.485349,18.849645],[73.485258,18.850033],[73.484934,18.850257],[73.48547,18.850071],[73.485711,18.850211],[73.486157,18.849592],[73.486567,18.849452],[73.487117,18.849589],[73.487439,18.84985],[73.487919,18.850757],[73.487769,18.851219],[73.488024,18.85149],[73.487908,18.852526],[73.488174,18.853201],[73.488418,18.853417],[73.488077,18.852698],[73.488689,18.853026],[73.488107,18.852498],[73.48834,18.852054],[73.488359,18.851348],[73.489169,18.850973],[73.488925,18.850871],[73.48911,18.850683],[73.488678,18.850132],[73.488681,18.849503],[73.488284,18.849404],[73.487855,18.848604],[73.48679,18.848091],[73.486843,18.847759],[73.486524,18.847787],[73.485776,18.847444],[73.485706,18.847198],[73.485974,18.846733],[73.485526,18.846941],[73.485167,18.846812],[73.484947,18.846198],[73.484952,18.845601],[73.486009,18.845934],[73.486165,18.845528],[73.487149,18.845533],[73.488922,18.844624],[73.489051,18.844746],[73.489051,18.844462],[73.48918,18.844543],[73.48978,18.843933],[73.489995,18.843933],[73.49139,18.842979],[73.491518,18.842451],[73.492076,18.84172],[73.492012,18.841456],[73.491733,18.841558],[73.491948,18.841436],[73.491926,18.841293],[73.491797,18.841375],[73.491669,18.841253],[73.49154,18.841537],[73.491025,18.841862],[73.490639,18.841821],[73.490105,18.84158],[73.490033,18.841418],[73.490183,18.841349],[73.490046,18.841012],[73.490714,18.839674],[73.4911,18.839316],[73.491124,18.838794],[73.491607,18.838573],[73.491862,18.837392],[73.492449,18.83628],[73.492792,18.835968],[73.493074,18.835889],[73.493455,18.836054],[73.49449,18.837305],[73.49478,18.838199],[73.494884,18.839274],[73.49533,18.838672],[73.495597,18.838627],[73.496081,18.838164],[73.496939,18.838002],[73.497441,18.838389],[73.49757,18.837902],[73.497999,18.837699],[73.497999,18.83713],[73.498707,18.836257],[73.499823,18.836216],[73.500466,18.835729],[73.501282,18.83577],[73.501131,18.835546],[73.501174,18.835221],[73.501604,18.835059],[73.501539,18.834876],[73.501925,18.835079],[73.502462,18.834856],[73.502247,18.834368],[73.50199,18.834328],[73.502119,18.833962],[73.501647,18.833718],[73.501711,18.833536],[73.501475,18.833637],[73.501582,18.833414],[73.501346,18.833556],[73.501153,18.834023],[73.500509,18.833658],[73.500381,18.833739],[73.500145,18.833475],[73.500617,18.832581],[73.500295,18.832236],[73.499715,18.832419],[73.499587,18.831403],[73.4989,18.830672],[73.498642,18.829778],[73.499136,18.829555],[73.499308,18.829311],[73.499608,18.829271],[73.499694,18.828986],[73.500917,18.830022],[73.501003,18.83051],[73.501604,18.831119],[73.501732,18.831525],[73.502076,18.831728],[73.50199,18.83185],[73.502161,18.831931],[73.502333,18.832744],[73.503149,18.834287],[73.504007,18.834896],[73.503857,18.835323],[73.503106,18.835465],[73.503277,18.835871],[73.503106,18.836156],[73.502119,18.836724],[73.502784,18.836704],[73.503127,18.837313],[73.503428,18.837273],[73.503771,18.836785],[73.504157,18.836866],[73.50405,18.837049],[73.504372,18.837069],[73.504629,18.837354],[73.505144,18.836948],[73.505487,18.836948],[73.505638,18.837333],[73.505402,18.837597],[73.504844,18.838004],[73.504694,18.837943],[73.504715,18.83776],[73.504522,18.837902],[73.504822,18.838146],[73.504822,18.838593],[73.505144,18.838735],[73.50553,18.838532],[73.505938,18.838958],[73.50626,18.839669],[73.506582,18.83908],[73.506947,18.838897],[73.507011,18.83908],[73.506753,18.839649],[73.507376,18.839994],[73.507504,18.83975],[73.507676,18.83975],[73.507998,18.840501],[73.508599,18.840786],[73.50832,18.841375],[73.508277,18.84109],[73.507676,18.84105],[73.507783,18.841395],[73.507419,18.841456],[73.50729,18.8417],[73.507011,18.841761],[73.507569,18.842167],[73.507247,18.842187],[73.507354,18.842329],[73.507097,18.842573],[73.507526,18.842817],[73.50744,18.842979],[73.508019,18.842959],[73.508062,18.842756],[73.508363,18.842837],[73.508406,18.842674],[73.508792,18.842878],[73.508985,18.842735],[73.508813,18.842492],[73.508921,18.842065],[73.508663,18.842065],[73.508492,18.842268],[73.508363,18.842146],[73.508363,18.842471],[73.508041,18.842329],[73.507912,18.841923],[73.508213,18.841598],[73.508105,18.841375],[73.508363,18.841578],[73.508921,18.841537],[73.509414,18.841761],[73.5095,18.842085],[73.509242,18.842532],[73.509607,18.842837],[73.510036,18.842674],[73.51023,18.84306],[73.510101,18.843345],[73.510337,18.843568],[73.510723,18.843284],[73.510873,18.843345],[73.511002,18.84371],[73.510916,18.843994],[73.511152,18.84438],[73.511646,18.844197],[73.511603,18.844076],[73.512053,18.843568],[73.512332,18.843751],[73.512354,18.843974],[73.512461,18.843913],[73.512397,18.843487],[73.512526,18.843649],[73.512955,18.843405],[73.513212,18.843487],[73.513427,18.843365],[73.514392,18.843588],[73.514285,18.843365],[73.51347,18.843284],[73.513341,18.842715],[73.512998,18.842715],[73.512955,18.842553],[73.512526,18.842634],[73.512332,18.84237],[73.512633,18.841436],[73.512912,18.841334],[73.513041,18.841497],[73.513126,18.841375],[73.513126,18.841578],[73.513813,18.841659],[73.513684,18.841943],[73.513813,18.841862],[73.514607,18.842167],[73.514457,18.84239],[73.513899,18.842187],[73.513663,18.842289],[73.513534,18.842817],[73.514199,18.843081],[73.514049,18.842817],[73.514435,18.842898],[73.514607,18.842573],[73.514521,18.84241],[73.514736,18.842207],[73.51465,18.841923],[73.514843,18.842025],[73.515015,18.841903],[73.515208,18.841517],[73.514843,18.841537],[73.514714,18.841375],[73.514414,18.841456],[73.514543,18.841212],[73.514242,18.841172],[73.514028,18.841334],[73.513727,18.84109],[73.513191,18.841314],[73.512933,18.840583],[73.513062,18.840298],[73.51259,18.839973],[73.51289,18.839486],[73.512933,18.838836],[73.512204,18.838511],[73.512354,18.838247],[73.512847,18.838389],[73.512719,18.838186],[73.512847,18.837983],[73.512397,18.837882],[73.513019,18.837861],[73.512204,18.837496],[73.512375,18.837049],[73.512933,18.836683],[73.512719,18.836643],[73.512762,18.836481],[73.513298,18.836338],[73.513684,18.836623],[73.513985,18.836623],[73.514006,18.836481],[73.513641,18.836135],[73.51377,18.836541],[73.513427,18.836095],[73.513191,18.836115],[73.513319,18.836196],[73.513212,18.836338],[73.512397,18.836338],[73.512053,18.836095],[73.511367,18.836379],[73.511174,18.835952],[73.511989,18.835262],[73.512075,18.834775],[73.511946,18.834653],[73.512075,18.834571],[73.511925,18.83447],[73.51171,18.834632],[73.510895,18.834632],[73.510272,18.834125],[73.510358,18.833759],[73.510723,18.833454],[73.511174,18.833515],[73.510659,18.832947],[73.511152,18.832561],[73.511453,18.832764],[73.511431,18.8325],[73.511603,18.832378],[73.511517,18.832175],[73.511131,18.832175],[73.511002,18.831931],[73.511174,18.831688],[73.511066,18.831545],[73.510337,18.831667],[73.510272,18.831931],[73.50965,18.83252],[73.509479,18.832398],[73.509264,18.832723],[73.508706,18.832886],[73.508556,18.832053],[73.509049,18.831992],[73.509242,18.832175],[73.508942,18.831647],[73.508577,18.831748],[73.508406,18.831627],[73.508427,18.831809],[73.508234,18.831911],[73.508105,18.831302],[73.507976,18.831505],[73.507397,18.831484],[73.507504,18.831221],[73.507848,18.831302],[73.508041,18.83116],[73.507826,18.831078],[73.507976,18.830733],[73.50847,18.830672],[73.508256,18.830591],[73.508191,18.830083],[73.507826,18.830103],[73.507869,18.829657],[73.507204,18.829555],[73.506904,18.830164],[73.506646,18.82988],[73.50626,18.830327],[73.50596,18.830286],[73.505852,18.830063],[73.506067,18.8299],[73.505981,18.829697],[73.506238,18.829697],[73.50611,18.829251],[73.506002,18.829393],[73.505745,18.829271],[73.504458,18.828255],[73.5042,18.827565],[73.503342,18.827281],[73.502677,18.826529],[73.502591,18.826123],[73.50287,18.825778],[73.503599,18.825737],[73.504415,18.82659],[73.504715,18.826346],[73.505144,18.826346],[73.505917,18.826712],[73.506389,18.826752],[73.506753,18.827098],[73.507097,18.827829],[73.507912,18.828357],[73.507783,18.828926],[73.508878,18.82919],[73.5095,18.830388],[73.509865,18.830083],[73.510058,18.830347],[73.509994,18.830611],[73.51023,18.83051],[73.510208,18.830286],[73.510444,18.830225],[73.510315,18.830144],[73.510423,18.830002],[73.510745,18.829941],[73.510916,18.829535],[73.510723,18.829433],[73.510552,18.829555],[73.510401,18.829332],[73.510487,18.828641],[73.510723,18.828499],[73.510895,18.828621],[73.51083,18.828479],[73.510959,18.828398],[73.510594,18.828296],[73.510423,18.828499],[73.510272,18.828316],[73.510466,18.827443],[73.51141,18.82858],[73.511796,18.828458],[73.512182,18.828621],[73.512247,18.828885],[73.512783,18.829311],[73.513212,18.829352],[73.513384,18.828986],[73.514028,18.829068],[73.514092,18.828851],[73.513856,18.828743],[73.513641,18.828865],[73.513255,18.828743],[73.513041,18.828905],[73.512719,18.828154],[73.512826,18.827849],[73.513148,18.827869],[73.512933,18.827585],[73.513234,18.827544],[73.513277,18.82722],[73.513062,18.826976],[73.513727,18.826874],[73.513835,18.826732],[73.513963,18.826245],[73.513577,18.826042],[73.513491,18.825717],[73.513856,18.825778],[73.513856,18.825981],[73.514736,18.826488],[73.515079,18.827423],[73.515315,18.827484],[73.515916,18.826509],[73.516259,18.826549],[73.516624,18.826366],[73.516517,18.826184],[73.516474,18.826346],[73.516152,18.826204],[73.516667,18.825473],[73.516066,18.825026],[73.516173,18.824843],[73.517418,18.825371],[73.517675,18.82525],[73.51789,18.825574],[73.518276,18.825574],[73.518169,18.825351],[73.518255,18.824823],[73.518062,18.824843],[73.517826,18.824579],[73.517911,18.824254],[73.51774,18.824132],[73.517911,18.823686],[73.518319,18.823584],[73.518834,18.824031],[73.519306,18.82395],[73.519113,18.823808],[73.519521,18.823665],[73.519521,18.823503],[73.519735,18.823787],[73.519929,18.823686],[73.519757,18.823604],[73.519886,18.823198],[73.518963,18.822203],[73.518727,18.822223],[73.518813,18.822345],[73.518443,18.822529],[73.518264,18.822231],[73.518362,18.821878],[73.517289,18.821391],[73.517439,18.821248],[73.517268,18.820964],[73.516495,18.820436],[73.515595,18.818921],[73.51551,18.81913],[73.515453,18.818939],[73.511547,18.818962],[73.511581,18.819766],[73.511367,18.819522],[73.511281,18.819685],[73.511023,18.819644],[73.510959,18.819948],[73.510788,18.82003],[73.511109,18.820172],[73.51141,18.819969],[73.51156,18.82003],[73.51141,18.820213],[73.511066,18.820253],[73.510637,18.820091],[73.510594,18.820253],[73.510165,18.819766],[73.510122,18.820091],[73.509522,18.819563],[73.509178,18.819563],[73.508685,18.819948],[73.508878,18.820172],[73.509049,18.82005],[73.5092,18.820152],[73.508792,18.820578],[73.508577,18.820538],[73.50847,18.820842],[73.508105,18.821066],[73.507504,18.820984],[73.507504,18.821147],[73.507161,18.821147],[73.507054,18.821086],[73.507183,18.820883],[73.506947,18.820619],[73.506775,18.8207],[73.506689,18.820578],[73.50626,18.820984],[73.506281,18.82068],[73.506002,18.820659],[73.505852,18.820883],[73.506196,18.82133],[73.505487,18.821553],[73.504779,18.82133],[73.504887,18.821147],[73.504887,18.821309],[73.504994,18.821248],[73.50508,18.821005],[73.504994,18.820802],[73.505123,18.820761],[73.504972,18.820659],[73.504586,18.820903],[73.503728,18.820903],[73.503728,18.821147],[73.503513,18.820903],[73.503428,18.821228],[73.502998,18.821147],[73.502912,18.820984],[73.502698,18.821309],[73.502333,18.821289],[73.502569,18.821066],[73.502269,18.820984],[73.502247,18.821167],[73.50214,18.821188],[73.50214,18.821025],[73.501904,18.821045],[73.501968,18.820903],[73.501668,18.821066],[73.501496,18.820944],[73.501389,18.821126],[73.501647,18.821248],[73.501604,18.821533],[73.500681,18.822528],[73.500209,18.822731],[73.499908,18.82269],[73.499737,18.822203],[73.499372,18.822467],[73.499286,18.823117],[73.498836,18.823381],[73.498514,18.82332],[73.498814,18.823645],[73.498384,18.825897],[73.497591,18.825981],[73.497398,18.825838],[73.497376,18.825493],[73.497312,18.826285],[73.497133,18.826487],[73.494794,18.826629],[73.493893,18.827278],[73.493528,18.82734],[73.493657,18.827543],[73.493571,18.827989],[73.493141,18.828314],[73.493313,18.82933],[73.493227,18.829614],[73.493978,18.829838],[73.495717,18.830792],[73.496575,18.833067],[73.496618,18.833676],[73.496167,18.834468],[73.495695,18.834549],[73.49312,18.833209],[73.492283,18.83262],[73.491747,18.831909],[73.491232,18.831787],[73.49121,18.833676],[73.490867,18.834245],[73.490824,18.834691],[73.490567,18.834895],[73.490138,18.835747],[73.489537,18.836194],[73.489408,18.836763],[73.48885,18.837413],[73.488635,18.838063],[73.488163,18.838469],[73.488914,18.838733],[73.488893,18.838956],[73.489193,18.839322],[73.488979,18.839687],[73.488893,18.841312],[73.489129,18.841698],[73.489361,18.84163],[73.490059,18.842126],[73.489845,18.842248],[73.489931,18.842817],[73.488536,18.844137],[73.486884,18.844972],[73.486465,18.845002],[73.485956,18.844517],[73.485618,18.844624],[73.485274,18.844421],[73.485193,18.844344],[73.485376,18.844195],[73.48528,18.843639],[73.484282,18.842822],[73.48484,18.8424],[73.484888,18.841624],[73.485301,18.840953],[73.484987,18.840781],[73.485024,18.840655],[73.486159,18.840075],[73.486159,18.839918],[73.48573,18.839638],[73.485824,18.839278],[73.486511,18.838778],[73.48675,18.83909],[73.48665,18.839387],[73.486902,18.839147],[73.486931,18.83881],[73.487095,18.838731],[73.48701,18.838212],[73.487495,18.836772],[73.487138,18.836184],[73.487189,18.835518],[73.486868,18.834836],[73.484825,18.832667],[73.484227,18.832489],[73.483805,18.831702],[73.483979,18.832401],[73.483611,18.832361],[73.483156,18.832707],[73.483853,18.832958],[73.483774,18.833656],[73.48444,18.833975],[73.484483,18.834512],[73.485492,18.834974],[73.485717,18.83527],[73.485771,18.835784],[73.485485,18.836171],[73.48554,18.836776],[73.485274,18.837259],[73.484568,18.837859],[73.484193,18.838431],[73.48348,18.838632],[73.482674,18.838268],[73.483146,18.838764],[73.48412,18.839199],[73.484507,18.83975],[73.484588,18.840168],[73.483182,18.841882],[73.482699,18.842045],[73.481573,18.841507],[73.481627,18.842339],[73.481015,18.842776],[73.481594,18.843192],[73.482002,18.843913],[73.481959,18.84436]],[[73.5092,18.819989],[73.509586,18.819867],[73.509264,18.820091],[73.5092,18.819989]],[[73.510358,18.831891],[73.510509,18.831789],[73.510916,18.83185],[73.510509,18.832073],[73.510358,18.831891]],[[73.497677,18.837435],[73.49787,18.837618],[73.497527,18.837618],[73.497677,18.837435]],[[73.491197,18.841903],[73.491025,18.842025],[73.490961,18.841964],[73.491197,18.841903]],[[73.49169,18.842207],[73.491433,18.842451],[73.491175,18.84237],[73.491454,18.842187],[73.49169,18.842207]],[[73.508062,18.84239],[73.507891,18.842715],[73.507698,18.842613],[73.507848,18.842593],[73.508062,18.84239]],[[73.508513,18.842613],[73.50862,18.842553],[73.508728,18.842695],[73.508663,18.842756],[73.508513,18.842613]],[[73.483987,18.845883],[73.484159,18.845883],[73.484159,18.846005],[73.483944,18.846045],[73.483987,18.845883]],[[73.510916,18.820477],[73.510702,18.820436],[73.510809,18.820253],[73.510916,18.820477]],[[73.517718,18.821797],[73.517633,18.821634],[73.517783,18.821695],[73.517718,18.821797]],[[73.518963,18.823178],[73.518877,18.822975],[73.519242,18.823076],[73.518963,18.823178]],[[73.512289,18.837171],[73.511946,18.837374],[73.512075,18.837496],[73.511946,18.837577],[73.512011,18.837841],[73.511646,18.837577],[73.511603,18.83713],[73.511796,18.836988],[73.512182,18.836948],[73.512289,18.837171]],[[73.512075,18.842289],[73.511839,18.842268],[73.511818,18.842167],[73.512075,18.842289]],[[73.514392,18.842695],[73.514264,18.842654],[73.514285,18.842512],[73.514392,18.842573],[73.514392,18.842695]],[[73.512869,18.843365],[73.513041,18.843121],[73.513105,18.843182],[73.513105,18.843263],[73.512869,18.843365]]]]}},{"type":"Feature","properties":{"id":"wb_gunjavani","name":"Gunjavani Reservoir","district":"Pune","kind":"reservoir","tier":2,"drinking_water":false,"urban":false,"source":"osm","osm_id":"way/243997054","osm_name":"Gunjavani Reservoir"},"geometry":{"type":"MultiPolygon","coordinates":[[[[73.626174,18.308231],[73.626314,18.308217],[73.62624,18.308034],[73.626475,18.307546],[73.626123,18.306919],[73.625061,18.305819],[73.624546,18.304118],[73.624629,18.303706],[73.623569,18.299381],[73.621649,18.298922],[73.620511,18.298922],[73.619412,18.298693],[73.618838,18.298031],[73.618843,18.297344],[73.6191,18.2974],[73.619347,18.298001],[73.619487,18.297929],[73.619589,18.298087],[73.620029,18.298153],[73.620608,18.298647],[73.621166,18.298505],[73.621262,18.29823],[73.620012,18.297781],[73.618956,18.296941],[73.618585,18.296992],[73.618714,18.297313],[73.618414,18.29744],[73.61821,18.297878],[73.617765,18.297858],[73.61718,18.29714],[73.616762,18.297359],[73.61659,18.297975],[73.616322,18.297863],[73.616188,18.298036],[73.615538,18.297608],[73.615056,18.297832],[73.614889,18.297741],[73.614546,18.297338],[73.614568,18.297002],[73.614208,18.297007],[73.614142,18.296718],[73.614208,18.296534],[73.615082,18.296091],[73.614557,18.295846],[73.614745,18.295423],[73.61468,18.294904],[73.615168,18.294466],[73.615061,18.294211],[73.6146,18.294298],[73.614401,18.294522],[73.613924,18.294547],[73.61364,18.294221],[73.613323,18.294211],[73.613071,18.293676],[73.612931,18.293916],[73.612695,18.293941],[73.612636,18.29441],[73.612481,18.294456],[73.611703,18.293707],[73.611928,18.293473],[73.61144,18.29334],[73.61115,18.292938],[73.611006,18.293381],[73.611215,18.294028],[73.611118,18.294792],[73.611365,18.29552],[73.611075,18.295688],[73.610871,18.295479],[73.610737,18.295663],[73.610592,18.295576],[73.610716,18.295337],[73.610507,18.29496],[73.60996,18.294833],[73.609949,18.294379],[73.609788,18.294313],[73.609536,18.294614],[73.609396,18.294568],[73.60923,18.293366],[73.608822,18.293289],[73.608522,18.293692],[73.608211,18.293366],[73.607009,18.293238],[73.606339,18.293452],[73.606194,18.293702],[73.606199,18.294211],[73.606526,18.294863],[73.606339,18.295133],[73.605652,18.295102],[73.604439,18.294328],[73.604321,18.294721],[73.603533,18.294889],[73.60305,18.29471],[73.602567,18.294873],[73.602326,18.295311],[73.602143,18.295362],[73.601135,18.295113],[73.600792,18.294532],[73.600926,18.293941],[73.601639,18.293131],[73.602009,18.292948],[73.602878,18.292912],[73.602841,18.292719],[73.602455,18.292622],[73.60246,18.292515],[73.603029,18.292469],[73.603098,18.292276],[73.603125,18.292067],[73.602669,18.291364],[73.602412,18.291211],[73.601891,18.291252],[73.601629,18.291583],[73.601409,18.291196],[73.600985,18.291216],[73.600819,18.291675],[73.600883,18.292001],[73.599858,18.292566],[73.598684,18.292077],[73.598576,18.292128],[73.598732,18.292311],[73.598646,18.292408],[73.598303,18.29196],[73.598056,18.291929],[73.597868,18.291985],[73.59775,18.29253],[73.597112,18.29253],[73.596747,18.292418],[73.596983,18.291909],[73.596801,18.291715],[73.596119,18.292367],[73.595846,18.292184],[73.595851,18.291491],[73.596355,18.291099],[73.596377,18.290773],[73.596935,18.290503],[73.596945,18.290381],[73.596591,18.290284],[73.596591,18.289897],[73.594462,18.291191],[73.593609,18.291058],[73.592992,18.290529],[73.591694,18.290432],[73.59113,18.290564],[73.589258,18.29032],[73.578958,18.291461],[73.586898,18.293376],[73.589816,18.294354],[73.591216,18.292744],[73.591613,18.292678],[73.592005,18.292204],[73.593346,18.292897],[73.594156,18.292637],[73.594328,18.292709],[73.59436,18.292958],[73.5934,18.294624],[73.593641,18.294624],[73.594354,18.293941],[73.594918,18.294028],[73.595004,18.294354],[73.59436,18.295479],[73.594295,18.295938],[73.594472,18.295999],[73.594606,18.295739],[73.595052,18.295841],[73.595062,18.295362],[73.595395,18.295383],[73.595395,18.29496],[73.595272,18.294878],[73.595787,18.294501],[73.596532,18.294486],[73.597181,18.294909],[73.597278,18.295092],[73.596972,18.295602],[73.597412,18.295754],[73.597621,18.296518],[73.597868,18.296488],[73.598265,18.295933],[73.599177,18.296345],[73.599193,18.29744],[73.598968,18.297858],[73.599349,18.298006],[73.599644,18.297323],[73.600239,18.297369],[73.600454,18.297751],[73.600303,18.298347],[73.600513,18.298434],[73.601489,18.297552],[73.601757,18.297705],[73.60209,18.298658],[73.602809,18.298688],[73.602519,18.298332],[73.602803,18.297578],[73.603764,18.297226],[73.604831,18.297124],[73.605105,18.297318],[73.605115,18.298367],[73.605443,18.298652],[73.605732,18.298683],[73.605673,18.29824],[73.606279,18.2974],[73.607562,18.297425],[73.607508,18.297934],[73.607658,18.298219],[73.607143,18.298647],[73.606832,18.299152],[73.606859,18.299366],[73.607191,18.299197],[73.607422,18.299381],[73.607068,18.299753],[73.608055,18.299671],[73.608431,18.299967],[73.608205,18.300659],[73.608538,18.300929],[73.608506,18.301362],[73.609015,18.300975],[73.609396,18.301168],[73.609884,18.301123],[73.609847,18.301668],[73.609074,18.301907],[73.608951,18.302116],[73.6093,18.302218],[73.609096,18.3026],[73.60974,18.302223],[73.609868,18.302299],[73.609992,18.30261],[73.609852,18.303155],[73.61122,18.30152],[73.61144,18.301739],[73.610791,18.303476],[73.611086,18.303257],[73.611751,18.302197],[73.611955,18.302309],[73.612175,18.302111],[73.612695,18.302106],[73.613344,18.303012],[73.613291,18.303333],[73.613626,18.303898],[73.613551,18.304143],[73.613741,18.304728],[73.614036,18.304838],[73.614152,18.304637],[73.614374,18.304726],[73.614597,18.304515],[73.614468,18.304232],[73.614605,18.303901],[73.614353,18.303557],[73.614565,18.302819],[73.614289,18.301851],[73.614398,18.301477],[73.614656,18.301296],[73.615225,18.30165],[73.615265,18.302032],[73.615585,18.302584],[73.615885,18.302554],[73.615978,18.30276],[73.616108,18.302564],[73.616189,18.302773],[73.616391,18.302597],[73.617147,18.302721],[73.617706,18.303323],[73.618408,18.303236],[73.619202,18.303715],[73.619513,18.304433],[73.620356,18.304525],[73.620549,18.304774],[73.621139,18.304841],[73.621134,18.305197],[73.621305,18.305212],[73.62137,18.304998],[73.621713,18.3051],[73.62225,18.306462],[73.621826,18.306613],[73.621327,18.307397],[73.620914,18.307514],[73.620227,18.307372],[73.61998,18.307555],[73.619583,18.30756],[73.619685,18.307698],[73.619127,18.307922],[73.618661,18.308696],[73.617867,18.309032],[73.617346,18.309979],[73.616719,18.309994],[73.616188,18.309389],[73.615817,18.308436],[73.614857,18.307861],[73.614637,18.308752],[73.614251,18.309017],[73.613908,18.309042],[73.613543,18.309378],[73.613586,18.310096],[73.613366,18.310514],[73.611821,18.310514],[73.61122,18.312271],[73.6093,18.313921],[73.609337,18.31411],[73.61078,18.313137],[73.610957,18.313305],[73.611397,18.313249],[73.61166,18.31306],[73.611714,18.312587],[73.612218,18.311782],[73.61254,18.311533],[73.612744,18.311553],[73.612883,18.311639],[73.612819,18.312225],[73.612931,18.312358],[73.613232,18.312383],[73.61342,18.31221],[73.6138,18.312332],[73.614181,18.312648],[73.614594,18.313376],[73.615088,18.313519],[73.615233,18.313824],[73.615179,18.314064],[73.615544,18.314934],[73.61548,18.315113],[73.615072,18.315276],[73.614863,18.315866],[73.614879,18.315994],[73.615313,18.316024],[73.615528,18.316279],[73.615619,18.316534],[73.615437,18.317308],[73.615973,18.317389],[73.616762,18.315372],[73.616574,18.31521],[73.617008,18.315077],[73.616552,18.31471],[73.616622,18.314614],[73.617003,18.314828],[73.617261,18.314685],[73.617502,18.314838],[73.617695,18.314644],[73.618017,18.314996],[73.618124,18.314924],[73.618237,18.314532],[73.617856,18.31387],[73.617684,18.31304],[73.617899,18.312286],[73.617663,18.311991],[73.61769,18.311787],[73.619149,18.310993],[73.619868,18.310977],[73.620619,18.311533],[73.621064,18.31167],[73.621101,18.311482],[73.621665,18.31109],[73.62226,18.310911],[73.622539,18.310417],[73.622693,18.310392],[73.622995,18.31072],[73.623234,18.310725],[73.623486,18.311415],[73.624266,18.30949],[73.626112,18.309251],[73.626187,18.30863],[73.626369,18.308696],[73.626174,18.308231]]]]}},{"type":"Feature","properties":{"id":"wb_nazare","name":"Nazare Dam (Malhar Sagar)","district":"Pune","kind":"reservoir","tier":2,"drinking_water":false,"urban":false,"source":"osm","osm_id":"way/137356318","osm_name":"Malhar Sagar"},"geometry":{"type":"MultiPolygon","coordinates":[[[[74.173032,18.310795],[74.173514,18.310068],[74.173977,18.310424],[74.174511,18.31035],[74.175151,18.31002],[74.175536,18.309561],[74.175929,18.309716],[74.177126,18.308875],[74.17845,18.308794],[74.179436,18.30797],[74.180184,18.308057],[74.183084,18.306858],[74.183827,18.306723],[74.184335,18.307029],[74.184741,18.307017],[74.185103,18.3078],[74.187713,18.305878],[74.191801,18.296374],[74.192572,18.296639],[74.193112,18.295336],[74.192367,18.295057],[74.19219,18.294776],[74.192616,18.29469],[74.191227,18.294209],[74.189345,18.293079],[74.18916,18.292091],[74.188476,18.290923],[74.188574,18.290837],[74.188137,18.29038],[74.187044,18.290543],[74.186532,18.290826],[74.186291,18.291156],[74.185833,18.291097],[74.185541,18.291228],[74.184973,18.291044],[74.182687,18.289717],[74.182511,18.289515],[74.182008,18.287728],[74.18185,18.287734],[74.182006,18.288946],[74.181548,18.289063],[74.18169,18.289645],[74.181216,18.291344],[74.181276,18.291886],[74.180489,18.292329],[74.18043,18.293248],[74.179445,18.293838],[74.179056,18.294585],[74.178712,18.294909],[74.178968,18.295887],[74.179252,18.296064],[74.179291,18.296305],[74.178883,18.297199],[74.178128,18.29769],[74.177528,18.297877],[74.17683,18.296792],[74.176415,18.296789],[74.176189,18.296182],[74.175801,18.295834],[74.175808,18.296645],[74.175233,18.296958],[74.175287,18.29717],[74.17482,18.297413],[74.174704,18.29723],[74.173014,18.297587],[74.173438,18.298167],[74.174201,18.298149],[74.173649,18.298446],[74.173736,18.298675],[74.174122,18.298796],[74.174232,18.298579],[74.174776,18.298289],[74.175452,18.298368],[74.175796,18.298841],[74.175874,18.299991],[74.174802,18.3004],[74.174498,18.30031],[74.174598,18.30104],[74.174954,18.301081],[74.175014,18.301221],[74.174364,18.301236],[74.174415,18.301727],[74.173972,18.301693],[74.173815,18.301352],[74.173655,18.30133],[74.173398,18.301416],[74.173569,18.301913],[74.172694,18.301934],[74.172871,18.302393],[74.17277,18.302614],[74.172355,18.302766],[74.172453,18.303297],[74.172122,18.303744],[74.171451,18.30365],[74.171126,18.303364],[74.171412,18.303872],[74.171893,18.304135],[74.171538,18.304111],[74.171311,18.304403],[74.17138,18.305161],[74.170973,18.305165],[74.170479,18.304798],[74.169863,18.30486],[74.16984,18.305015],[74.169612,18.305054],[74.168974,18.304933],[74.168241,18.305243],[74.16818,18.305482],[74.168705,18.305597],[74.169461,18.305521],[74.170233,18.305231],[74.170705,18.305295],[74.171558,18.305653],[74.17196,18.306338],[74.172171,18.306319],[74.17228,18.306019],[74.172736,18.305801],[74.173068,18.306392],[74.173612,18.306456],[74.173748,18.306628],[74.173604,18.306884],[74.173433,18.306923],[74.173295,18.306724],[74.172774,18.306878],[74.172669,18.307213],[74.173141,18.307847],[74.17322,18.307379],[74.173804,18.30742],[74.173825,18.307947],[74.173247,18.308252],[74.17307,18.308101],[74.17278,18.308221],[74.172422,18.308129],[74.172392,18.307653],[74.172555,18.307372],[74.172366,18.307396],[74.172383,18.307274],[74.172688,18.306712],[74.172512,18.30663],[74.172169,18.307131],[74.172143,18.307858],[74.171994,18.307607],[74.171665,18.307667],[74.171253,18.308149],[74.170975,18.308141],[74.170583,18.308402],[74.170624,18.308755],[74.170827,18.308934],[74.170621,18.309088],[74.170461,18.309774],[74.170171,18.309699],[74.170027,18.30987],[74.168605,18.310248],[74.167603,18.310869],[74.167946,18.310901],[74.168034,18.311092],[74.169491,18.31036],[74.169784,18.310729],[74.169735,18.31086],[74.16998,18.310729],[74.170588,18.310864],[74.171268,18.310484],[74.171982,18.310318],[74.173032,18.310795]]]]}},{"type":"Feature","properties":{"id":"wb_kasarsai","name":"Kasarsai Reservoir","district":"Pune","kind":"reservoir","tier":2,"drinking_water":false,"urban":false,"source":"osm","osm_id":"way/41841974","osm_name":"Kasarsai Reservoir"},"geometry":{"type":"MultiPolygon","coordinates":[[[[73.637642,18.626707],[73.63614,18.6277],[73.635256,18.628586],[73.634449,18.628806],[73.634595,18.628903],[73.634878,18.628733],[73.635625,18.628676],[73.636157,18.627944],[73.636861,18.627342],[73.637282,18.627203],[73.638045,18.627358],[73.638878,18.626081],[73.639513,18.625682],[73.64032,18.62587],[73.640603,18.626244],[73.641238,18.626496],[73.642912,18.626203],[73.643032,18.626382],[73.642912,18.626577],[73.643264,18.626601],[73.64335,18.626967],[73.643745,18.626569],[73.64429,18.62676],[73.644938,18.626545],[73.646062,18.626577],[73.646895,18.626073],[73.646826,18.626699],[73.6471,18.62687],[73.647264,18.626333],[73.648259,18.626431],[73.649186,18.625829],[73.649796,18.625731],[73.65013,18.626195],[73.650989,18.626235],[73.651255,18.626447],[73.651487,18.625357],[73.652319,18.625227],[73.652851,18.624422],[73.653915,18.623877],[73.654207,18.623901],[73.654302,18.623568],[73.654834,18.623299],[73.655126,18.622494],[73.655624,18.622462],[73.65607,18.621811],[73.656447,18.62186],[73.656739,18.621697],[73.656825,18.62273],[73.65716,18.622462],[73.657392,18.622616],[73.65813,18.622527],[73.658696,18.622754],[73.659289,18.622575],[73.659383,18.622966],[73.659975,18.622738],[73.661451,18.622746],[73.661812,18.622592],[73.661966,18.622763],[73.662215,18.622738],[73.662524,18.623088],[73.662808,18.622966],[73.662928,18.623177],[73.66382,18.623096],[73.663872,18.623389],[73.664687,18.62347],[73.664619,18.622836],[73.665498,18.622615],[73.664929,18.620709],[73.664276,18.617453],[73.662689,18.614686],[73.661366,18.614889],[73.661369,18.615102],[73.660692,18.615295],[73.660576,18.615702],[73.659418,18.615583],[73.658217,18.615941],[73.658121,18.616203],[73.657383,18.616106],[73.657416,18.61675],[73.65654,18.616801],[73.655924,18.616369],[73.655383,18.615637],[73.65504,18.615654],[73.655074,18.617021],[73.654825,18.617093],[73.654413,18.617012],[73.654079,18.615963],[73.653279,18.616339],[73.653213,18.615968],[73.652199,18.616056],[73.65193,18.616337],[73.6528,18.617101],[73.652705,18.617516],[73.653109,18.617752],[73.653255,18.618395],[73.652619,18.618785],[73.652319,18.618549],[73.651916,18.618557],[73.651358,18.619542],[73.650233,18.619582],[73.650036,18.620021],[73.649049,18.620152],[73.649006,18.620908],[73.648276,18.621412],[73.648328,18.622006],[73.647684,18.622559],[73.646826,18.622901],[73.646131,18.623527],[73.646096,18.62386],[73.645478,18.624105],[73.644766,18.624088],[73.644594,18.624397],[73.644242,18.624422],[73.643933,18.624869],[73.643212,18.625146],[73.642551,18.624991],[73.642208,18.624454],[73.642208,18.624202],[73.642045,18.624178],[73.642011,18.624739],[73.639753,18.624235],[73.639728,18.62443],[73.638698,18.624853],[73.637882,18.625487],[73.637496,18.625536],[73.637247,18.626081],[73.637642,18.626707]]]]}},{"type":"Feature","properties":{"id":"wb_pashan_lake","name":"Pashan Lake","district":"Pune","kind":"lake","tier":2,"drinking_water":false,"urban":true,"source":"osm","osm_id":"relation/2794610","osm_name":"Pashan Lake"},"geometry":{"type":"MultiPolygon","coordinates":[[[[73.783493,18.536533],[73.78586,18.536657],[73.786864,18.536525],[73.789001,18.535131],[73.790272,18.533501],[73.789234,18.53316],[73.78893,18.532349],[73.788879,18.531157],[73.788623,18.530759],[73.788217,18.530777],[73.78804,18.530988],[73.78817,18.531109],[73.787978,18.531191],[73.787394,18.530779],[73.786865,18.530899],[73.786056,18.530442],[73.785954,18.530675],[73.78569,18.530545],[73.785424,18.530755],[73.784482,18.530849],[73.783995,18.530714],[73.783672,18.531092],[73.783247,18.531052],[73.7829,18.530817],[73.782502,18.531024],[73.782165,18.530777],[73.781782,18.529976],[73.781204,18.529242],[73.780977,18.529335],[73.780622,18.528775],[73.779848,18.528487],[73.778915,18.527563],[73.778221,18.528016],[73.779107,18.529141],[73.780455,18.532103],[73.781027,18.532669],[73.781823,18.533002],[73.782435,18.533497],[73.783493,18.536533]],[[73.786272,18.531462],[73.786944,18.531604],[73.787333,18.531932],[73.786367,18.531866],[73.786272,18.531462]],[[73.784245,18.532563],[73.785004,18.531945],[73.785757,18.531589],[73.785916,18.531703],[73.785905,18.532377],[73.78515,18.532549],[73.785323,18.532225],[73.785128,18.532052],[73.784955,18.532308],[73.78506,18.532693],[73.784788,18.533113],[73.784439,18.533127],[73.784245,18.532563]]]]}},{"type":"Feature","properties":{"id":"wb_katraj_lake","name":"Katraj Lake","district":"Pune","kind":"lake","tier":3,"drinking_water":false,"urban":true,"source":"osm","osm_id":"way/54937943","osm_name":"Katraj Lake"},"geometry":{"type":"MultiPolygon","coordinates":[[[[73.861787,18.456843],[73.862899,18.456482],[73.863546,18.455732],[73.86315,18.454908],[73.862649,18.454483],[73.862486,18.453449],[73.861582,18.452514],[73.861355,18.450382],[73.861237,18.450358],[73.860977,18.450457],[73.860817,18.450921],[73.859702,18.451359],[73.860183,18.451627],[73.859887,18.451973],[73.860115,18.453419],[73.860366,18.453717],[73.860516,18.454518],[73.861124,18.4556],[73.861436,18.456716],[73.861787,18.456843]]]]}},{"type":"Feature","properties":{"id":"wb_jambhulwadi","name":"Jambhulwadi Lake","district":"Pune","kind":"lake","tier":3,"drinking_water":false,"urban":true,"source":"osm","osm_id":"way/54938001","osm_name":"Jambhulwadi Lake"},"geometry":{"type":"MultiPolygon","coordinates":[[[[73.839174,18.432597],[73.839506,18.432954],[73.839847,18.433068],[73.840378,18.433724],[73.842308,18.434108],[73.843014,18.435229],[73.84442,18.43687],[73.84482,18.436889],[73.845321,18.437158],[73.84553,18.437755],[73.84524,18.438978],[73.845663,18.439219],[73.845828,18.439577],[73.845152,18.439634],[73.840488,18.439091],[73.840508,18.438298],[73.840018,18.43767],[73.839102,18.435608],[73.838945,18.43337],[73.839065,18.432835],[73.838778,18.43274],[73.839174,18.432597]]]]}},{"type":"Feature","properties":{"id":"wb_manas_lake","name":"Manas Lake (Bhugaon)","district":"Pune","kind":"lake","tier":3,"drinking_water":false,"urban":false,"source":"osm","osm_id":"way/91690071","osm_name":"Manas Lake"},"geometry":{"type":"MultiPolygon","coordinates":[[[[73.737708,18.498199],[73.739212,18.494417],[73.73856,18.494353],[73.738138,18.493568],[73.737642,18.493377],[73.737136,18.493634],[73.736591,18.493639],[73.735663,18.493058],[73.73504,18.492388],[73.734778,18.493298],[73.734462,18.493247],[73.73364,18.493916],[73.733455,18.49384],[73.733261,18.494019],[73.731975,18.49432],[73.731865,18.494566],[73.731695,18.494546],[73.731934,18.495168],[73.732177,18.495208],[73.732393,18.495674],[73.732691,18.495745],[73.732826,18.49618],[73.735983,18.497378],[73.736812,18.498234],[73.737708,18.498199]]]]}},{"type":"Feature","properties":{"id":"wb_hadshi","name":"Hadshi Talav","district":"Pune","kind":"lake","tier":3,"drinking_water":false,"urban":false,"source":"osm","osm_id":"way/116562170","osm_name":"Hadshi Talav"},"geometry":{"type":"MultiPolygon","coordinates":[[[[73.523753,18.606078],[73.523597,18.605466],[73.524278,18.605245],[73.523762,18.604917],[73.523444,18.604571],[73.523456,18.60431],[73.523243,18.604233],[73.523415,18.603804],[73.523687,18.603684],[73.524254,18.603673],[73.524574,18.60402],[73.525228,18.603908],[73.525532,18.604165],[73.525726,18.603841],[73.525988,18.603846],[73.525999,18.604208],[73.52631,18.604641],[73.526676,18.604752],[73.52665,18.604054],[73.526905,18.603731],[73.526178,18.603092],[73.526179,18.602633],[73.526089,18.60257],[73.526089,18.603093],[73.525595,18.603293],[73.52504,18.602782],[73.525276,18.602093],[73.524188,18.60135],[73.520248,18.602247],[73.519685,18.603325],[73.519047,18.604132],[73.518488,18.605809],[73.518574,18.606696],[73.517949,18.607153],[73.51709,18.607447],[73.516881,18.607758],[73.516769,18.608099],[73.516975,18.608204],[73.517341,18.607963],[73.517574,18.608015],[73.517543,18.608829],[73.517878,18.60898],[73.517787,18.609524],[73.517187,18.609738],[73.517868,18.609688],[73.518322,18.609227],[73.518379,18.608862],[73.518191,18.608839],[73.518042,18.60859],[73.518524,18.607879],[73.519283,18.607542],[73.519559,18.60764],[73.519344,18.608534],[73.519694,18.608132],[73.520105,18.608006],[73.520207,18.607616],[73.519585,18.60715],[73.521007,18.606606],[73.521353,18.606704],[73.521676,18.606176],[73.521307,18.605572],[73.521488,18.605469],[73.522328,18.605833],[73.522844,18.605721],[73.522919,18.605962],[73.522589,18.606681],[73.522965,18.606715],[73.523125,18.607105],[73.523323,18.606631],[73.523595,18.606461],[73.523753,18.606078]]]]}},{"type":"Feature","properties":{"id":"wb_shirsuphal","name":"Shirsuphal Lake (Baramati)","district":"Pune","kind":"lake","tier":3,"drinking_water":false,"urban":false,"source":"osm","osm_id":"way/753178284","osm_name":"Shirsuphal Lake"},"geometry":{"type":"MultiPolygon","coordinates":[[[[74.606899,18.337702],[74.609678,18.336104],[74.609823,18.335752],[74.610756,18.335294],[74.61081,18.33506],[74.610466,18.334886],[74.610032,18.334209],[74.608809,18.334097],[74.607806,18.332661],[74.606792,18.332065],[74.606014,18.331897],[74.604769,18.332091],[74.603997,18.331612],[74.603004,18.331556],[74.601835,18.331816],[74.600971,18.331546],[74.600821,18.331897],[74.601969,18.333675],[74.601572,18.333843],[74.600778,18.33368],[74.599142,18.334036],[74.597393,18.335727],[74.597275,18.336378],[74.597576,18.336694],[74.598166,18.336765],[74.599732,18.336083],[74.601234,18.335991],[74.601824,18.336134],[74.601342,18.336643],[74.601288,18.337],[74.60161,18.337122],[74.602243,18.336674],[74.60279,18.336704],[74.603584,18.337254],[74.603949,18.337295],[74.604388,18.337183],[74.604946,18.336399],[74.605247,18.336327],[74.606384,18.336694],[74.606824,18.337193],[74.606899,18.337702]]]]}}]}